/* Generated by tools/gen_unicode_norm.py from Unicode 15.1.0 data. */
#ifndef UNICODE_NORM_TABLES_H
#define UNICODE_NORM_TABLES_H

#include <stdint.h>

typedef struct {
    uint32_t code;
    uint32_t offset;
    uint8_t length;
    uint8_t compatibility;
} unicode_decomp_entry;

typedef struct {
    uint32_t code;
    uint8_t combining_class;
} unicode_ccc_entry;

typedef struct {
    uint32_t starter;
    uint32_t combiner;
    uint32_t composite;
} unicode_compose_entry;

#define UNICODE_NORM_VERSION "15.1.0"
#define UNICODE_DECOMP_COUNT 5857
#define UNICODE_DECOMP_DATA_COUNT 8663
#define UNICODE_CCC_COUNT 922
#define UNICODE_COMPOSE_COUNT 941

static const uint32_t unicode_decomp_data[] = {
    0x0020, 0x0020, 0x0308, 0x0061, 0x0020, 0x0304, 0x0032, 0x0033,
    0x0020, 0x0301, 0x03BC, 0x0020, 0x0327, 0x0031, 0x006F, 0x0031,
    0x2044, 0x0034, 0x0031, 0x2044, 0x0032, 0x0033, 0x2044, 0x0034,
    0x0041, 0x0300, 0x0041, 0x0301, 0x0041, 0x0302, 0x0041, 0x0303,
    0x0041, 0x0308, 0x0041, 0x030A, 0x0043, 0x0327, 0x0045, 0x0300,
    0x0045, 0x0301, 0x0045, 0x0302, 0x0045, 0x0308, 0x0049, 0x0300,
    0x0049, 0x0301, 0x0049, 0x0302, 0x0049, 0x0308, 0x004E, 0x0303,
    0x004F, 0x0300, 0x004F, 0x0301, 0x004F, 0x0302, 0x004F, 0x0303,
    0x004F, 0x0308, 0x0055, 0x0300, 0x0055, 0x0301, 0x0055, 0x0302,
    0x0055, 0x0308, 0x0059, 0x0301, 0x0061, 0x0300, 0x0061, 0x0301,
    0x0061, 0x0302, 0x0061, 0x0303, 0x0061, 0x0308, 0x0061, 0x030A,
    0x0063, 0x0327, 0x0065, 0x0300, 0x0065, 0x0301, 0x0065, 0x0302,
    0x0065, 0x0308, 0x0069, 0x0300, 0x0069, 0x0301, 0x0069, 0x0302,
    0x0069, 0x0308, 0x006E, 0x0303, 0x006F, 0x0300, 0x006F, 0x0301,
    0x006F, 0x0302, 0x006F, 0x0303, 0x006F, 0x0308, 0x0075, 0x0300,
    0x0075, 0x0301, 0x0075, 0x0302, 0x0075, 0x0308, 0x0079, 0x0301,
    0x0079, 0x0308, 0x0041, 0x0304, 0x0061, 0x0304, 0x0041, 0x0306,
    0x0061, 0x0306, 0x0041, 0x0328, 0x0061, 0x0328, 0x0043, 0x0301,
    0x0063, 0x0301, 0x0043, 0x0302, 0x0063, 0x0302, 0x0043, 0x0307,
    0x0063, 0x0307, 0x0043, 0x030C, 0x0063, 0x030C, 0x0044, 0x030C,
    0x0064, 0x030C, 0x0045, 0x0304, 0x0065, 0x0304, 0x0045, 0x0306,
    0x0065, 0x0306, 0x0045, 0x0307, 0x0065, 0x0307, 0x0045, 0x0328,
    0x0065, 0x0328, 0x0045, 0x030C, 0x0065, 0x030C, 0x0047, 0x0302,
    0x0067, 0x0302, 0x0047, 0x0306, 0x0067, 0x0306, 0x0047, 0x0307,
    0x0067, 0x0307, 0x0047, 0x0327, 0x0067, 0x0327, 0x0048, 0x0302,
    0x0068, 0x0302, 0x0049, 0x0303, 0x0069, 0x0303, 0x0049, 0x0304,
    0x0069, 0x0304, 0x0049, 0x0306, 0x0069, 0x0306, 0x0049, 0x0328,
    0x0069, 0x0328, 0x0049, 0x0307, 0x0049, 0x004A, 0x0069, 0x006A,
    0x004A, 0x0302, 0x006A, 0x0302, 0x004B, 0x0327, 0x006B, 0x0327,
    0x004C, 0x0301, 0x006C, 0x0301, 0x004C, 0x0327, 0x006C, 0x0327,
    0x004C, 0x030C, 0x006C, 0x030C, 0x004C, 0x00B7, 0x006C, 0x00B7,
    0x004E, 0x0301, 0x006E, 0x0301, 0x004E, 0x0327, 0x006E, 0x0327,
    0x004E, 0x030C, 0x006E, 0x030C, 0x02BC, 0x006E, 0x004F, 0x0304,
    0x006F, 0x0304, 0x004F, 0x0306, 0x006F, 0x0306, 0x004F, 0x030B,
    0x006F, 0x030B, 0x0052, 0x0301, 0x0072, 0x0301, 0x0052, 0x0327,
    0x0072, 0x0327, 0x0052, 0x030C, 0x0072, 0x030C, 0x0053, 0x0301,
    0x0073, 0x0301, 0x0053, 0x0302, 0x0073, 0x0302, 0x0053, 0x0327,
    0x0073, 0x0327, 0x0053, 0x030C, 0x0073, 0x030C, 0x0054, 0x0327,
    0x0074, 0x0327, 0x0054, 0x030C, 0x0074, 0x030C, 0x0055, 0x0303,
    0x0075, 0x0303, 0x0055, 0x0304, 0x0075, 0x0304, 0x0055, 0x0306,
    0x0075, 0x0306, 0x0055, 0x030A, 0x0075, 0x030A, 0x0055, 0x030B,
    0x0075, 0x030B, 0x0055, 0x0328, 0x0075, 0x0328, 0x0057, 0x0302,
    0x0077, 0x0302, 0x0059, 0x0302, 0x0079, 0x0302, 0x0059, 0x0308,
    0x005A, 0x0301, 0x007A, 0x0301, 0x005A, 0x0307, 0x007A, 0x0307,
    0x005A, 0x030C, 0x007A, 0x030C, 0x0073, 0x004F, 0x031B, 0x006F,
    0x031B, 0x0055, 0x031B, 0x0075, 0x031B, 0x0044, 0x017D, 0x0044,
    0x017E, 0x0064, 0x017E, 0x004C, 0x004A, 0x004C, 0x006A, 0x006C,
    0x006A, 0x004E, 0x004A, 0x004E, 0x006A, 0x006E, 0x006A, 0x0041,
    0x030C, 0x0061, 0x030C, 0x0049, 0x030C, 0x0069, 0x030C, 0x004F,
    0x030C, 0x006F, 0x030C, 0x0055, 0x030C, 0x0075, 0x030C, 0x00DC,
    0x0304, 0x00FC, 0x0304, 0x00DC, 0x0301, 0x00FC, 0x0301, 0x00DC,
    0x030C, 0x00FC, 0x030C, 0x00DC, 0x0300, 0x00FC, 0x0300, 0x00C4,
    0x0304, 0x00E4, 0x0304, 0x0226, 0x0304, 0x0227, 0x0304, 0x00C6,
    0x0304, 0x00E6, 0x0304, 0x0047, 0x030C, 0x0067, 0x030C, 0x004B,
    0x030C, 0x006B, 0x030C, 0x004F, 0x0328, 0x006F, 0x0328, 0x01EA,
    0x0304, 0x01EB, 0x0304, 0x01B7, 0x030C, 0x0292, 0x030C, 0x006A,
    0x030C, 0x0044, 0x005A, 0x0044, 0x007A, 0x0064, 0x007A, 0x0047,
    0x0301, 0x0067, 0x0301, 0x004E, 0x0300, 0x006E, 0x0300, 0x00C5,
    0x0301, 0x00E5, 0x0301, 0x00C6, 0x0301, 0x00E6, 0x0301, 0x00D8,
    0x0301, 0x00F8, 0x0301, 0x0041, 0x030F, 0x0061, 0x030F, 0x0041,
    0x0311, 0x0061, 0x0311, 0x0045, 0x030F, 0x0065, 0x030F, 0x0045,
    0x0311, 0x0065, 0x0311, 0x0049, 0x030F, 0x0069, 0x030F, 0x0049,
    0x0311, 0x0069, 0x0311, 0x004F, 0x030F, 0x006F, 0x030F, 0x004F,
    0x0311, 0x006F, 0x0311, 0x0052, 0x030F, 0x0072, 0x030F, 0x0052,
    0x0311, 0x0072, 0x0311, 0x0055, 0x030F, 0x0075, 0x030F, 0x0055,
    0x0311, 0x0075, 0x0311, 0x0053, 0x0326, 0x0073, 0x0326, 0x0054,
    0x0326, 0x0074, 0x0326, 0x0048, 0x030C, 0x0068, 0x030C, 0x0041,
    0x0307, 0x0061, 0x0307, 0x0045, 0x0327, 0x0065, 0x0327, 0x00D6,
    0x0304, 0x00F6, 0x0304, 0x00D5, 0x0304, 0x00F5, 0x0304, 0x004F,
    0x0307, 0x006F, 0x0307, 0x022E, 0x0304, 0x022F, 0x0304, 0x0059,
    0x0304, 0x0079, 0x0304, 0x0068, 0x0266, 0x006A, 0x0072, 0x0279,
    0x027B, 0x0281, 0x0077, 0x0079, 0x0020, 0x0306, 0x0020, 0x0307,
    0x0020, 0x030A, 0x0020, 0x0328, 0x0020, 0x0303, 0x0020, 0x030B,
    0x0263, 0x006C, 0x0073, 0x0078, 0x0295, 0x0300, 0x0301, 0x0313,
    0x0308, 0x0301, 0x02B9, 0x0020, 0x0345, 0x003B, 0x0020, 0x0301,
    0x00A8, 0x0301, 0x0391, 0x0301, 0x00B7, 0x0395, 0x0301, 0x0397,
    0x0301, 0x0399, 0x0301, 0x039F, 0x0301, 0x03A5, 0x0301, 0x03A9,
    0x0301, 0x03CA, 0x0301, 0x0399, 0x0308, 0x03A5, 0x0308, 0x03B1,
    0x0301, 0x03B5, 0x0301, 0x03B7, 0x0301, 0x03B9, 0x0301, 0x03CB,
    0x0301, 0x03B9, 0x0308, 0x03C5, 0x0308, 0x03BF, 0x0301, 0x03C5,
    0x0301, 0x03C9, 0x0301, 0x03B2, 0x03B8, 0x03A5, 0x03D2, 0x0301,
    0x03D2, 0x0308, 0x03C6, 0x03C0, 0x03BA, 0x03C1, 0x03C2, 0x0398,
    0x03B5, 0x03A3, 0x0415, 0x0300, 0x0415, 0x0308, 0x0413, 0x0301,
    0x0406, 0x0308, 0x041A, 0x0301, 0x0418, 0x0300, 0x0423, 0x0306,
    0x0418, 0x0306, 0x0438, 0x0306, 0x0435, 0x0300, 0x0435, 0x0308,
    0x0433, 0x0301, 0x0456, 0x0308, 0x043A, 0x0301, 0x0438, 0x0300,
    0x0443, 0x0306, 0x0474, 0x030F, 0x0475, 0x030F, 0x0416, 0x0306,
    0x0436, 0x0306, 0x0410, 0x0306, 0x0430, 0x0306, 0x0410, 0x0308,
    0x0430, 0x0308, 0x0415, 0x0306, 0x0435, 0x0306, 0x04D8, 0x0308,
    0x04D9, 0x0308, 0x0416, 0x0308, 0x0436, 0x0308, 0x0417, 0x0308,
    0x0437, 0x0308, 0x0418, 0x0304, 0x0438, 0x0304, 0x0418, 0x0308,
    0x0438, 0x0308, 0x041E, 0x0308, 0x043E, 0x0308, 0x04E8, 0x0308,
    0x04E9, 0x0308, 0x042D, 0x0308, 0x044D, 0x0308, 0x0423, 0x0304,
    0x0443, 0x0304, 0x0423, 0x0308, 0x0443, 0x0308, 0x0423, 0x030B,
    0x0443, 0x030B, 0x0427, 0x0308, 0x0447, 0x0308, 0x042B, 0x0308,
    0x044B, 0x0308, 0x0565, 0x0582, 0x0627, 0x0653, 0x0627, 0x0654,
    0x0648, 0x0654, 0x0627, 0x0655, 0x064A, 0x0654, 0x0627, 0x0674,
    0x0648, 0x0674, 0x06C7, 0x0674, 0x064A, 0x0674, 0x06D5, 0x0654,
    0x06C1, 0x0654, 0x06D2, 0x0654, 0x0928, 0x093C, 0x0930, 0x093C,
    0x0933, 0x093C, 0x0915, 0x093C, 0x0916, 0x093C, 0x0917, 0x093C,
    0x091C, 0x093C, 0x0921, 0x093C, 0x0922, 0x093C, 0x092B, 0x093C,
    0x092F, 0x093C, 0x09C7, 0x09BE, 0x09C7, 0x09D7, 0x09A1, 0x09BC,
    0x09A2, 0x09BC, 0x09AF, 0x09BC, 0x0A32, 0x0A3C, 0x0A38, 0x0A3C,
    0x0A16, 0x0A3C, 0x0A17, 0x0A3C, 0x0A1C, 0x0A3C, 0x0A2B, 0x0A3C,
    0x0B47, 0x0B56, 0x0B47, 0x0B3E, 0x0B47, 0x0B57, 0x0B21, 0x0B3C,
    0x0B22, 0x0B3C, 0x0B92, 0x0BD7, 0x0BC6, 0x0BBE, 0x0BC7, 0x0BBE,
    0x0BC6, 0x0BD7, 0x0C46, 0x0C56, 0x0CBF, 0x0CD5, 0x0CC6, 0x0CD5,
    0x0CC6, 0x0CD6, 0x0CC6, 0x0CC2, 0x0CCA, 0x0CD5, 0x0D46, 0x0D3E,
    0x0D47, 0x0D3E, 0x0D46, 0x0D57, 0x0DD9, 0x0DCA, 0x0DD9, 0x0DCF,
    0x0DDC, 0x0DCA, 0x0DD9, 0x0DDF, 0x0E4D, 0x0E32, 0x0ECD, 0x0EB2,
    0x0EAB, 0x0E99, 0x0EAB, 0x0EA1, 0x0F0B, 0x0F42, 0x0FB7, 0x0F4C,
    0x0FB7, 0x0F51, 0x0FB7, 0x0F56, 0x0FB7, 0x0F5B, 0x0FB7, 0x0F40,
    0x0FB5, 0x0F71, 0x0F72, 0x0F71, 0x0F74, 0x0FB2, 0x0F80, 0x0FB2,
    0x0F81, 0x0FB3, 0x0F80, 0x0FB3, 0x0F81, 0x0F71, 0x0F80, 0x0F92,
    0x0FB7, 0x0F9C, 0x0FB7, 0x0FA1, 0x0FB7, 0x0FA6, 0x0FB7, 0x0FAB,
    0x0FB7, 0x0F90, 0x0FB5, 0x1025, 0x102E, 0x10DC, 0x1B05, 0x1B35,
    0x1B07, 0x1B35, 0x1B09, 0x1B35, 0x1B0B, 0x1B35, 0x1B0D, 0x1B35,
    0x1B11, 0x1B35, 0x1B3A, 0x1B35, 0x1B3C, 0x1B35, 0x1B3E, 0x1B35,
    0x1B3F, 0x1B35, 0x1B42, 0x1B35, 0x0041, 0x00C6, 0x0042, 0x0044,
    0x0045, 0x018E, 0x0047, 0x0048, 0x0049, 0x004A, 0x004B, 0x004C,
    0x004D, 0x004E, 0x004F, 0x0222, 0x0050, 0x0052, 0x0054, 0x0055,
    0x0057, 0x0061, 0x0250, 0x0251, 0x1D02, 0x0062, 0x0064, 0x0065,
    0x0259, 0x025B, 0x025C, 0x0067, 0x006B, 0x006D, 0x014B, 0x006F,
    0x0254, 0x1D16, 0x1D17, 0x0070, 0x0074, 0x0075, 0x1D1D, 0x026F,
    0x0076, 0x1D25, 0x03B2, 0x03B3, 0x03B4, 0x03C6, 0x03C7, 0x0069,
    0x0072, 0x0075, 0x0076, 0x03B2, 0x03B3, 0x03C1, 0x03C6, 0x03C7,
    0x043D, 0x0252, 0x0063, 0x0255, 0x00F0, 0x025C, 0x0066, 0x025F,
    0x0261, 0x0265, 0x0268, 0x0269, 0x026A, 0x1D7B, 0x029D, 0x026D,
    0x1D85, 0x029F, 0x0271, 0x0270, 0x0272, 0x0273, 0x0274, 0x0275,
    0x0278, 0x0282, 0x0283, 0x01AB, 0x0289, 0x028A, 0x1D1C, 0x028B,
    0x028C, 0x007A, 0x0290, 0x0291, 0x0292, 0x03B8, 0x0041, 0x0325,
    0x0061, 0x0325, 0x0042, 0x0307, 0x0062, 0x0307, 0x0042, 0x0323,
    0x0062, 0x0323, 0x0042, 0x0331, 0x0062, 0x0331, 0x00C7, 0x0301,
    0x00E7, 0x0301, 0x0044, 0x0307, 0x0064, 0x0307, 0x0044, 0x0323,
    0x0064, 0x0323, 0x0044, 0x0331, 0x0064, 0x0331, 0x0044, 0x0327,
    0x0064, 0x0327, 0x0044, 0x032D, 0x0064, 0x032D, 0x0112, 0x0300,
    0x0113, 0x0300, 0x0112, 0x0301, 0x0113, 0x0301, 0x0045, 0x032D,
    0x0065, 0x032D, 0x0045, 0x0330, 0x0065, 0x0330, 0x0228, 0x0306,
    0x0229, 0x0306, 0x0046, 0x0307, 0x0066, 0x0307, 0x0047, 0x0304,
    0x0067, 0x0304, 0x0048, 0x0307, 0x0068, 0x0307, 0x0048, 0x0323,
    0x0068, 0x0323, 0x0048, 0x0308, 0x0068, 0x0308, 0x0048, 0x0327,
    0x0068, 0x0327, 0x0048, 0x032E, 0x0068, 0x032E, 0x0049, 0x0330,
    0x0069, 0x0330, 0x00CF, 0x0301, 0x00EF, 0x0301, 0x004B, 0x0301,
    0x006B, 0x0301, 0x004B, 0x0323, 0x006B, 0x0323, 0x004B, 0x0331,
    0x006B, 0x0331, 0x004C, 0x0323, 0x006C, 0x0323, 0x1E36, 0x0304,
    0x1E37, 0x0304, 0x004C, 0x0331, 0x006C, 0x0331, 0x004C, 0x032D,
    0x006C, 0x032D, 0x004D, 0x0301, 0x006D, 0x0301, 0x004D, 0x0307,
    0x006D, 0x0307, 0x004D, 0x0323, 0x006D, 0x0323, 0x004E, 0x0307,
    0x006E, 0x0307, 0x004E, 0x0323, 0x006E, 0x0323, 0x004E, 0x0331,
    0x006E, 0x0331, 0x004E, 0x032D, 0x006E, 0x032D, 0x00D5, 0x0301,
    0x00F5, 0x0301, 0x00D5, 0x0308, 0x00F5, 0x0308, 0x014C, 0x0300,
    0x014D, 0x0300, 0x014C, 0x0301, 0x014D, 0x0301, 0x0050, 0x0301,
    0x0070, 0x0301, 0x0050, 0x0307, 0x0070, 0x0307, 0x0052, 0x0307,
    0x0072, 0x0307, 0x0052, 0x0323, 0x0072, 0x0323, 0x1E5A, 0x0304,
    0x1E5B, 0x0304, 0x0052, 0x0331, 0x0072, 0x0331, 0x0053, 0x0307,
    0x0073, 0x0307, 0x0053, 0x0323, 0x0073, 0x0323, 0x015A, 0x0307,
    0x015B, 0x0307, 0x0160, 0x0307, 0x0161, 0x0307, 0x1E62, 0x0307,
    0x1E63, 0x0307, 0x0054, 0x0307, 0x0074, 0x0307, 0x0054, 0x0323,
    0x0074, 0x0323, 0x0054, 0x0331, 0x0074, 0x0331, 0x0054, 0x032D,
    0x0074, 0x032D, 0x0055, 0x0324, 0x0075, 0x0324, 0x0055, 0x0330,
    0x0075, 0x0330, 0x0055, 0x032D, 0x0075, 0x032D, 0x0168, 0x0301,
    0x0169, 0x0301, 0x016A, 0x0308, 0x016B, 0x0308, 0x0056, 0x0303,
    0x0076, 0x0303, 0x0056, 0x0323, 0x0076, 0x0323, 0x0057, 0x0300,
    0x0077, 0x0300, 0x0057, 0x0301, 0x0077, 0x0301, 0x0057, 0x0308,
    0x0077, 0x0308, 0x0057, 0x0307, 0x0077, 0x0307, 0x0057, 0x0323,
    0x0077, 0x0323, 0x0058, 0x0307, 0x0078, 0x0307, 0x0058, 0x0308,
    0x0078, 0x0308, 0x0059, 0x0307, 0x0079, 0x0307, 0x005A, 0x0302,
    0x007A, 0x0302, 0x005A, 0x0323, 0x007A, 0x0323, 0x005A, 0x0331,
    0x007A, 0x0331, 0x0068, 0x0331, 0x0074, 0x0308, 0x0077, 0x030A,
    0x0079, 0x030A, 0x0061, 0x02BE, 0x017F, 0x0307, 0x0041, 0x0323,
    0x0061, 0x0323, 0x0041, 0x0309, 0x0061, 0x0309, 0x00C2, 0x0301,
    0x00E2, 0x0301, 0x00C2, 0x0300, 0x00E2, 0x0300, 0x00C2, 0x0309,
    0x00E2, 0x0309, 0x00C2, 0x0303, 0x00E2, 0x0303, 0x1EA0, 0x0302,
    0x1EA1, 0x0302, 0x0102, 0x0301, 0x0103, 0x0301, 0x0102, 0x0300,
    0x0103, 0x0300, 0x0102, 0x0309, 0x0103, 0x0309, 0x0102, 0x0303,
    0x0103, 0x0303, 0x1EA0, 0x0306, 0x1EA1, 0x0306, 0x0045, 0x0323,
    0x0065, 0x0323, 0x0045, 0x0309, 0x0065, 0x0309, 0x0045, 0x0303,
    0x0065, 0x0303, 0x00CA, 0x0301, 0x00EA, 0x0301, 0x00CA, 0x0300,
    0x00EA, 0x0300, 0x00CA, 0x0309, 0x00EA, 0x0309, 0x00CA, 0x0303,
    0x00EA, 0x0303, 0x1EB8, 0x0302, 0x1EB9, 0x0302, 0x0049, 0x0309,
    0x0069, 0x0309, 0x0049, 0x0323, 0x0069, 0x0323, 0x004F, 0x0323,
    0x006F, 0x0323, 0x004F, 0x0309, 0x006F, 0x0309, 0x00D4, 0x0301,
    0x00F4, 0x0301, 0x00D4, 0x0300, 0x00F4, 0x0300, 0x00D4, 0x0309,
    0x00F4, 0x0309, 0x00D4, 0x0303, 0x00F4, 0x0303, 0x1ECC, 0x0302,
    0x1ECD, 0x0302, 0x01A0, 0x0301, 0x01A1, 0x0301, 0x01A0, 0x0300,
    0x01A1, 0x0300, 0x01A0, 0x0309, 0x01A1, 0x0309, 0x01A0, 0x0303,
    0x01A1, 0x0303, 0x01A0, 0x0323, 0x01A1, 0x0323, 0x0055, 0x0323,
    0x0075, 0x0323, 0x0055, 0x0309, 0x0075, 0x0309, 0x01AF, 0x0301,
    0x01B0, 0x0301, 0x01AF, 0x0300, 0x01B0, 0x0300, 0x01AF, 0x0309,
    0x01B0, 0x0309, 0x01AF, 0x0303, 0x01B0, 0x0303, 0x01AF, 0x0323,
    0x01B0, 0x0323, 0x0059, 0x0300, 0x0079, 0x0300, 0x0059, 0x0323,
    0x0079, 0x0323, 0x0059, 0x0309, 0x0079, 0x0309, 0x0059, 0x0303,
    0x0079, 0x0303, 0x03B1, 0x0313, 0x03B1, 0x0314, 0x1F00, 0x0300,
    0x1F01, 0x0300, 0x1F00, 0x0301, 0x1F01, 0x0301, 0x1F00, 0x0342,
    0x1F01, 0x0342, 0x0391, 0x0313, 0x0391, 0x0314, 0x1F08, 0x0300,
    0x1F09, 0x0300, 0x1F08, 0x0301, 0x1F09, 0x0301, 0x1F08, 0x0342,
    0x1F09, 0x0342, 0x03B5, 0x0313, 0x03B5, 0x0314, 0x1F10, 0x0300,
    0x1F11, 0x0300, 0x1F10, 0x0301, 0x1F11, 0x0301, 0x0395, 0x0313,
    0x0395, 0x0314, 0x1F18, 0x0300, 0x1F19, 0x0300, 0x1F18, 0x0301,
    0x1F19, 0x0301, 0x03B7, 0x0313, 0x03B7, 0x0314, 0x1F20, 0x0300,
    0x1F21, 0x0300, 0x1F20, 0x0301, 0x1F21, 0x0301, 0x1F20, 0x0342,
    0x1F21, 0x0342, 0x0397, 0x0313, 0x0397, 0x0314, 0x1F28, 0x0300,
    0x1F29, 0x0300, 0x1F28, 0x0301, 0x1F29, 0x0301, 0x1F28, 0x0342,
    0x1F29, 0x0342, 0x03B9, 0x0313, 0x03B9, 0x0314, 0x1F30, 0x0300,
    0x1F31, 0x0300, 0x1F30, 0x0301, 0x1F31, 0x0301, 0x1F30, 0x0342,
    0x1F31, 0x0342, 0x0399, 0x0313, 0x0399, 0x0314, 0x1F38, 0x0300,
    0x1F39, 0x0300, 0x1F38, 0x0301, 0x1F39, 0x0301, 0x1F38, 0x0342,
    0x1F39, 0x0342, 0x03BF, 0x0313, 0x03BF, 0x0314, 0x1F40, 0x0300,
    0x1F41, 0x0300, 0x1F40, 0x0301, 0x1F41, 0x0301, 0x039F, 0x0313,
    0x039F, 0x0314, 0x1F48, 0x0300, 0x1F49, 0x0300, 0x1F48, 0x0301,
    0x1F49, 0x0301, 0x03C5, 0x0313, 0x03C5, 0x0314, 0x1F50, 0x0300,
    0x1F51, 0x0300, 0x1F50, 0x0301, 0x1F51, 0x0301, 0x1F50, 0x0342,
    0x1F51, 0x0342, 0x03A5, 0x0314, 0x1F59, 0x0300, 0x1F59, 0x0301,
    0x1F59, 0x0342, 0x03C9, 0x0313, 0x03C9, 0x0314, 0x1F60, 0x0300,
    0x1F61, 0x0300, 0x1F60, 0x0301, 0x1F61, 0x0301, 0x1F60, 0x0342,
    0x1F61, 0x0342, 0x03A9, 0x0313, 0x03A9, 0x0314, 0x1F68, 0x0300,
    0x1F69, 0x0300, 0x1F68, 0x0301, 0x1F69, 0x0301, 0x1F68, 0x0342,
    0x1F69, 0x0342, 0x03B1, 0x0300, 0x03AC, 0x03B5, 0x0300, 0x03AD,
    0x03B7, 0x0300, 0x03AE, 0x03B9, 0x0300, 0x03AF, 0x03BF, 0x0300,
    0x03CC, 0x03C5, 0x0300, 0x03CD, 0x03C9, 0x0300, 0x03CE, 0x1F00,
    0x0345, 0x1F01, 0x0345, 0x1F02, 0x0345, 0x1F03, 0x0345, 0x1F04,
    0x0345, 0x1F05, 0x0345, 0x1F06, 0x0345, 0x1F07, 0x0345, 0x1F08,
    0x0345, 0x1F09, 0x0345, 0x1F0A, 0x0345, 0x1F0B, 0x0345, 0x1F0C,
    0x0345, 0x1F0D, 0x0345, 0x1F0E, 0x0345, 0x1F0F, 0x0345, 0x1F20,
    0x0345, 0x1F21, 0x0345, 0x1F22, 0x0345, 0x1F23, 0x0345, 0x1F24,
    0x0345, 0x1F25, 0x0345, 0x1F26, 0x0345, 0x1F27, 0x0345, 0x1F28,
    0x0345, 0x1F29, 0x0345, 0x1F2A, 0x0345, 0x1F2B, 0x0345, 0x1F2C,
    0x0345, 0x1F2D, 0x0345, 0x1F2E, 0x0345, 0x1F2F, 0x0345, 0x1F60,
    0x0345, 0x1F61, 0x0345, 0x1F62, 0x0345, 0x1F63, 0x0345, 0x1F64,
    0x0345, 0x1F65, 0x0345, 0x1F66, 0x0345, 0x1F67, 0x0345, 0x1F68,
    0x0345, 0x1F69, 0x0345, 0x1F6A, 0x0345, 0x1F6B, 0x0345, 0x1F6C,
    0x0345, 0x1F6D, 0x0345, 0x1F6E, 0x0345, 0x1F6F, 0x0345, 0x03B1,
    0x0306, 0x03B1, 0x0304, 0x1F70, 0x0345, 0x03B1, 0x0345, 0x03AC,
    0x0345, 0x03B1, 0x0342, 0x1FB6, 0x0345, 0x0391, 0x0306, 0x0391,
    0x0304, 0x0391, 0x0300, 0x0386, 0x0391, 0x0345, 0x0020, 0x0313,
    0x03B9, 0x0020, 0x0313, 0x0020, 0x0342, 0x00A8, 0x0342, 0x1F74,
    0x0345, 0x03B7, 0x0345, 0x03AE, 0x0345, 0x03B7, 0x0342, 0x1FC6,
    0x0345, 0x0395, 0x0300, 0x0388, 0x0397, 0x0300, 0x0389, 0x0397,
    0x0345, 0x1FBF, 0x0300, 0x1FBF, 0x0301, 0x1FBF, 0x0342, 0x03B9,
    0x0306, 0x03B9, 0x0304, 0x03CA, 0x0300, 0x0390, 0x03B9, 0x0342,
    0x03CA, 0x0342, 0x0399, 0x0306, 0x0399, 0x0304, 0x0399, 0x0300,
    0x038A, 0x1FFE, 0x0300, 0x1FFE, 0x0301, 0x1FFE, 0x0342, 0x03C5,
    0x0306, 0x03C5, 0x0304, 0x03CB, 0x0300, 0x03B0, 0x03C1, 0x0313,
    0x03C1, 0x0314, 0x03C5, 0x0342, 0x03CB, 0x0342, 0x03A5, 0x0306,
    0x03A5, 0x0304, 0x03A5, 0x0300, 0x038E, 0x03A1, 0x0314, 0x00A8,
    0x0300, 0x0385, 0x0060, 0x1F7C, 0x0345, 0x03C9, 0x0345, 0x03CE,
    0x0345, 0x03C9, 0x0342, 0x1FF6, 0x0345, 0x039F, 0x0300, 0x038C,
    0x03A9, 0x0300, 0x038F, 0x03A9, 0x0345, 0x00B4, 0x0020, 0x0314,
    0x2002, 0x2003, 0x0020, 0x0020, 0x0020, 0x0020, 0x0020, 0x0020,
    0x0020, 0x0020, 0x0020, 0x2010, 0x0020, 0x0333, 0x002E, 0x002E,
    0x002E, 0x002E, 0x002E, 0x002E, 0x0020, 0x2032, 0x2032, 0x2032,
    0x2032, 0x2032, 0x2035, 0x2035, 0x2035, 0x2035, 0x2035, 0x0021,
    0x0021, 0x0020, 0x0305, 0x003F, 0x003F, 0x003F, 0x0021, 0x0021,
    0x003F, 0x2032, 0x2032, 0x2032, 0x2032, 0x0020, 0x0030, 0x0069,
    0x0034, 0x0035, 0x0036, 0x0037, 0x0038, 0x0039, 0x002B, 0x2212,
    0x003D, 0x0028, 0x0029, 0x006E, 0x0030, 0x0031, 0x0032, 0x0033,
    0x0034, 0x0035, 0x0036, 0x0037, 0x0038, 0x0039, 0x002B, 0x2212,
    0x003D, 0x0028, 0x0029, 0x0061, 0x0065, 0x006F, 0x0078, 0x0259,
    0x0068, 0x006B, 0x006C, 0x006D, 0x006E, 0x0070, 0x0073, 0x0074,
    0x0052, 0x0073, 0x0061, 0x002F, 0x0063, 0x0061, 0x002F, 0x0073,
    0x0043, 0x00B0, 0x0043, 0x0063, 0x002F, 0x006F, 0x0063, 0x002F,
    0x0075, 0x0190, 0x00B0, 0x0046, 0x0067, 0x0048, 0x0048, 0x0048,
    0x0068, 0x0127, 0x0049, 0x0049, 0x004C, 0x006C, 0x004E, 0x004E,
    0x006F, 0x0050, 0x0051, 0x0052, 0x0052, 0x0052, 0x0053, 0x004D,
    0x0054, 0x0045, 0x004C, 0x0054, 0x004D, 0x005A, 0x03A9, 0x005A,
    0x004B, 0x00C5, 0x0042, 0x0043, 0x0065, 0x0045, 0x0046, 0x004D,
    0x006F, 0x05D0, 0x05D1, 0x05D2, 0x05D3, 0x0069, 0x0046, 0x0041,
    0x0058, 0x03C0, 0x03B3, 0x0393, 0x03A0, 0x2211, 0x0044, 0x0064,
    0x0065, 0x0069, 0x006A, 0x0031, 0x2044, 0x0037, 0x0031, 0x2044,
    0x0039, 0x0031, 0x2044, 0x0031, 0x0030, 0x0031, 0x2044, 0x0033,
    0x0032, 0x2044, 0x0033, 0x0031, 0x2044, 0x0035, 0x0032, 0x2044,
    0x0035, 0x0033, 0x2044, 0x0035, 0x0034, 0x2044, 0x0035, 0x0031,
    0x2044, 0x0036, 0x0035, 0x2044, 0x0036, 0x0031, 0x2044, 0x0038,
    0x0033, 0x2044, 0x0038, 0x0035, 0x2044, 0x0038, 0x0037, 0x2044,
    0x0038, 0x0031, 0x2044, 0x0049, 0x0049, 0x0049, 0x0049, 0x0049,
    0x0049, 0x0049, 0x0056, 0x0056, 0x0056, 0x0049, 0x0056, 0x0049,
    0x0049, 0x0056, 0x0049, 0x0049, 0x0049, 0x0049, 0x0058, 0x0058,
    0x0058, 0x0049, 0x0058, 0x0049, 0x0049, 0x004C, 0x0043, 0x0044,
    0x004D, 0x0069, 0x0069, 0x0069, 0x0069, 0x0069, 0x0069, 0x0069,
    0x0076, 0x0076, 0x0076, 0x0069, 0x0076, 0x0069, 0x0069, 0x0076,
    0x0069, 0x0069, 0x0069, 0x0069, 0x0078, 0x0078, 0x0078, 0x0069,
    0x0078, 0x0069, 0x0069, 0x006C, 0x0063, 0x0064, 0x006D, 0x0030,
    0x2044, 0x0033, 0x2190, 0x0338, 0x2192, 0x0338, 0x2194, 0x0338,
    0x21D0, 0x0338, 0x21D4, 0x0338, 0x21D2, 0x0338, 0x2203, 0x0338,
    0x2208, 0x0338, 0x220B, 0x0338, 0x2223, 0x0338, 0x2225, 0x0338,
    0x222B, 0x222B, 0x222B, 0x222B, 0x222B, 0x222E, 0x222E, 0x222E,
    0x222E, 0x222E, 0x223C, 0x0338, 0x2243, 0x0338, 0x2245, 0x0338,
    0x2248, 0x0338, 0x003D, 0x0338, 0x2261, 0x0338, 0x224D, 0x0338,
    0x003C, 0x0338, 0x003E, 0x0338, 0x2264, 0x0338, 0x2265, 0x0338,
    0x2272, 0x0338, 0x2273, 0x0338, 0x2276, 0x0338, 0x2277, 0x0338,
    0x227A, 0x0338, 0x227B, 0x0338, 0x2282, 0x0338, 0x2283, 0x0338,
    0x2286, 0x0338, 0x2287, 0x0338, 0x22A2, 0x0338, 0x22A8, 0x0338,
    0x22A9, 0x0338, 0x22AB, 0x0338, 0x227C, 0x0338, 0x227D, 0x0338,
    0x2291, 0x0338, 0x2292, 0x0338, 0x22B2, 0x0338, 0x22B3, 0x0338,
    0x22B4, 0x0338, 0x22B5, 0x0338, 0x3008, 0x3009, 0x0031, 0x0032,
    0x0033, 0x0034, 0x0035, 0x0036, 0x0037, 0x0038, 0x0039, 0x0031,
    0x0030, 0x0031, 0x0031, 0x0031, 0x0032, 0x0031, 0x0033, 0x0031,
    0x0034, 0x0031, 0x0035, 0x0031, 0x0036, 0x0031, 0x0037, 0x0031,
    0x0038, 0x0031, 0x0039, 0x0032, 0x0030, 0x0028, 0x0031, 0x0029,
    0x0028, 0x0032, 0x0029, 0x0028, 0x0033, 0x0029, 0x0028, 0x0034,
    0x0029, 0x0028, 0x0035, 0x0029, 0x0028, 0x0036, 0x0029, 0x0028,
    0x0037, 0x0029, 0x0028, 0x0038, 0x0029, 0x0028, 0x0039, 0x0029,
    0x0028, 0x0031, 0x0030, 0x0029, 0x0028, 0x0031, 0x0031, 0x0029,
    0x0028, 0x0031, 0x0032, 0x0029, 0x0028, 0x0031, 0x0033, 0x0029,
    0x0028, 0x0031, 0x0034, 0x0029, 0x0028, 0x0031, 0x0035, 0x0029,
    0x0028, 0x0031, 0x0036, 0x0029, 0x0028, 0x0031, 0x0037, 0x0029,
    0x0028, 0x0031, 0x0038, 0x0029, 0x0028, 0x0031, 0x0039, 0x0029,
    0x0028, 0x0032, 0x0030, 0x0029, 0x0031, 0x002E, 0x0032, 0x002E,
    0x0033, 0x002E, 0x0034, 0x002E, 0x0035, 0x002E, 0x0036, 0x002E,
    0x0037, 0x002E, 0x0038, 0x002E, 0x0039, 0x002E, 0x0031, 0x0030,
    0x002E, 0x0031, 0x0031, 0x002E, 0x0031, 0x0032, 0x002E, 0x0031,
    0x0033, 0x002E, 0x0031, 0x0034, 0x002E, 0x0031, 0x0035, 0x002E,
    0x0031, 0x0036, 0x002E, 0x0031, 0x0037, 0x002E, 0x0031, 0x0038,
    0x002E, 0x0031, 0x0039, 0x002E, 0x0032, 0x0030, 0x002E, 0x0028,
    0x0061, 0x0029, 0x0028, 0x0062, 0x0029, 0x0028, 0x0063, 0x0029,
    0x0028, 0x0064, 0x0029, 0x0028, 0x0065, 0x0029, 0x0028, 0x0066,
    0x0029, 0x0028, 0x0067, 0x0029, 0x0028, 0x0068, 0x0029, 0x0028,
    0x0069, 0x0029, 0x0028, 0x006A, 0x0029, 0x0028, 0x006B, 0x0029,
    0x0028, 0x006C, 0x0029, 0x0028, 0x006D, 0x0029, 0x0028, 0x006E,
    0x0029, 0x0028, 0x006F, 0x0029, 0x0028, 0x0070, 0x0029, 0x0028,
    0x0071, 0x0029, 0x0028, 0x0072, 0x0029, 0x0028, 0x0073, 0x0029,
    0x0028, 0x0074, 0x0029, 0x0028, 0x0075, 0x0029, 0x0028, 0x0076,
    0x0029, 0x0028, 0x0077, 0x0029, 0x0028, 0x0078, 0x0029, 0x0028,
    0x0079, 0x0029, 0x0028, 0x007A, 0x0029, 0x0041, 0x0042, 0x0043,
    0x0044, 0x0045, 0x0046, 0x0047, 0x0048, 0x0049, 0x004A, 0x004B,
    0x004C, 0x004D, 0x004E, 0x004F, 0x0050, 0x0051, 0x0052, 0x0053,
    0x0054, 0x0055, 0x0056, 0x0057, 0x0058, 0x0059, 0x005A, 0x0061,
    0x0062, 0x0063, 0x0064, 0x0065, 0x0066, 0x0067, 0x0068, 0x0069,
    0x006A, 0x006B, 0x006C, 0x006D, 0x006E, 0x006F, 0x0070, 0x0071,
    0x0072, 0x0073, 0x0074, 0x0075, 0x0076, 0x0077, 0x0078, 0x0079,
    0x007A, 0x0030, 0x222B, 0x222B, 0x222B, 0x222B, 0x003A, 0x003A,
    0x003D, 0x003D, 0x003D, 0x003D, 0x003D, 0x003D, 0x2ADD, 0x0338,
    0x006A, 0x0056, 0x2D61, 0x6BCD, 0x9F9F, 0x4E00, 0x4E28, 0x4E36,
    0x4E3F, 0x4E59, 0x4E85, 0x4E8C, 0x4EA0, 0x4EBA, 0x513F, 0x5165,
    0x516B, 0x5182, 0x5196, 0x51AB, 0x51E0, 0x51F5, 0x5200, 0x529B,
    0x52F9, 0x5315, 0x531A, 0x5338, 0x5341, 0x535C, 0x5369, 0x5382,
    0x53B6, 0x53C8, 0x53E3, 0x56D7, 0x571F, 0x58EB, 0x5902, 0x590A,
    0x5915, 0x5927, 0x5973, 0x5B50, 0x5B80, 0x5BF8, 0x5C0F, 0x5C22,
    0x5C38, 0x5C6E, 0x5C71, 0x5DDB, 0x5DE5, 0x5DF1, 0x5DFE, 0x5E72,
    0x5E7A, 0x5E7F, 0x5EF4, 0x5EFE, 0x5F0B, 0x5F13, 0x5F50, 0x5F61,
    0x5F73, 0x5FC3, 0x6208, 0x6236, 0x624B, 0x652F, 0x6534, 0x6587,
    0x6597, 0x65A4, 0x65B9, 0x65E0, 0x65E5, 0x66F0, 0x6708, 0x6728,
    0x6B20, 0x6B62, 0x6B79, 0x6BB3, 0x6BCB, 0x6BD4, 0x6BDB, 0x6C0F,
    0x6C14, 0x6C34, 0x706B, 0x722A, 0x7236, 0x723B, 0x723F, 0x7247,
    0x7259, 0x725B, 0x72AC, 0x7384, 0x7389, 0x74DC, 0x74E6, 0x7518,
    0x751F, 0x7528, 0x7530, 0x758B, 0x7592, 0x7676, 0x767D, 0x76AE,
    0x76BF, 0x76EE, 0x77DB, 0x77E2, 0x77F3, 0x793A, 0x79B8, 0x79BE,
    0x7A74, 0x7ACB, 0x7AF9, 0x7C73, 0x7CF8, 0x7F36, 0x7F51, 0x7F8A,
    0x7FBD, 0x8001, 0x800C, 0x8012, 0x8033, 0x807F, 0x8089, 0x81E3,
    0x81EA, 0x81F3, 0x81FC, 0x820C, 0x821B, 0x821F, 0x826E, 0x8272,
    0x8278, 0x864D, 0x866B, 0x8840, 0x884C, 0x8863, 0x897E, 0x898B,
    0x89D2, 0x8A00, 0x8C37, 0x8C46, 0x8C55, 0x8C78, 0x8C9D, 0x8D64,
    0x8D70, 0x8DB3, 0x8EAB, 0x8ECA, 0x8F9B, 0x8FB0, 0x8FB5, 0x9091,
    0x9149, 0x91C6, 0x91CC, 0x91D1, 0x9577, 0x9580, 0x961C, 0x96B6,
    0x96B9, 0x96E8, 0x9751, 0x975E, 0x9762, 0x9769, 0x97CB, 0x97ED,
    0x97F3, 0x9801, 0x98A8, 0x98DB, 0x98DF, 0x9996, 0x9999, 0x99AC,
    0x9AA8, 0x9AD8, 0x9ADF, 0x9B25, 0x9B2F, 0x9B32, 0x9B3C, 0x9B5A,
    0x9CE5, 0x9E75, 0x9E7F, 0x9EA5, 0x9EBB, 0x9EC3, 0x9ECD, 0x9ED1,
    0x9EF9, 0x9EFD, 0x9F0E, 0x9F13, 0x9F20, 0x9F3B, 0x9F4A, 0x9F52,
    0x9F8D, 0x9F9C, 0x9FA0, 0x0020, 0x3012, 0x5341, 0x5344, 0x5345,
    0x304B, 0x3099, 0x304D, 0x3099, 0x304F, 0x3099, 0x3051, 0x3099,
    0x3053, 0x3099, 0x3055, 0x3099, 0x3057, 0x3099, 0x3059, 0x3099,
    0x305B, 0x3099, 0x305D, 0x3099, 0x305F, 0x3099, 0x3061, 0x3099,
    0x3064, 0x3099, 0x3066, 0x3099, 0x3068, 0x3099, 0x306F, 0x3099,
    0x306F, 0x309A, 0x3072, 0x3099, 0x3072, 0x309A, 0x3075, 0x3099,
    0x3075, 0x309A, 0x3078, 0x3099, 0x3078, 0x309A, 0x307B, 0x3099,
    0x307B, 0x309A, 0x3046, 0x3099, 0x0020, 0x3099, 0x0020, 0x309A,
    0x309D, 0x3099, 0x3088, 0x308A, 0x30AB, 0x3099, 0x30AD, 0x3099,
    0x30AF, 0x3099, 0x30B1, 0x3099, 0x30B3, 0x3099, 0x30B5, 0x3099,
    0x30B7, 0x3099, 0x30B9, 0x3099, 0x30BB, 0x3099, 0x30BD, 0x3099,
    0x30BF, 0x3099, 0x30C1, 0x3099, 0x30C4, 0x3099, 0x30C6, 0x3099,
    0x30C8, 0x3099, 0x30CF, 0x3099, 0x30CF, 0x309A, 0x30D2, 0x3099,
    0x30D2, 0x309A, 0x30D5, 0x3099, 0x30D5, 0x309A, 0x30D8, 0x3099,
    0x30D8, 0x309A, 0x30DB, 0x3099, 0x30DB, 0x309A, 0x30A6, 0x3099,
    0x30EF, 0x3099, 0x30F0, 0x3099, 0x30F1, 0x3099, 0x30F2, 0x3099,
    0x30FD, 0x3099, 0x30B3, 0x30C8, 0x1100, 0x1101, 0x11AA, 0x1102,
    0x11AC, 0x11AD, 0x1103, 0x1104, 0x1105, 0x11B0, 0x11B1, 0x11B2,
    0x11B3, 0x11B4, 0x11B5, 0x111A, 0x1106, 0x1107, 0x1108, 0x1121,
    0x1109, 0x110A, 0x110B, 0x110C, 0x110D, 0x110E, 0x110F, 0x1110,
    0x1111, 0x1112, 0x1161, 0x1162, 0x1163, 0x1164, 0x1165, 0x1166,
    0x1167, 0x1168, 0x1169, 0x116A, 0x116B, 0x116C, 0x116D, 0x116E,
    0x116F, 0x1170, 0x1171, 0x1172, 0x1173, 0x1174, 0x1175, 0x1160,
    0x1114, 0x1115, 0x11C7, 0x11C8, 0x11CC, 0x11CE, 0x11D3, 0x11D7,
    0x11D9, 0x111C, 0x11DD, 0x11DF, 0x111D, 0x111E, 0x1120, 0x1122,
    0x1123, 0x1127, 0x1129, 0x112B, 0x112C, 0x112D, 0x112E, 0x112F,
    0x1132, 0x1136, 0x1140, 0x1147, 0x114C, 0x11F1, 0x11F2, 0x1157,
    0x1158, 0x1159, 0x1184, 0x1185, 0x1188, 0x1191, 0x1192, 0x1194,
    0x119E, 0x11A1, 0x4E00, 0x4E8C, 0x4E09, 0x56DB, 0x4E0A, 0x4E2D,
    0x4E0B, 0x7532, 0x4E59, 0x4E19, 0x4E01, 0x5929, 0x5730, 0x4EBA,
    0x0028, 0x1100, 0x0029, 0x0028, 0x1102, 0x0029, 0x0028, 0x1103,
    0x0029, 0x0028, 0x1105, 0x0029, 0x0028, 0x1106, 0x0029, 0x0028,
    0x1107, 0x0029, 0x0028, 0x1109, 0x0029, 0x0028, 0x110B, 0x0029,
    0x0028, 0x110C, 0x0029, 0x0028, 0x110E, 0x0029, 0x0028, 0x110F,
    0x0029, 0x0028, 0x1110, 0x0029, 0x0028, 0x1111, 0x0029, 0x0028,
    0x1112, 0x0029, 0x0028, 0x1100, 0x1161, 0x0029, 0x0028, 0x1102,
    0x1161, 0x0029, 0x0028, 0x1103, 0x1161, 0x0029, 0x0028, 0x1105,
    0x1161, 0x0029, 0x0028, 0x1106, 0x1161, 0x0029, 0x0028, 0x1107,
    0x1161, 0x0029, 0x0028, 0x1109, 0x1161, 0x0029, 0x0028, 0x110B,
    0x1161, 0x0029, 0x0028, 0x110C, 0x1161, 0x0029, 0x0028, 0x110E,
    0x1161, 0x0029, 0x0028, 0x110F, 0x1161, 0x0029, 0x0028, 0x1110,
    0x1161, 0x0029, 0x0028, 0x1111, 0x1161, 0x0029, 0x0028, 0x1112,
    0x1161, 0x0029, 0x0028, 0x110C, 0x116E, 0x0029, 0x0028, 0x110B,
    0x1169, 0x110C, 0x1165, 0x11AB, 0x0029, 0x0028, 0x110B, 0x1169,
    0x1112, 0x116E, 0x0029, 0x0028, 0x4E00, 0x0029, 0x0028, 0x4E8C,
    0x0029, 0x0028, 0x4E09, 0x0029, 0x0028, 0x56DB, 0x0029, 0x0028,
    0x4E94, 0x0029, 0x0028, 0x516D, 0x0029, 0x0028, 0x4E03, 0x0029,
    0x0028, 0x516B, 0x0029, 0x0028, 0x4E5D, 0x0029, 0x0028, 0x5341,
    0x0029, 0x0028, 0x6708, 0x0029, 0x0028, 0x706B, 0x0029, 0x0028,
    0x6C34, 0x0029, 0x0028, 0x6728, 0x0029, 0x0028, 0x91D1, 0x0029,
    0x0028, 0x571F, 0x0029, 0x0028, 0x65E5, 0x0029, 0x0028, 0x682A,
    0x0029, 0x0028, 0x6709, 0x0029, 0x0028, 0x793E, 0x0029, 0x0028,
    0x540D, 0x0029, 0x0028, 0x7279, 0x0029, 0x0028, 0x8CA1, 0x0029,
    0x0028, 0x795D, 0x0029, 0x0028, 0x52B4, 0x0029, 0x0028, 0x4EE3,
    0x0029, 0x0028, 0x547C, 0x0029, 0x0028, 0x5B66, 0x0029, 0x0028,
    0x76E3, 0x0029, 0x0028, 0x4F01, 0x0029, 0x0028, 0x8CC7, 0x0029,
    0x0028, 0x5354, 0x0029, 0x0028, 0x796D, 0x0029, 0x0028, 0x4F11,
    0x0029, 0x0028, 0x81EA, 0x0029, 0x0028, 0x81F3, 0x0029, 0x554F,
    0x5E7C, 0x6587, 0x7B8F, 0x0050, 0x0054, 0x0045, 0x0032, 0x0031,
    0x0032, 0x0032, 0x0032, 0x0033, 0x0032, 0x0034, 0x0032, 0x0035,
    0x0032, 0x0036, 0x0032, 0x0037, 0x0032, 0x0038, 0x0032, 0x0039,
    0x0033, 0x0030, 0x0033, 0x0031, 0x0033, 0x0032, 0x0033, 0x0033,
    0x0033, 0x0034, 0x0033, 0x0035, 0x1100, 0x1102, 0x1103, 0x1105,
    0x1106, 0x1107, 0x1109, 0x110B, 0x110C, 0x110E, 0x110F, 0x1110,
    0x1111, 0x1112, 0x1100, 0x1161, 0x1102, 0x1161, 0x1103, 0x1161,
    0x1105, 0x1161, 0x1106, 0x1161, 0x1107, 0x1161, 0x1109, 0x1161,
    0x110B, 0x1161, 0x110C, 0x1161, 0x110E, 0x1161, 0x110F, 0x1161,
    0x1110, 0x1161, 0x1111, 0x1161, 0x1112, 0x1161, 0x110E, 0x1161,
    0x11B7, 0x1100, 0x1169, 0x110C, 0x116E, 0x110B, 0x1174, 0x110B,
    0x116E, 0x4E00, 0x4E8C, 0x4E09, 0x56DB, 0x4E94, 0x516D, 0x4E03,
    0x516B, 0x4E5D, 0x5341, 0x6708, 0x706B, 0x6C34, 0x6728, 0x91D1,
    0x571F, 0x65E5, 0x682A, 0x6709, 0x793E, 0x540D, 0x7279, 0x8CA1,
    0x795D, 0x52B4, 0x79D8, 0x7537, 0x5973, 0x9069, 0x512A, 0x5370,
    0x6CE8, 0x9805, 0x4F11, 0x5199, 0x6B63, 0x4E0A, 0x4E2D, 0x4E0B,
    0x5DE6, 0x53F3, 0x533B, 0x5B97, 0x5B66, 0x76E3, 0x4F01, 0x8CC7,
    0x5354, 0x591C, 0x0033, 0x0036, 0x0033, 0x0037, 0x0033, 0x0038,
    0x0033, 0x0039, 0x0034, 0x0030, 0x0034, 0x0031, 0x0034, 0x0032,
    0x0034, 0x0033, 0x0034, 0x0034, 0x0034, 0x0035, 0x0034, 0x0036,
    0x0034, 0x0037, 0x0034, 0x0038, 0x0034, 0x0039, 0x0035, 0x0030,
    0x0031, 0x6708, 0x0032, 0x6708, 0x0033, 0x6708, 0x0034, 0x6708,
    0x0035, 0x6708, 0x0036, 0x6708, 0x0037, 0x6708, 0x0038, 0x6708,
    0x0039, 0x6708, 0x0031, 0x0030, 0x6708, 0x0031, 0x0031, 0x6708,
    0x0031, 0x0032, 0x6708, 0x0048, 0x0067, 0x0065, 0x0072, 0x0067,
    0x0065, 0x0056, 0x004C, 0x0054, 0x0044, 0x30A2, 0x30A4, 0x30A6,
    0x30A8, 0x30AA, 0x30AB, 0x30AD, 0x30AF, 0x30B1, 0x30B3, 0x30B5,
    0x30B7, 0x30B9, 0x30BB, 0x30BD, 0x30BF, 0x30C1, 0x30C4, 0x30C6,
    0x30C8, 0x30CA, 0x30CB, 0x30CC, 0x30CD, 0x30CE, 0x30CF, 0x30D2,
    0x30D5, 0x30D8, 0x30DB, 0x30DE, 0x30DF, 0x30E0, 0x30E1, 0x30E2,
    0x30E4, 0x30E6, 0x30E8, 0x30E9, 0x30EA, 0x30EB, 0x30EC, 0x30ED,
    0x30EF, 0x30F0, 0x30F1, 0x30F2, 0x4EE4, 0x548C, 0x30A2, 0x30D1,
    0x30FC, 0x30C8, 0x30A2, 0x30EB, 0x30D5, 0x30A1, 0x30A2, 0x30F3,
    0x30DA, 0x30A2, 0x30A2, 0x30FC, 0x30EB, 0x30A4, 0x30CB, 0x30F3,
    0x30B0, 0x30A4, 0x30F3, 0x30C1, 0x30A6, 0x30A9, 0x30F3, 0x30A8,
    0x30B9, 0x30AF, 0x30FC, 0x30C9, 0x30A8, 0x30FC, 0x30AB, 0x30FC,
    0x30AA, 0x30F3, 0x30B9, 0x30AA, 0x30FC, 0x30E0, 0x30AB, 0x30A4,
    0x30EA, 0x30AB, 0x30E9, 0x30C3, 0x30C8, 0x30AB, 0x30ED, 0x30EA,
    0x30FC, 0x30AC, 0x30ED, 0x30F3, 0x30AC, 0x30F3, 0x30DE, 0x30AE,
    0x30AC, 0x30AE, 0x30CB, 0x30FC, 0x30AD, 0x30E5, 0x30EA, 0x30FC,
    0x30AE, 0x30EB, 0x30C0, 0x30FC, 0x30AD, 0x30ED, 0x30AD, 0x30ED,
    0x30B0, 0x30E9, 0x30E0, 0x30AD, 0x30ED, 0x30E1, 0x30FC, 0x30C8,
    0x30EB, 0x30AD, 0x30ED, 0x30EF, 0x30C3, 0x30C8, 0x30B0, 0x30E9,
    0x30E0, 0x30B0, 0x30E9, 0x30E0, 0x30C8, 0x30F3, 0x30AF, 0x30EB,
    0x30BC, 0x30A4, 0x30ED, 0x30AF, 0x30ED, 0x30FC, 0x30CD, 0x30B1,
    0x30FC, 0x30B9, 0x30B3, 0x30EB, 0x30CA, 0x30B3, 0x30FC, 0x30DD,
    0x30B5, 0x30A4, 0x30AF, 0x30EB, 0x30B5, 0x30F3, 0x30C1, 0x30FC,
    0x30E0, 0x30B7, 0x30EA, 0x30F3, 0x30B0, 0x30BB, 0x30F3, 0x30C1,
    0x30BB, 0x30F3, 0x30C8, 0x30C0, 0x30FC, 0x30B9, 0x30C7, 0x30B7,
    0x30C9, 0x30EB, 0x30C8, 0x30F3, 0x30CA, 0x30CE, 0x30CE, 0x30C3,
    0x30C8, 0x30CF, 0x30A4, 0x30C4, 0x30D1, 0x30FC, 0x30BB, 0x30F3,
    0x30C8, 0x30D1, 0x30FC, 0x30C4, 0x30D0, 0x30FC, 0x30EC, 0x30EB,
    0x30D4, 0x30A2, 0x30B9, 0x30C8, 0x30EB, 0x30D4, 0x30AF, 0x30EB,
    0x30D4, 0x30B3, 0x30D3, 0x30EB, 0x30D5, 0x30A1, 0x30E9, 0x30C3,
    0x30C9, 0x30D5, 0x30A3, 0x30FC, 0x30C8, 0x30D6, 0x30C3, 0x30B7,
    0x30A7, 0x30EB, 0x30D5, 0x30E9, 0x30F3, 0x30D8, 0x30AF, 0x30BF,
    0x30FC, 0x30EB, 0x30DA, 0x30BD, 0x30DA, 0x30CB, 0x30D2, 0x30D8,
    0x30EB, 0x30C4, 0x30DA, 0x30F3, 0x30B9, 0x30DA, 0x30FC, 0x30B8,
    0x30D9, 0x30FC, 0x30BF, 0x30DD, 0x30A4, 0x30F3, 0x30C8, 0x30DC,
    0x30EB, 0x30C8, 0x30DB, 0x30F3, 0x30DD, 0x30F3, 0x30C9, 0x30DB,
    0x30FC, 0x30EB, 0x30DB, 0x30FC, 0x30F3, 0x30DE, 0x30A4, 0x30AF,
    0x30ED, 0x30DE, 0x30A4, 0x30EB, 0x30DE, 0x30C3, 0x30CF, 0x30DE,
    0x30EB, 0x30AF, 0x30DE, 0x30F3, 0x30B7, 0x30E7, 0x30F3, 0x30DF,
    0x30AF, 0x30ED, 0x30F3, 0x30DF, 0x30EA, 0x30DF, 0x30EA, 0x30D0,
    0x30FC, 0x30EB, 0x30E1, 0x30AC, 0x30E1, 0x30AC, 0x30C8, 0x30F3,
    0x30E1, 0x30FC, 0x30C8, 0x30EB, 0x30E4, 0x30FC, 0x30C9, 0x30E4,
    0x30FC, 0x30EB, 0x30E6, 0x30A2, 0x30F3, 0x30EA, 0x30C3, 0x30C8,
    0x30EB, 0x30EA, 0x30E9, 0x30EB, 0x30D4, 0x30FC, 0x30EB, 0x30FC,
    0x30D6, 0x30EB, 0x30EC, 0x30E0, 0x30EC, 0x30F3, 0x30C8, 0x30B2,
    0x30F3, 0x30EF, 0x30C3, 0x30C8, 0x0030, 0x70B9, 0x0031, 0x70B9,
    0x0032, 0x70B9, 0x0033, 0x70B9, 0x0034, 0x70B9, 0x0035, 0x70B9,
    0x0036, 0x70B9, 0x0037, 0x70B9, 0x0038, 0x70B9, 0x0039, 0x70B9,
    0x0031, 0x0030, 0x70B9, 0x0031, 0x0031, 0x70B9, 0x0031, 0x0032,
    0x70B9, 0x0031, 0x0033, 0x70B9, 0x0031, 0x0034, 0x70B9, 0x0031,
    0x0035, 0x70B9, 0x0031, 0x0036, 0x70B9, 0x0031, 0x0037, 0x70B9,
    0x0031, 0x0038, 0x70B9, 0x0031, 0x0039, 0x70B9, 0x0032, 0x0030,
    0x70B9, 0x0032, 0x0031, 0x70B9, 0x0032, 0x0032, 0x70B9, 0x0032,
    0x0033, 0x70B9, 0x0032, 0x0034, 0x70B9, 0x0068, 0x0050, 0x0061,
    0x0064, 0x0061, 0x0041, 0x0055, 0x0062, 0x0061, 0x0072, 0x006F,
    0x0056, 0x0070, 0x0063, 0x0064, 0x006D, 0x0064, 0x006D, 0x00B2,
    0x0064, 0x006D, 0x00B3, 0x0049, 0x0055, 0x5E73, 0x6210, 0x662D,
    0x548C, 0x5927, 0x6B63, 0x660E, 0x6CBB, 0x682A, 0x5F0F, 0x4F1A,
    0x793E, 0x0070, 0x0041, 0x006E, 0x0041, 0x03BC, 0x0041, 0x006D,
    0x0041, 0x006B, 0x0041, 0x004B, 0x0042, 0x004D, 0x0042, 0x0047,
    0x0042, 0x0063, 0x0061, 0x006C, 0x006B, 0x0063, 0x0061, 0x006C,
    0x0070, 0x0046, 0x006E, 0x0046, 0x03BC, 0x0046, 0x03BC, 0x0067,
    0x006D, 0x0067, 0x006B, 0x0067, 0x0048, 0x007A, 0x006B, 0x0048,
    0x007A, 0x004D, 0x0048, 0x007A, 0x0047, 0x0048, 0x007A, 0x0054,
    0x0048, 0x007A, 0x03BC, 0x2113, 0x006D, 0x2113, 0x0064, 0x2113,
    0x006B, 0x2113, 0x0066, 0x006D, 0x006E, 0x006D, 0x03BC, 0x006D,
    0x006D, 0x006D, 0x0063, 0x006D, 0x006B, 0x006D, 0x006D, 0x006D,
    0x00B2, 0x0063, 0x006D, 0x00B2, 0x006D, 0x00B2, 0x006B, 0x006D,
    0x00B2, 0x006D, 0x006D, 0x00B3, 0x0063, 0x006D, 0x00B3, 0x006D,
    0x00B3, 0x006B, 0x006D, 0x00B3, 0x006D, 0x2215, 0x0073, 0x006D,
    0x2215, 0x0073, 0x00B2, 0x0050, 0x0061, 0x006B, 0x0050, 0x0061,
    0x004D, 0x0050, 0x0061, 0x0047, 0x0050, 0x0061, 0x0072, 0x0061,
    0x0064, 0x0072, 0x0061, 0x0064, 0x2215, 0x0073, 0x0072, 0x0061,
    0x0064, 0x2215, 0x0073, 0x00B2, 0x0070, 0x0073, 0x006E, 0x0073,
    0x03BC, 0x0073, 0x006D, 0x0073, 0x0070, 0x0056, 0x006E, 0x0056,
    0x03BC, 0x0056, 0x006D, 0x0056, 0x006B, 0x0056, 0x004D, 0x0056,
    0x0070, 0x0057, 0x006E, 0x0057, 0x03BC, 0x0057, 0x006D, 0x0057,
    0x006B, 0x0057, 0x004D, 0x0057, 0x006B, 0x03A9, 0x004D, 0x03A9,
    0x0061, 0x002E, 0x006D, 0x002E, 0x0042, 0x0071, 0x0063, 0x0063,
    0x0063, 0x0064, 0x0043, 0x2215, 0x006B, 0x0067, 0x0043, 0x006F,
    0x002E, 0x0064, 0x0042, 0x0047, 0x0079, 0x0068, 0x0061, 0x0048,
    0x0050, 0x0069, 0x006E, 0x004B, 0x004B, 0x004B, 0x004D, 0x006B,
    0x0074, 0x006C, 0x006D, 0x006C, 0x006E, 0x006C, 0x006F, 0x0067,
    0x006C, 0x0078, 0x006D, 0x0062, 0x006D, 0x0069, 0x006C, 0x006D,
    0x006F, 0x006C, 0x0050, 0x0048, 0x0070, 0x002E, 0x006D, 0x002E,
    0x0050, 0x0050, 0x004D, 0x0050, 0x0052, 0x0073, 0x0072, 0x0053,
    0x0076, 0x0057, 0x0062, 0x0056, 0x2215, 0x006D, 0x0041, 0x2215,
    0x006D, 0x0031, 0x65E5, 0x0032, 0x65E5, 0x0033, 0x65E5, 0x0034,
    0x65E5, 0x0035, 0x65E5, 0x0036, 0x65E5, 0x0037, 0x65E5, 0x0038,
    0x65E5, 0x0039, 0x65E5, 0x0031, 0x0030, 0x65E5, 0x0031, 0x0031,
    0x65E5, 0x0031, 0x0032, 0x65E5, 0x0031, 0x0033, 0x65E5, 0x0031,
    0x0034, 0x65E5, 0x0031, 0x0035, 0x65E5, 0x0031, 0x0036, 0x65E5,
    0x0031, 0x0037, 0x65E5, 0x0031, 0x0038, 0x65E5, 0x0031, 0x0039,
    0x65E5, 0x0032, 0x0030, 0x65E5, 0x0032, 0x0031, 0x65E5, 0x0032,
    0x0032, 0x65E5, 0x0032, 0x0033, 0x65E5, 0x0032, 0x0034, 0x65E5,
    0x0032, 0x0035, 0x65E5, 0x0032, 0x0036, 0x65E5, 0x0032, 0x0037,
    0x65E5, 0x0032, 0x0038, 0x65E5, 0x0032, 0x0039, 0x65E5, 0x0033,
    0x0030, 0x65E5, 0x0033, 0x0031, 0x65E5, 0x0067, 0x0061, 0x006C,
    0x044A, 0x044C, 0xA76F, 0x0043, 0x0046, 0x0051, 0x0126, 0x0153,
    0xA727, 0xAB37, 0x026B, 0xAB52, 0x028D, 0x8C48, 0x66F4, 0x8ECA,
    0x8CC8, 0x6ED1, 0x4E32, 0x53E5, 0x9F9C, 0x9F9C, 0x5951, 0x91D1,
    0x5587, 0x5948, 0x61F6, 0x7669, 0x7F85, 0x863F, 0x87BA, 0x88F8,
    0x908F, 0x6A02, 0x6D1B, 0x70D9, 0x73DE, 0x843D, 0x916A, 0x99F1,
    0x4E82, 0x5375, 0x6B04, 0x721B, 0x862D, 0x9E1E, 0x5D50, 0x6FEB,
    0x85CD, 0x8964, 0x62C9, 0x81D8, 0x881F, 0x5ECA, 0x6717, 0x6D6A,
    0x72FC, 0x90CE, 0x4F86, 0x51B7, 0x52DE, 0x64C4, 0x6AD3, 0x7210,
    0x76E7, 0x8001, 0x8606, 0x865C, 0x8DEF, 0x9732, 0x9B6F, 0x9DFA,
    0x788C, 0x797F, 0x7DA0, 0x83C9, 0x9304, 0x9E7F, 0x8AD6, 0x58DF,
    0x5F04, 0x7C60, 0x807E, 0x7262, 0x78CA, 0x8CC2, 0x96F7, 0x58D8,
    0x5C62, 0x6A13, 0x6DDA, 0x6F0F, 0x7D2F, 0x7E37, 0x964B, 0x52D2,
    0x808B, 0x51DC, 0x51CC, 0x7A1C, 0x7DBE, 0x83F1, 0x9675, 0x8B80,
    0x62CF, 0x6A02, 0x8AFE, 0x4E39, 0x5BE7, 0x6012, 0x7387, 0x7570,
    0x5317, 0x78FB, 0x4FBF, 0x5FA9, 0x4E0D, 0x6CCC, 0x6578, 0x7D22,
    0x53C3, 0x585E, 0x7701, 0x8449, 0x8AAA, 0x6BBA, 0x8FB0, 0x6C88,
    0x62FE, 0x82E5, 0x63A0, 0x7565, 0x4EAE, 0x5169, 0x51C9, 0x6881,
    0x7CE7, 0x826F, 0x8AD2, 0x91CF, 0x52F5, 0x5442, 0x5973, 0x5EEC,
    0x65C5, 0x6FFE, 0x792A, 0x95AD, 0x9A6A, 0x9E97, 0x9ECE, 0x529B,
    0x66C6, 0x6B77, 0x8F62, 0x5E74, 0x6190, 0x6200, 0x649A, 0x6F23,
    0x7149, 0x7489, 0x79CA, 0x7DF4, 0x806F, 0x8F26, 0x84EE, 0x9023,
    0x934A, 0x5217, 0x52A3, 0x54BD, 0x70C8, 0x88C2, 0x8AAA, 0x5EC9,
    0x5FF5, 0x637B, 0x6BAE, 0x7C3E, 0x7375, 0x4EE4, 0x56F9, 0x5BE7,
    0x5DBA, 0x601C, 0x73B2, 0x7469, 0x7F9A, 0x8046, 0x9234, 0x96F6,
    0x9748, 0x9818, 0x4F8B, 0x79AE, 0x91B4, 0x96B8, 0x60E1, 0x4E86,
    0x50DA, 0x5BEE, 0x5C3F, 0x6599, 0x6A02, 0x71CE, 0x7642, 0x84FC,
    0x907C, 0x9F8D, 0x6688, 0x962E, 0x5289, 0x677B, 0x67F3, 0x6D41,
    0x6E9C, 0x7409, 0x7559, 0x786B, 0x7D10, 0x985E, 0x516D, 0x622E,
    0x9678, 0x502B, 0x5D19, 0x6DEA, 0x8F2A, 0x5F8B, 0x6144, 0x6817,
    0x7387, 0x9686, 0x5229, 0x540F, 0x5C65, 0x6613, 0x674E, 0x68A8,
    0x6CE5, 0x7406, 0x75E2, 0x7F79, 0x88CF, 0x88E1, 0x91CC, 0x96E2,
    0x533F, 0x6EBA, 0x541D, 0x71D0, 0x7498, 0x85FA, 0x96A3, 0x9C57,
    0x9E9F, 0x6797, 0x6DCB, 0x81E8, 0x7ACB, 0x7B20, 0x7C92, 0x72C0,
    0x7099, 0x8B58, 0x4EC0, 0x8336, 0x523A, 0x5207, 0x5EA6, 0x62D3,
    0x7CD6, 0x5B85, 0x6D1E, 0x66B4, 0x8F3B, 0x884C, 0x964D, 0x898B,
    0x5ED3, 0x5140, 0x55C0, 0x585A, 0x6674, 0x51DE, 0x732A, 0x76CA,
    0x793C, 0x795E, 0x7965, 0x798F, 0x9756, 0x7CBE, 0x7FBD, 0x8612,
    0x8AF8, 0x9038, 0x90FD, 0x98EF, 0x98FC, 0x9928, 0x9DB4, 0x90DE,
    0x96B7, 0x4FAE, 0x50E7, 0x514D, 0x52C9, 0x52E4, 0x5351, 0x559D,
    0x5606, 0x5668, 0x5840, 0x58A8, 0x5C64, 0x5C6E, 0x6094, 0x6168,
    0x618E, 0x61F2, 0x654F, 0x65E2, 0x6691, 0x6885, 0x6D77, 0x6E1A,
    0x6F22, 0x716E, 0x722B, 0x7422, 0x7891, 0x793E, 0x7949, 0x7948,
    0x7950, 0x7956, 0x795D, 0x798D, 0x798E, 0x7A40, 0x7A81, 0x7BC0,
    0x7DF4, 0x7E09, 0x7E41, 0x7F72, 0x8005, 0x81ED, 0x8279, 0x8279,
    0x8457, 0x8910, 0x8996, 0x8B01, 0x8B39, 0x8CD3, 0x8D08, 0x8FB6,
    0x9038, 0x96E3, 0x97FF, 0x983B, 0x6075, 0x242EE, 0x8218, 0x4E26,
    0x51B5, 0x5168, 0x4F80, 0x5145, 0x5180, 0x52C7, 0x52FA, 0x559D,
    0x5555, 0x5599, 0x55E2, 0x585A, 0x58B3, 0x5944, 0x5954, 0x5A62,
    0x5B28, 0x5ED2, 0x5ED9, 0x5F69, 0x5FAD, 0x60D8, 0x614E, 0x6108,
    0x618E, 0x6160, 0x61F2, 0x6234, 0x63C4, 0x641C, 0x6452, 0x6556,
    0x6674, 0x6717, 0x671B, 0x6756, 0x6B79, 0x6BBA, 0x6D41, 0x6EDB,
    0x6ECB, 0x6F22, 0x701E, 0x716E, 0x77A7, 0x7235, 0x72AF, 0x732A,
    0x7471, 0x7506, 0x753B, 0x761D, 0x761F, 0x76CA, 0x76DB, 0x76F4,
    0x774A, 0x7740, 0x78CC, 0x7AB1, 0x7BC0, 0x7C7B, 0x7D5B, 0x7DF4,
    0x7F3E, 0x8005, 0x8352, 0x83EF, 0x8779, 0x8941, 0x8986, 0x8996,
    0x8ABF, 0x8AF8, 0x8ACB, 0x8B01, 0x8AFE, 0x8AED, 0x8B39, 0x8B8A,
    0x8D08, 0x8F38, 0x9072, 0x9199, 0x9276, 0x967C, 0x96E3, 0x9756,
    0x97DB, 0x97FF, 0x980B, 0x983B, 0x9B12, 0x9F9C, 0x2284A, 0x22844,
    0x233D5, 0x3B9D, 0x4018, 0x4039, 0x25249, 0x25CD0, 0x27ED3, 0x9F43,
    0x9F8E, 0x0066, 0x0066, 0x0066, 0x0069, 0x0066, 0x006C, 0x0066,
    0x0066, 0x0069, 0x0066, 0x0066, 0x006C, 0x017F, 0x0074, 0x0073,
    0x0074, 0x0574, 0x0576, 0x0574, 0x0565, 0x0574, 0x056B, 0x057E,
    0x0576, 0x0574, 0x056D, 0x05D9, 0x05B4, 0x05F2, 0x05B7, 0x05E2,
    0x05D0, 0x05D3, 0x05D4, 0x05DB, 0x05DC, 0x05DD, 0x05E8, 0x05EA,
    0x002B, 0x05E9, 0x05C1, 0x05E9, 0x05C2, 0xFB49, 0x05C1, 0xFB49,
    0x05C2, 0x05D0, 0x05B7, 0x05D0, 0x05B8, 0x05D0, 0x05BC, 0x05D1,
    0x05BC, 0x05D2, 0x05BC, 0x05D3, 0x05BC, 0x05D4, 0x05BC, 0x05D5,
    0x05BC, 0x05D6, 0x05BC, 0x05D8, 0x05BC, 0x05D9, 0x05BC, 0x05DA,
    0x05BC, 0x05DB, 0x05BC, 0x05DC, 0x05BC, 0x05DE, 0x05BC, 0x05E0,
    0x05BC, 0x05E1, 0x05BC, 0x05E3, 0x05BC, 0x05E4, 0x05BC, 0x05E6,
    0x05BC, 0x05E7, 0x05BC, 0x05E8, 0x05BC, 0x05E9, 0x05BC, 0x05EA,
    0x05BC, 0x05D5, 0x05B9, 0x05D1, 0x05BF, 0x05DB, 0x05BF, 0x05E4,
    0x05BF, 0x05D0, 0x05DC, 0x0671, 0x0671, 0x067B, 0x067B, 0x067B,
    0x067B, 0x067E, 0x067E, 0x067E, 0x067E, 0x0680, 0x0680, 0x0680,
    0x0680, 0x067A, 0x067A, 0x067A, 0x067A, 0x067F, 0x067F, 0x067F,
    0x067F, 0x0679, 0x0679, 0x0679, 0x0679, 0x06A4, 0x06A4, 0x06A4,
    0x06A4, 0x06A6, 0x06A6, 0x06A6, 0x06A6, 0x0684, 0x0684, 0x0684,
    0x0684, 0x0683, 0x0683, 0x0683, 0x0683, 0x0686, 0x0686, 0x0686,
    0x0686, 0x0687, 0x0687, 0x0687, 0x0687, 0x068D, 0x068D, 0x068C,
    0x068C, 0x068E, 0x068E, 0x0688, 0x0688, 0x0698, 0x0698, 0x0691,
    0x0691, 0x06A9, 0x06A9, 0x06A9, 0x06A9, 0x06AF, 0x06AF, 0x06AF,
    0x06AF, 0x06B3, 0x06B3, 0x06B3, 0x06B3, 0x06B1, 0x06B1, 0x06B1,
    0x06B1, 0x06BA, 0x06BA, 0x06BB, 0x06BB, 0x06BB, 0x06BB, 0x06C0,
    0x06C0, 0x06C1, 0x06C1, 0x06C1, 0x06C1, 0x06BE, 0x06BE, 0x06BE,
    0x06BE, 0x06D2, 0x06D2, 0x06D3, 0x06D3, 0x06AD, 0x06AD, 0x06AD,
    0x06AD, 0x06C7, 0x06C7, 0x06C6, 0x06C6, 0x06C8, 0x06C8, 0x0677,
    0x06CB, 0x06CB, 0x06C5, 0x06C5, 0x06C9, 0x06C9, 0x06D0, 0x06D0,
    0x06D0, 0x06D0, 0x0649, 0x0649, 0x0626, 0x0627, 0x0626, 0x0627,
    0x0626, 0x06D5, 0x0626, 0x06D5, 0x0626, 0x0648, 0x0626, 0x0648,
    0x0626, 0x06C7, 0x0626, 0x06C7, 0x0626, 0x06C6, 0x0626, 0x06C6,
    0x0626, 0x06C8, 0x0626, 0x06C8, 0x0626, 0x06D0, 0x0626, 0x06D0,
    0x0626, 0x06D0, 0x0626, 0x0649, 0x0626, 0x0649, 0x0626, 0x0649,
    0x06CC, 0x06CC, 0x06CC, 0x06CC, 0x0626, 0x062C, 0x0626, 0x062D,
    0x0626, 0x0645, 0x0626, 0x0649, 0x0626, 0x064A, 0x0628, 0x062C,
    0x0628, 0x062D, 0x0628, 0x062E, 0x0628, 0x0645, 0x0628, 0x0649,
    0x0628, 0x064A, 0x062A, 0x062C, 0x062A, 0x062D, 0x062A, 0x062E,
    0x062A, 0x0645, 0x062A, 0x0649, 0x062A, 0x064A, 0x062B, 0x062C,
    0x062B, 0x0645, 0x062B, 0x0649, 0x062B, 0x064A, 0x062C, 0x062D,
    0x062C, 0x0645, 0x062D, 0x062C, 0x062D, 0x0645, 0x062E, 0x062C,
    0x062E, 0x062D, 0x062E, 0x0645, 0x0633, 0x062C, 0x0633, 0x062D,
    0x0633, 0x062E, 0x0633, 0x0645, 0x0635, 0x062D, 0x0635, 0x0645,
    0x0636, 0x062C, 0x0636, 0x062D, 0x0636, 0x062E, 0x0636, 0x0645,
    0x0637, 0x062D, 0x0637, 0x0645, 0x0638, 0x0645, 0x0639, 0x062C,
    0x0639, 0x0645, 0x063A, 0x062C, 0x063A, 0x0645, 0x0641, 0x062C,
    0x0641, 0x062D, 0x0641, 0x062E, 0x0641, 0x0645, 0x0641, 0x0649,
    0x0641, 0x064A, 0x0642, 0x062D, 0x0642, 0x0645, 0x0642, 0x0649,
    0x0642, 0x064A, 0x0643, 0x0627, 0x0643, 0x062C, 0x0643, 0x062D,
    0x0643, 0x062E, 0x0643, 0x0644, 0x0643, 0x0645, 0x0643, 0x0649,
    0x0643, 0x064A, 0x0644, 0x062C, 0x0644, 0x062D, 0x0644, 0x062E,
    0x0644, 0x0645, 0x0644, 0x0649, 0x0644, 0x064A, 0x0645, 0x062C,
    0x0645, 0x062D, 0x0645, 0x062E, 0x0645, 0x0645, 0x0645, 0x0649,
    0x0645, 0x064A, 0x0646, 0x062C, 0x0646, 0x062D, 0x0646, 0x062E,
    0x0646, 0x0645, 0x0646, 0x0649, 0x0646, 0x064A, 0x0647, 0x062C,
    0x0647, 0x0645, 0x0647, 0x0649, 0x0647, 0x064A, 0x064A, 0x062C,
    0x064A, 0x062D, 0x064A, 0x062E, 0x064A, 0x0645, 0x064A, 0x0649,
    0x064A, 0x064A, 0x0630, 0x0670, 0x0631, 0x0670, 0x0649, 0x0670,
    0x0020, 0x064C, 0x0651, 0x0020, 0x064D, 0x0651, 0x0020, 0x064E,
    0x0651, 0x0020, 0x064F, 0x0651, 0x0020, 0x0650, 0x0651, 0x0020,
    0x0651, 0x0670, 0x0626, 0x0631, 0x0626, 0x0632, 0x0626, 0x0645,
    0x0626, 0x0646, 0x0626, 0x0649, 0x0626, 0x064A, 0x0628, 0x0631,
    0x0628, 0x0632, 0x0628, 0x0645, 0x0628, 0x0646, 0x0628, 0x0649,
    0x0628, 0x064A, 0x062A, 0x0631, 0x062A, 0x0632, 0x062A, 0x0645,
    0x062A, 0x0646, 0x062A, 0x0649, 0x062A, 0x064A, 0x062B, 0x0631,
    0x062B, 0x0632, 0x062B, 0x0645, 0x062B, 0x0646, 0x062B, 0x0649,
    0x062B, 0x064A, 0x0641, 0x0649, 0x0641, 0x064A, 0x0642, 0x0649,
    0x0642, 0x064A, 0x0643, 0x0627, 0x0643, 0x0644, 0x0643, 0x0645,
    0x0643, 0x0649, 0x0643, 0x064A, 0x0644, 0x0645, 0x0644, 0x0649,
    0x0644, 0x064A, 0x0645, 0x0627, 0x0645, 0x0645, 0x0646, 0x0631,
    0x0646, 0x0632, 0x0646, 0x0645, 0x0646, 0x0646, 0x0646, 0x0649,
    0x0646, 0x064A, 0x0649, 0x0670, 0x064A, 0x0631, 0x064A, 0x0632,
    0x064A, 0x0645, 0x064A, 0x0646, 0x064A, 0x0649, 0x064A, 0x064A,
    0x0626, 0x062C, 0x0626, 0x062D, 0x0626, 0x062E, 0x0626, 0x0645,
    0x0626, 0x0647, 0x0628, 0x062C, 0x0628, 0x062D, 0x0628, 0x062E,
    0x0628, 0x0645, 0x0628, 0x0647, 0x062A, 0x062C, 0x062A, 0x062D,
    0x062A, 0x062E, 0x062A, 0x0645, 0x062A, 0x0647, 0x062B, 0x0645,
    0x062C, 0x062D, 0x062C, 0x0645, 0x062D, 0x062C, 0x062D, 0x0645,
    0x062E, 0x062C, 0x062E, 0x0645, 0x0633, 0x062C, 0x0633, 0x062D,
    0x0633, 0x062E, 0x0633, 0x0645, 0x0635, 0x062D, 0x0635, 0x062E,
    0x0635, 0x0645, 0x0636, 0x062C, 0x0636, 0x062D, 0x0636, 0x062E,
    0x0636, 0x0645, 0x0637, 0x062D, 0x0638, 0x0645, 0x0639, 0x062C,
    0x0639, 0x0645, 0x063A, 0x062C, 0x063A, 0x0645, 0x0641, 0x062C,
    0x0641, 0x062D, 0x0641, 0x062E, 0x0641, 0x0645, 0x0642, 0x062D,
    0x0642, 0x0645, 0x0643, 0x062C, 0x0643, 0x062D, 0x0643, 0x062E,
    0x0643, 0x0644, 0x0643, 0x0645, 0x0644, 0x062C, 0x0644, 0x062D,
    0x0644, 0x062E, 0x0644, 0x0645, 0x0644, 0x0647, 0x0645, 0x062C,
    0x0645, 0x062D, 0x0645, 0x062E, 0x0645, 0x0645, 0x0646, 0x062C,
    0x0646, 0x062D, 0x0646, 0x062E, 0x0646, 0x0645, 0x0646, 0x0647,
    0x0647, 0x062C, 0x0647, 0x0645, 0x0647, 0x0670, 0x064A, 0x062C,
    0x064A, 0x062D, 0x064A, 0x062E, 0x064A, 0x0645, 0x064A, 0x0647,
    0x0626, 0x0645, 0x0626, 0x0647, 0x0628, 0x0645, 0x0628, 0x0647,
    0x062A, 0x0645, 0x062A, 0x0647, 0x062B, 0x0645, 0x062B, 0x0647,
    0x0633, 0x0645, 0x0633, 0x0647, 0x0634, 0x0645, 0x0634, 0x0647,
    0x0643, 0x0644, 0x0643, 0x0645, 0x0644, 0x0645, 0x0646, 0x0645,
    0x0646, 0x0647, 0x064A, 0x0645, 0x064A, 0x0647, 0x0640, 0x064E,
    0x0651, 0x0640, 0x064F, 0x0651, 0x0640, 0x0650, 0x0651, 0x0637,
    0x0649, 0x0637, 0x064A, 0x0639, 0x0649, 0x0639, 0x064A, 0x063A,
    0x0649, 0x063A, 0x064A, 0x0633, 0x0649, 0x0633, 0x064A, 0x0634,
    0x0649, 0x0634, 0x064A, 0x062D, 0x0649, 0x062D, 0x064A, 0x062C,
    0x0649, 0x062C, 0x064A, 0x062E, 0x0649, 0x062E, 0x064A, 0x0635,
    0x0649, 0x0635, 0x064A, 0x0636, 0x0649, 0x0636, 0x064A, 0x0634,
    0x062C, 0x0634, 0x062D, 0x0634, 0x062E, 0x0634, 0x0645, 0x0634,
    0x0631, 0x0633, 0x0631, 0x0635, 0x0631, 0x0636, 0x0631, 0x0637,
    0x0649, 0x0637, 0x064A, 0x0639, 0x0649, 0x0639, 0x064A, 0x063A,
    0x0649, 0x063A, 0x064A, 0x0633, 0x0649, 0x0633, 0x064A, 0x0634,
    0x0649, 0x0634, 0x064A, 0x062D, 0x0649, 0x062D, 0x064A, 0x062C,
    0x0649, 0x062C, 0x064A, 0x062E, 0x0649, 0x062E, 0x064A, 0x0635,
    0x0649, 0x0635, 0x064A, 0x0636, 0x0649, 0x0636, 0x064A, 0x0634,
    0x062C, 0x0634, 0x062D, 0x0634, 0x062E, 0x0634, 0x0645, 0x0634,
    0x0631, 0x0633, 0x0631, 0x0635, 0x0631, 0x0636, 0x0631, 0x0634,
    0x062C, 0x0634, 0x062D, 0x0634, 0x062E, 0x0634, 0x0645, 0x0633,
    0x0647, 0x0634, 0x0647, 0x0637, 0x0645, 0x0633, 0x062C, 0x0633,
    0x062D, 0x0633, 0x062E, 0x0634, 0x062C, 0x0634, 0x062D, 0x0634,
    0x062E, 0x0637, 0x0645, 0x0638, 0x0645, 0x0627, 0x064B, 0x0627,
    0x064B, 0x062A, 0x062C, 0x0645, 0x062A, 0x062D, 0x062C, 0x062A,
    0x062D, 0x062C, 0x062A, 0x062D, 0x0645, 0x062A, 0x062E, 0x0645,
    0x062A, 0x0645, 0x062C, 0x062A, 0x0645, 0x062D, 0x062A, 0x0645,
    0x062E, 0x062C, 0x0645, 0x062D, 0x062C, 0x0645, 0x062D, 0x062D,
    0x0645, 0x064A, 0x062D, 0x0645, 0x0649, 0x0633, 0x062D, 0x062C,
    0x0633, 0x062C, 0x062D, 0x0633, 0x062C, 0x0649, 0x0633, 0x0645,
    0x062D, 0x0633, 0x0645, 0x062D, 0x0633, 0x0645, 0x062C, 0x0633,
    0x0645, 0x0645, 0x0633, 0x0645, 0x0645, 0x0635, 0x062D, 0x062D,
    0x0635, 0x062D, 0x062D, 0x0635, 0x0645, 0x0645, 0x0634, 0x062D,
    0x0645, 0x0634, 0x062D, 0x0645, 0x0634, 0x062C, 0x064A, 0x0634,
    0x0645, 0x062E, 0x0634, 0x0645, 0x062E, 0x0634, 0x0645, 0x0645,
    0x0634, 0x0645, 0x0645, 0x0636, 0x062D, 0x0649, 0x0636, 0x062E,
    0x0645, 0x0636, 0x062E, 0x0645, 0x0637, 0x0645, 0x062D, 0x0637,
    0x0645, 0x062D, 0x0637, 0x0645, 0x0645, 0x0637, 0x0645, 0x064A,
    0x0639, 0x062C, 0x0645, 0x0639, 0x0645, 0x0645, 0x0639, 0x0645,
    0x0645, 0x0639, 0x0645, 0x0649, 0x063A, 0x0645, 0x0645, 0x063A,
    0x0645, 0x064A, 0x063A, 0x0645, 0x0649, 0x0641, 0x062E, 0x0645,
    0x0641, 0x062E, 0x0645, 0x0642, 0x0645, 0x062D, 0x0642, 0x0645,
    0x0645, 0x0644, 0x062D, 0x0645, 0x0644, 0x062D, 0x064A, 0x0644,
    0x062D, 0x0649, 0x0644, 0x062C, 0x062C, 0x0644, 0x062C, 0x062C,
    0x0644, 0x062E, 0x0645, 0x0644, 0x062E, 0x0645, 0x0644, 0x0645,
    0x062D, 0x0644, 0x0645, 0x062D, 0x0645, 0x062D, 0x062C, 0x0645,
    0x062D, 0x0645, 0x0645, 0x062D, 0x064A, 0x0645, 0x062C, 0x062D,
    0x0645, 0x062C, 0x0645, 0x0645, 0x062E, 0x062C, 0x0645, 0x062E,
    0x0645, 0x0645, 0x062C, 0x062E, 0x0647, 0x0645, 0x062C, 0x0647,
    0x0645, 0x0645, 0x0646, 0x062D, 0x0645, 0x0646, 0x062D, 0x0649,
    0x0646, 0x062C, 0x0645, 0x0646, 0x062C, 0x0645, 0x0646, 0x062C,
    0x0649, 0x0646, 0x0645, 0x064A, 0x0646, 0x0645, 0x0649, 0x064A,
    0x0645, 0x0645, 0x064A, 0x0645, 0x0645, 0x0628, 0x062E, 0x064A,
    0x062A, 0x062C, 0x064A, 0x062A, 0x062C, 0x0649, 0x062A, 0x062E,
    0x064A, 0x062A, 0x062E, 0x0649, 0x062A, 0x0645, 0x064A, 0x062A,
    0x0645, 0x0649, 0x062C, 0x0645, 0x064A, 0x062C, 0x062D, 0x0649,
    0x062C, 0x0645, 0x0649, 0x0633, 0x062E, 0x0649, 0x0635, 0x062D,
    0x064A, 0x0634, 0x062D, 0x064A, 0x0636, 0x062D, 0x064A, 0x0644,
    0x062C, 0x064A, 0x0644, 0x0645, 0x064A, 0x064A, 0x062D, 0x064A,
    0x064A, 0x062C, 0x064A, 0x064A, 0x0645, 0x064A, 0x0645, 0x0645,
    0x064A, 0x0642, 0x0645, 0x064A, 0x0646, 0x062D, 0x064A, 0x0642,
    0x0645, 0x062D, 0x0644, 0x062D, 0x0645, 0x0639, 0x0645, 0x064A,
    0x0643, 0x0645, 0x064A, 0x0646, 0x062C, 0x062D, 0x0645, 0x062E,
    0x064A, 0x0644, 0x062C, 0x0645, 0x0643, 0x0645, 0x0645, 0x0644,
    0x062C, 0x0645, 0x0646, 0x062C, 0x062D, 0x062C, 0x062D, 0x064A,
    0x062D, 0x062C, 0x064A, 0x0645, 0x062C, 0x064A, 0x0641, 0x0645,
    0x064A, 0x0628, 0x062D, 0x064A, 0x0643, 0x0645, 0x0645, 0x0639,
    0x062C, 0x0645, 0x0635, 0x0645, 0x0645, 0x0633, 0x062E, 0x064A,
    0x0646, 0x062C, 0x064A, 0x0635, 0x0644, 0x06D2, 0x0642, 0x0644,
    0x06D2, 0x0627, 0x0644, 0x0644, 0x0647, 0x0627, 0x0643, 0x0628,
    0x0631, 0x0645, 0x062D, 0x0645, 0x062F, 0x0635, 0x0644, 0x0639,
    0x0645, 0x0631, 0x0633, 0x0648, 0x0644, 0x0639, 0x0644, 0x064A,
    0x0647, 0x0648, 0x0633, 0x0644, 0x0645, 0x0635, 0x0644, 0x0649,
    0x0635, 0x0644, 0x0649, 0x0020, 0x0627, 0x0644, 0x0644, 0x0647,
    0x0020, 0x0639, 0x0644, 0x064A, 0x0647, 0x0020, 0x0648, 0x0633,
    0x0644, 0x0645, 0x062C, 0x0644, 0x0020, 0x062C, 0x0644, 0x0627,
    0x0644, 0x0647, 0x0631, 0x06CC, 0x0627, 0x0644, 0x002C, 0x3001,
    0x3002, 0x003A, 0x003B, 0x0021, 0x003F, 0x3016, 0x3017, 0x2026,
    0x2025, 0x2014, 0x2013, 0x005F, 0x005F, 0x0028, 0x0029, 0x007B,
    0x007D, 0x3014, 0x3015, 0x3010, 0x3011, 0x300A, 0x300B, 0x3008,
    0x3009, 0x300C, 0x300D, 0x300E, 0x300F, 0x005B, 0x005D, 0x203E,
    0x203E, 0x203E, 0x203E, 0x005F, 0x005F, 0x005F, 0x002C, 0x3001,
    0x002E, 0x003B, 0x003A, 0x003F, 0x0021, 0x2014, 0x0028, 0x0029,
    0x007B, 0x007D, 0x3014, 0x3015, 0x0023, 0x0026, 0x002A, 0x002B,
    0x002D, 0x003C, 0x003E, 0x003D, 0x005C, 0x0024, 0x0025, 0x0040,
    0x0020, 0x064B, 0x0640, 0x064B, 0x0020, 0x064C, 0x0020, 0x064D,
    0x0020, 0x064E, 0x0640, 0x064E, 0x0020, 0x064F, 0x0640, 0x064F,
    0x0020, 0x0650, 0x0640, 0x0650, 0x0020, 0x0651, 0x0640, 0x0651,
    0x0020, 0x0652, 0x0640, 0x0652, 0x0621, 0x0622, 0x0622, 0x0623,
    0x0623, 0x0624, 0x0624, 0x0625, 0x0625, 0x0626, 0x0626, 0x0626,
    0x0626, 0x0627, 0x0627, 0x0628, 0x0628, 0x0628, 0x0628, 0x0629,
    0x0629, 0x062A, 0x062A, 0x062A, 0x062A, 0x062B, 0x062B, 0x062B,
    0x062B, 0x062C, 0x062C, 0x062C, 0x062C, 0x062D, 0x062D, 0x062D,
    0x062D, 0x062E, 0x062E, 0x062E, 0x062E, 0x062F, 0x062F, 0x0630,
    0x0630, 0x0631, 0x0631, 0x0632, 0x0632, 0x0633, 0x0633, 0x0633,
    0x0633, 0x0634, 0x0634, 0x0634, 0x0634, 0x0635, 0x0635, 0x0635,
    0x0635, 0x0636, 0x0636, 0x0636, 0x0636, 0x0637, 0x0637, 0x0637,
    0x0637, 0x0638, 0x0638, 0x0638, 0x0638, 0x0639, 0x0639, 0x0639,
    0x0639, 0x063A, 0x063A, 0x063A, 0x063A, 0x0641, 0x0641, 0x0641,
    0x0641, 0x0642, 0x0642, 0x0642, 0x0642, 0x0643, 0x0643, 0x0643,
    0x0643, 0x0644, 0x0644, 0x0644, 0x0644, 0x0645, 0x0645, 0x0645,
    0x0645, 0x0646, 0x0646, 0x0646, 0x0646, 0x0647, 0x0647, 0x0647,
    0x0647, 0x0648, 0x0648, 0x0649, 0x0649, 0x064A, 0x064A, 0x064A,
    0x064A, 0x0644, 0x0622, 0x0644, 0x0622, 0x0644, 0x0623, 0x0644,
    0x0623, 0x0644, 0x0625, 0x0644, 0x0625, 0x0644, 0x0627, 0x0644,
    0x0627, 0x0021, 0x0022, 0x0023, 0x0024, 0x0025, 0x0026, 0x0027,
    0x0028, 0x0029, 0x002A, 0x002B, 0x002C, 0x002D, 0x002E, 0x002F,
    0x0030, 0x0031, 0x0032, 0x0033, 0x0034, 0x0035, 0x0036, 0x0037,
    0x0038, 0x0039, 0x003A, 0x003B, 0x003C, 0x003D, 0x003E, 0x003F,
    0x0040, 0x0041, 0x0042, 0x0043, 0x0044, 0x0045, 0x0046, 0x0047,
    0x0048, 0x0049, 0x004A, 0x004B, 0x004C, 0x004D, 0x004E, 0x004F,
    0x0050, 0x0051, 0x0052, 0x0053, 0x0054, 0x0055, 0x0056, 0x0057,
    0x0058, 0x0059, 0x005A, 0x005B, 0x005C, 0x005D, 0x005E, 0x005F,
    0x0060, 0x0061, 0x0062, 0x0063, 0x0064, 0x0065, 0x0066, 0x0067,
    0x0068, 0x0069, 0x006A, 0x006B, 0x006C, 0x006D, 0x006E, 0x006F,
    0x0070, 0x0071, 0x0072, 0x0073, 0x0074, 0x0075, 0x0076, 0x0077,
    0x0078, 0x0079, 0x007A, 0x007B, 0x007C, 0x007D, 0x007E, 0x2985,
    0x2986, 0x3002, 0x300C, 0x300D, 0x3001, 0x30FB, 0x30F2, 0x30A1,
    0x30A3, 0x30A5, 0x30A7, 0x30A9, 0x30E3, 0x30E5, 0x30E7, 0x30C3,
    0x30FC, 0x30A2, 0x30A4, 0x30A6, 0x30A8, 0x30AA, 0x30AB, 0x30AD,
    0x30AF, 0x30B1, 0x30B3, 0x30B5, 0x30B7, 0x30B9, 0x30BB, 0x30BD,
    0x30BF, 0x30C1, 0x30C4, 0x30C6, 0x30C8, 0x30CA, 0x30CB, 0x30CC,
    0x30CD, 0x30CE, 0x30CF, 0x30D2, 0x30D5, 0x30D8, 0x30DB, 0x30DE,
    0x30DF, 0x30E0, 0x30E1, 0x30E2, 0x30E4, 0x30E6, 0x30E8, 0x30E9,
    0x30EA, 0x30EB, 0x30EC, 0x30ED, 0x30EF, 0x30F3, 0x3099, 0x309A,
    0x3164, 0x3131, 0x3132, 0x3133, 0x3134, 0x3135, 0x3136, 0x3137,
    0x3138, 0x3139, 0x313A, 0x313B, 0x313C, 0x313D, 0x313E, 0x313F,
    0x3140, 0x3141, 0x3142, 0x3143, 0x3144, 0x3145, 0x3146, 0x3147,
    0x3148, 0x3149, 0x314A, 0x314B, 0x314C, 0x314D, 0x314E, 0x314F,
    0x3150, 0x3151, 0x3152, 0x3153, 0x3154, 0x3155, 0x3156, 0x3157,
    0x3158, 0x3159, 0x315A, 0x315B, 0x315C, 0x315D, 0x315E, 0x315F,
    0x3160, 0x3161, 0x3162, 0x3163, 0x00A2, 0x00A3, 0x00AC, 0x00AF,
    0x00A6, 0x00A5, 0x20A9, 0x2502, 0x2190, 0x2191, 0x2192, 0x2193,
    0x25A0, 0x25CB, 0x02D0, 0x02D1, 0x00E6, 0x0299, 0x0253, 0x02A3,
    0xAB66, 0x02A5, 0x02A4, 0x0256, 0x0257, 0x1D91, 0x0258, 0x025E,
    0x02A9, 0x0264, 0x0262, 0x0260, 0x029B, 0x0127, 0x029C, 0x0267,
    0x0284, 0x02AA, 0x02AB, 0x026C, 0x1DF04, 0xA78E, 0x026E, 0x1DF05,
    0x028E, 0x1DF06, 0x00F8, 0x0276, 0x0277, 0x0071, 0x027A, 0x1DF08,
    0x027D, 0x027E, 0x0280, 0x02A8, 0x02A6, 0xAB67, 0x02A7, 0x0288,
    0x2C71, 0x028F, 0x02A1, 0x02A2, 0x0298, 0x01C0, 0x01C1, 0x01C2,
    0x1DF0A, 0x1DF1E, 0x11099, 0x110BA, 0x1109B, 0x110BA, 0x110A5, 0x110BA,
    0x11131, 0x11127, 0x11132, 0x11127, 0x11347, 0x1133E, 0x11347, 0x11357,
    0x114B9, 0x114BA, 0x114B9, 0x114B0, 0x114B9, 0x114BD, 0x115B8, 0x115AF,
    0x115B9, 0x115AF, 0x11935, 0x11930, 0x1D157, 0x1D165, 0x1D158, 0x1D165,
    0x1D15F, 0x1D16E, 0x1D15F, 0x1D16F, 0x1D15F, 0x1D170, 0x1D15F, 0x1D171,
    0x1D15F, 0x1D172, 0x1D1B9, 0x1D165, 0x1D1BA, 0x1D165, 0x1D1BB, 0x1D16E,
    0x1D1BC, 0x1D16E, 0x1D1BB, 0x1D16F, 0x1D1BC, 0x1D16F, 0x0041, 0x0042,
    0x0043, 0x0044, 0x0045, 0x0046, 0x0047, 0x0048, 0x0049, 0x004A,
    0x004B, 0x004C, 0x004D, 0x004E, 0x004F, 0x0050, 0x0051, 0x0052,
    0x0053, 0x0054, 0x0055, 0x0056, 0x0057, 0x0058, 0x0059, 0x005A,
    0x0061, 0x0062, 0x0063, 0x0064, 0x0065, 0x0066, 0x0067, 0x0068,
    0x0069, 0x006A, 0x006B, 0x006C, 0x006D, 0x006E, 0x006F, 0x0070,
    0x0071, 0x0072, 0x0073, 0x0074, 0x0075, 0x0076, 0x0077, 0x0078,
    0x0079, 0x007A, 0x0041, 0x0042, 0x0043, 0x0044, 0x0045, 0x0046,
    0x0047, 0x0048, 0x0049, 0x004A, 0x004B, 0x004C, 0x004D, 0x004E,
    0x004F, 0x0050, 0x0051, 0x0052, 0x0053, 0x0054, 0x0055, 0x0056,
    0x0057, 0x0058, 0x0059, 0x005A, 0x0061, 0x0062, 0x0063, 0x0064,
    0x0065, 0x0066, 0x0067, 0x0069, 0x006A, 0x006B, 0x006C, 0x006D,
    0x006E, 0x006F, 0x0070, 0x0071, 0x0072, 0x0073, 0x0074, 0x0075,
    0x0076, 0x0077, 0x0078, 0x0079, 0x007A, 0x0041, 0x0042, 0x0043,
    0x0044, 0x0045, 0x0046, 0x0047, 0x0048, 0x0049, 0x004A, 0x004B,
    0x004C, 0x004D, 0x004E, 0x004F, 0x0050, 0x0051, 0x0052, 0x0053,
    0x0054, 0x0055, 0x0056, 0x0057, 0x0058, 0x0059, 0x005A, 0x0061,
    0x0062, 0x0063, 0x0064, 0x0065, 0x0066, 0x0067, 0x0068, 0x0069,
    0x006A, 0x006B, 0x006C, 0x006D, 0x006E, 0x006F, 0x0070, 0x0071,
    0x0072, 0x0073, 0x0074, 0x0075, 0x0076, 0x0077, 0x0078, 0x0079,
    0x007A, 0x0041, 0x0043, 0x0044, 0x0047, 0x004A, 0x004B, 0x004E,
    0x004F, 0x0050, 0x0051, 0x0053, 0x0054, 0x0055, 0x0056, 0x0057,
    0x0058, 0x0059, 0x005A, 0x0061, 0x0062, 0x0063, 0x0064, 0x0066,
    0x0068, 0x0069, 0x006A, 0x006B, 0x006C, 0x006D, 0x006E, 0x0070,
    0x0071, 0x0072, 0x0073, 0x0074, 0x0075, 0x0076, 0x0077, 0x0078,
    0x0079, 0x007A, 0x0041, 0x0042, 0x0043, 0x0044, 0x0045, 0x0046,
    0x0047, 0x0048, 0x0049, 0x004A, 0x004B, 0x004C, 0x004D, 0x004E,
    0x004F, 0x0050, 0x0051, 0x0052, 0x0053, 0x0054, 0x0055, 0x0056,
    0x0057, 0x0058, 0x0059, 0x005A, 0x0061, 0x0062, 0x0063, 0x0064,
    0x0065, 0x0066, 0x0067, 0x0068, 0x0069, 0x006A, 0x006B, 0x006C,
    0x006D, 0x006E, 0x006F, 0x0070, 0x0071, 0x0072, 0x0073, 0x0074,
    0x0075, 0x0076, 0x0077, 0x0078, 0x0079, 0x007A, 0x0041, 0x0042,
    0x0044, 0x0045, 0x0046, 0x0047, 0x004A, 0x004B, 0x004C, 0x004D,
    0x004E, 0x004F, 0x0050, 0x0051, 0x0053, 0x0054, 0x0055, 0x0056,
    0x0057, 0x0058, 0x0059, 0x0061, 0x0062, 0x0063, 0x0064, 0x0065,
    0x0066, 0x0067, 0x0068, 0x0069, 0x006A, 0x006B, 0x006C, 0x006D,
    0x006E, 0x006F, 0x0070, 0x0071, 0x0072, 0x0073, 0x0074, 0x0075,
    0x0076, 0x0077, 0x0078, 0x0079, 0x007A, 0x0041, 0x0042, 0x0044,
    0x0045, 0x0046, 0x0047, 0x0049, 0x004A, 0x004B, 0x004C, 0x004D,
    0x004F, 0x0053, 0x0054, 0x0055, 0x0056, 0x0057, 0x0058, 0x0059,
    0x0061, 0x0062, 0x0063, 0x0064, 0x0065, 0x0066, 0x0067, 0x0068,
    0x0069, 0x006A, 0x006B, 0x006C, 0x006D, 0x006E, 0x006F, 0x0070,
    0x0071, 0x0072, 0x0073, 0x0074, 0x0075, 0x0076, 0x0077, 0x0078,
    0x0079, 0x007A, 0x0041, 0x0042, 0x0043, 0x0044, 0x0045, 0x0046,
    0x0047, 0x0048, 0x0049, 0x004A, 0x004B, 0x004C, 0x004D, 0x004E,
    0x004F, 0x0050, 0x0051, 0x0052, 0x0053, 0x0054, 0x0055, 0x0056,
    0x0057, 0x0058, 0x0059, 0x005A, 0x0061, 0x0062, 0x0063, 0x0064,
    0x0065, 0x0066, 0x0067, 0x0068, 0x0069, 0x006A, 0x006B, 0x006C,
    0x006D, 0x006E, 0x006F, 0x0070, 0x0071, 0x0072, 0x0073, 0x0074,
    0x0075, 0x0076, 0x0077, 0x0078, 0x0079, 0x007A, 0x0041, 0x0042,
    0x0043, 0x0044, 0x0045, 0x0046, 0x0047, 0x0048, 0x0049, 0x004A,
    0x004B, 0x004C, 0x004D, 0x004E, 0x004F, 0x0050, 0x0051, 0x0052,
    0x0053, 0x0054, 0x0055, 0x0056, 0x0057, 0x0058, 0x0059, 0x005A,
    0x0061, 0x0062, 0x0063, 0x0064, 0x0065, 0x0066, 0x0067, 0x0068,
    0x0069, 0x006A, 0x006B, 0x006C, 0x006D, 0x006E, 0x006F, 0x0070,
    0x0071, 0x0072, 0x0073, 0x0074, 0x0075, 0x0076, 0x0077, 0x0078,
    0x0079, 0x007A, 0x0041, 0x0042, 0x0043, 0x0044, 0x0045, 0x0046,
    0x0047, 0x0048, 0x0049, 0x004A, 0x004B, 0x004C, 0x004D, 0x004E,
    0x004F, 0x0050, 0x0051, 0x0052, 0x0053, 0x0054, 0x0055, 0x0056,
    0x0057, 0x0058, 0x0059, 0x005A, 0x0061, 0x0062, 0x0063, 0x0064,
    0x0065, 0x0066, 0x0067, 0x0068, 0x0069, 0x006A, 0x006B, 0x006C,
    0x006D, 0x006E, 0x006F, 0x0070, 0x0071, 0x0072, 0x0073, 0x0074,
    0x0075, 0x0076, 0x0077, 0x0078, 0x0079, 0x007A, 0x0041, 0x0042,
    0x0043, 0x0044, 0x0045, 0x0046, 0x0047, 0x0048, 0x0049, 0x004A,
    0x004B, 0x004C, 0x004D, 0x004E, 0x004F, 0x0050, 0x0051, 0x0052,
    0x0053, 0x0054, 0x0055, 0x0056, 0x0057, 0x0058, 0x0059, 0x005A,
    0x0061, 0x0062, 0x0063, 0x0064, 0x0065, 0x0066, 0x0067, 0x0068,
    0x0069, 0x006A, 0x006B, 0x006C, 0x006D, 0x006E, 0x006F, 0x0070,
    0x0071, 0x0072, 0x0073, 0x0074, 0x0075, 0x0076, 0x0077, 0x0078,
    0x0079, 0x007A, 0x0041, 0x0042, 0x0043, 0x0044, 0x0045, 0x0046,
    0x0047, 0x0048, 0x0049, 0x004A, 0x004B, 0x004C, 0x004D, 0x004E,
    0x004F, 0x0050, 0x0051, 0x0052, 0x0053, 0x0054, 0x0055, 0x0056,
    0x0057, 0x0058, 0x0059, 0x005A, 0x0061, 0x0062, 0x0063, 0x0064,
    0x0065, 0x0066, 0x0067, 0x0068, 0x0069, 0x006A, 0x006B, 0x006C,
    0x006D, 0x006E, 0x006F, 0x0070, 0x0071, 0x0072, 0x0073, 0x0074,
    0x0075, 0x0076, 0x0077, 0x0078, 0x0079, 0x007A, 0x0041, 0x0042,
    0x0043, 0x0044, 0x0045, 0x0046, 0x0047, 0x0048, 0x0049, 0x004A,
    0x004B, 0x004C, 0x004D, 0x004E, 0x004F, 0x0050, 0x0051, 0x0052,
    0x0053, 0x0054, 0x0055, 0x0056, 0x0057, 0x0058, 0x0059, 0x005A,
    0x0061, 0x0062, 0x0063, 0x0064, 0x0065, 0x0066, 0x0067, 0x0068,
    0x0069, 0x006A, 0x006B, 0x006C, 0x006D, 0x006E, 0x006F, 0x0070,
    0x0071, 0x0072, 0x0073, 0x0074, 0x0075, 0x0076, 0x0077, 0x0078,
    0x0079, 0x007A, 0x0131, 0x0237, 0x0391, 0x0392, 0x0393, 0x0394,
    0x0395, 0x0396, 0x0397, 0x0398, 0x0399, 0x039A, 0x039B, 0x039C,
    0x039D, 0x039E, 0x039F, 0x03A0, 0x03A1, 0x03F4, 0x03A3, 0x03A4,
    0x03A5, 0x03A6, 0x03A7, 0x03A8, 0x03A9, 0x2207, 0x03B1, 0x03B2,
    0x03B3, 0x03B4, 0x03B5, 0x03B6, 0x03B7, 0x03B8, 0x03B9, 0x03BA,
    0x03BB, 0x03BC, 0x03BD, 0x03BE, 0x03BF, 0x03C0, 0x03C1, 0x03C2,
    0x03C3, 0x03C4, 0x03C5, 0x03C6, 0x03C7, 0x03C8, 0x03C9, 0x2202,
    0x03F5, 0x03D1, 0x03F0, 0x03D5, 0x03F1, 0x03D6, 0x0391, 0x0392,
    0x0393, 0x0394, 0x0395, 0x0396, 0x0397, 0x0398, 0x0399, 0x039A,
    0x039B, 0x039C, 0x039D, 0x039E, 0x039F, 0x03A0, 0x03A1, 0x03F4,
    0x03A3, 0x03A4, 0x03A5, 0x03A6, 0x03A7, 0x03A8, 0x03A9, 0x2207,
    0x03B1, 0x03B2, 0x03B3, 0x03B4, 0x03B5, 0x03B6, 0x03B7, 0x03B8,
    0x03B9, 0x03BA, 0x03BB, 0x03BC, 0x03BD, 0x03BE, 0x03BF, 0x03C0,
    0x03C1, 0x03C2, 0x03C3, 0x03C4, 0x03C5, 0x03C6, 0x03C7, 0x03C8,
    0x03C9, 0x2202, 0x03F5, 0x03D1, 0x03F0, 0x03D5, 0x03F1, 0x03D6,
    0x0391, 0x0392, 0x0393, 0x0394, 0x0395, 0x0396, 0x0397, 0x0398,
    0x0399, 0x039A, 0x039B, 0x039C, 0x039D, 0x039E, 0x039F, 0x03A0,
    0x03A1, 0x03F4, 0x03A3, 0x03A4, 0x03A5, 0x03A6, 0x03A7, 0x03A8,
    0x03A9, 0x2207, 0x03B1, 0x03B2, 0x03B3, 0x03B4, 0x03B5, 0x03B6,
    0x03B7, 0x03B8, 0x03B9, 0x03BA, 0x03BB, 0x03BC, 0x03BD, 0x03BE,
    0x03BF, 0x03C0, 0x03C1, 0x03C2, 0x03C3, 0x03C4, 0x03C5, 0x03C6,
    0x03C7, 0x03C8, 0x03C9, 0x2202, 0x03F5, 0x03D1, 0x03F0, 0x03D5,
    0x03F1, 0x03D6, 0x0391, 0x0392, 0x0393, 0x0394, 0x0395, 0x0396,
    0x0397, 0x0398, 0x0399, 0x039A, 0x039B, 0x039C, 0x039D, 0x039E,
    0x039F, 0x03A0, 0x03A1, 0x03F4, 0x03A3, 0x03A4, 0x03A5, 0x03A6,
    0x03A7, 0x03A8, 0x03A9, 0x2207, 0x03B1, 0x03B2, 0x03B3, 0x03B4,
    0x03B5, 0x03B6, 0x03B7, 0x03B8, 0x03B9, 0x03BA, 0x03BB, 0x03BC,
    0x03BD, 0x03BE, 0x03BF, 0x03C0, 0x03C1, 0x03C2, 0x03C3, 0x03C4,
    0x03C5, 0x03C6, 0x03C7, 0x03C8, 0x03C9, 0x2202, 0x03F5, 0x03D1,
    0x03F0, 0x03D5, 0x03F1, 0x03D6, 0x0391, 0x0392, 0x0393, 0x0394,
    0x0395, 0x0396, 0x0397, 0x0398, 0x0399, 0x039A, 0x039B, 0x039C,
    0x039D, 0x039E, 0x039F, 0x03A0, 0x03A1, 0x03F4, 0x03A3, 0x03A4,
    0x03A5, 0x03A6, 0x03A7, 0x03A8, 0x03A9, 0x2207, 0x03B1, 0x03B2,
    0x03B3, 0x03B4, 0x03B5, 0x03B6, 0x03B7, 0x03B8, 0x03B9, 0x03BA,
    0x03BB, 0x03BC, 0x03BD, 0x03BE, 0x03BF, 0x03C0, 0x03C1, 0x03C2,
    0x03C3, 0x03C4, 0x03C5, 0x03C6, 0x03C7, 0x03C8, 0x03C9, 0x2202,
    0x03F5, 0x03D1, 0x03F0, 0x03D5, 0x03F1, 0x03D6, 0x03DC, 0x03DD,
    0x0030, 0x0031, 0x0032, 0x0033, 0x0034, 0x0035, 0x0036, 0x0037,
    0x0038, 0x0039, 0x0030, 0x0031, 0x0032, 0x0033, 0x0034, 0x0035,
    0x0036, 0x0037, 0x0038, 0x0039, 0x0030, 0x0031, 0x0032, 0x0033,
    0x0034, 0x0035, 0x0036, 0x0037, 0x0038, 0x0039, 0x0030, 0x0031,
    0x0032, 0x0033, 0x0034, 0x0035, 0x0036, 0x0037, 0x0038, 0x0039,
    0x0030, 0x0031, 0x0032, 0x0033, 0x0034, 0x0035, 0x0036, 0x0037,
    0x0038, 0x0039, 0x0430, 0x0431, 0x0432, 0x0433, 0x0434, 0x0435,
    0x0436, 0x0437, 0x0438, 0x043A, 0x043B, 0x043C, 0x043E, 0x043F,
    0x0440, 0x0441, 0x0442, 0x0443, 0x0444, 0x0445, 0x0446, 0x0447,
    0x0448, 0x044B, 0x044D, 0x044E, 0xA689, 0x04D9, 0x0456, 0x0458,
    0x04E9, 0x04AF, 0x04CF, 0x0430, 0x0431, 0x0432, 0x0433, 0x0434,
    0x0435, 0x0436, 0x0437, 0x0438, 0x043A, 0x043B, 0x043E, 0x043F,
    0x0441, 0x0443, 0x0444, 0x0445, 0x0446, 0x0447, 0x0448, 0x044A,
    0x044B, 0x0491, 0x0456, 0x0455, 0x045F, 0x04AB, 0xA651, 0x04B1,
    0x0627, 0x0628, 0x062C, 0x062F, 0x0648, 0x0632, 0x062D, 0x0637,
    0x064A, 0x0643, 0x0644, 0x0645, 0x0646, 0x0633, 0x0639, 0x0641,
    0x0635, 0x0642, 0x0631, 0x0634, 0x062A, 0x062B, 0x062E, 0x0630,
    0x0636, 0x0638, 0x063A, 0x066E, 0x06BA, 0x06A1, 0x066F, 0x0628,
    0x062C, 0x0647, 0x062D, 0x064A, 0x0643, 0x0644, 0x0645, 0x0646,
    0x0633, 0x0639, 0x0641, 0x0635, 0x0642, 0x0634, 0x062A, 0x062B,
    0x062E, 0x0636, 0x063A, 0x062C, 0x062D, 0x064A, 0x0644, 0x0646,
    0x0633, 0x0639, 0x0635, 0x0642, 0x0634, 0x062E, 0x0636, 0x063A,
    0x06BA, 0x066F, 0x0628, 0x062C, 0x0647, 0x062D, 0x0637, 0x064A,
    0x0643, 0x0645, 0x0646, 0x0633, 0x0639, 0x0641, 0x0635, 0x0642,
    0x0634, 0x062A, 0x062B, 0x062E, 0x0636, 0x0638, 0x063A, 0x066E,
    0x06A1, 0x0627, 0x0628, 0x062C, 0x062F, 0x0647, 0x0648, 0x0632,
    0x062D, 0x0637, 0x064A, 0x0644, 0x0645, 0x0646, 0x0633, 0x0639,
    0x0641, 0x0635, 0x0642, 0x0631, 0x0634, 0x062A, 0x062B, 0x062E,
    0x0630, 0x0636, 0x0638, 0x063A, 0x0628, 0x062C, 0x062F, 0x0648,
    0x0632, 0x062D, 0x0637, 0x064A, 0x0644, 0x0645, 0x0646, 0x0633,
    0x0639, 0x0641, 0x0635, 0x0642, 0x0631, 0x0634, 0x062A, 0x062B,
    0x062E, 0x0630, 0x0636, 0x0638, 0x063A, 0x0030, 0x002E, 0x0030,
    0x002C, 0x0031, 0x002C, 0x0032, 0x002C, 0x0033, 0x002C, 0x0034,
    0x002C, 0x0035, 0x002C, 0x0036, 0x002C, 0x0037, 0x002C, 0x0038,
    0x002C, 0x0039, 0x002C, 0x0028, 0x0041, 0x0029, 0x0028, 0x0042,
    0x0029, 0x0028, 0x0043, 0x0029, 0x0028, 0x0044, 0x0029, 0x0028,
    0x0045, 0x0029, 0x0028, 0x0046, 0x0029, 0x0028, 0x0047, 0x0029,
    0x0028, 0x0048, 0x0029, 0x0028, 0x0049, 0x0029, 0x0028, 0x004A,
    0x0029, 0x0028, 0x004B, 0x0029, 0x0028, 0x004C, 0x0029, 0x0028,
    0x004D, 0x0029, 0x0028, 0x004E, 0x0029, 0x0028, 0x004F, 0x0029,
    0x0028, 0x0050, 0x0029, 0x0028, 0x0051, 0x0029, 0x0028, 0x0052,
    0x0029, 0x0028, 0x0053, 0x0029, 0x0028, 0x0054, 0x0029, 0x0028,
    0x0055, 0x0029, 0x0028, 0x0056, 0x0029, 0x0028, 0x0057, 0x0029,
    0x0028, 0x0058, 0x0029, 0x0028, 0x0059, 0x0029, 0x0028, 0x005A,
    0x0029, 0x3014, 0x0053, 0x3015, 0x0043, 0x0052, 0x0043, 0x0044,
    0x0057, 0x005A, 0x0041, 0x0042, 0x0043, 0x0044, 0x0045, 0x0046,
    0x0047, 0x0048, 0x0049, 0x004A, 0x004B, 0x004C, 0x004D, 0x004E,
    0x004F, 0x0050, 0x0051, 0x0052, 0x0053, 0x0054, 0x0055, 0x0056,
    0x0057, 0x0058, 0x0059, 0x005A, 0x0048, 0x0056, 0x004D, 0x0056,
    0x0053, 0x0044, 0x0053, 0x0053, 0x0050, 0x0050, 0x0056, 0x0057,
    0x0043, 0x004D, 0x0043, 0x004D, 0x0044, 0x004D, 0x0052, 0x0044,
    0x004A, 0x307B, 0x304B, 0x30B3, 0x30B3, 0x30B5, 0x624B, 0x5B57,
    0x53CC, 0x30C7, 0x4E8C, 0x591A, 0x89E3, 0x5929, 0x4EA4, 0x6620,
    0x7121, 0x6599, 0x524D, 0x5F8C, 0x518D, 0x65B0, 0x521D, 0x7D42,
    0x751F, 0x8CA9, 0x58F0, 0x5439, 0x6F14, 0x6295, 0x6355, 0x4E00,
    0x4E09, 0x904A, 0x5DE6, 0x4E2D, 0x53F3, 0x6307, 0x8D70, 0x6253,
    0x7981, 0x7A7A, 0x5408, 0x6E80, 0x6709, 0x6708, 0x7533, 0x5272,
    0x55B6, 0x914D, 0x3014, 0x672C, 0x3015, 0x3014, 0x4E09, 0x3015,
    0x3014, 0x4E8C, 0x3015, 0x3014, 0x5B89, 0x3015, 0x3014, 0x70B9,
    0x3015, 0x3014, 0x6253, 0x3015, 0x3014, 0x76D7, 0x3015, 0x3014,
    0x52DD, 0x3015, 0x3014, 0x6557, 0x3015, 0x5F97, 0x53EF, 0x0030,
    0x0031, 0x0032, 0x0033, 0x0034, 0x0035, 0x0036, 0x0037, 0x0038,
    0x0039, 0x4E3D, 0x4E38, 0x4E41, 0x20122, 0x4F60, 0x4FAE, 0x4FBB,
    0x5002, 0x507A, 0x5099, 0x50E7, 0x50CF, 0x349E, 0x2063A, 0x514D,
    0x5154, 0x5164, 0x5177, 0x2051C, 0x34B9, 0x5167, 0x518D, 0x2054B,
    0x5197, 0x51A4, 0x4ECC, 0x51AC, 0x51B5, 0x291DF, 0x51F5, 0x5203,
    0x34DF, 0x523B, 0x5246, 0x5272, 0x5277, 0x3515, 0x52C7, 0x52C9,
    0x52E4, 0x52FA, 0x5305, 0x5306, 0x5317, 0x5349, 0x5351, 0x535A,
    0x5373, 0x537D, 0x537F, 0x537F, 0x537F, 0x20A2C, 0x7070, 0x53CA,
    0x53DF, 0x20B63, 0x53EB, 0x53F1, 0x5406, 0x549E, 0x5438, 0x5448,
    0x5468, 0x54A2, 0x54F6, 0x5510, 0x5553, 0x5563, 0x5584, 0x5584,
    0x5599, 0x55AB, 0x55B3, 0x55C2, 0x5716, 0x5606, 0x5717, 0x5651,
    0x5674, 0x5207, 0x58EE, 0x57CE, 0x57F4, 0x580D, 0x578B, 0x5832,
    0x5831, 0x58AC, 0x214E4, 0x58F2, 0x58F7, 0x5906, 0x591A, 0x5922,
    0x5962, 0x216A8, 0x216EA, 0x59EC, 0x5A1B, 0x5A27, 0x59D8, 0x5A66,
    0x36EE, 0x36FC, 0x5B08, 0x5B3E, 0x5B3E, 0x219C8, 0x5BC3, 0x5BD8,
    0x5BE7, 0x5BF3, 0x21B18, 0x5BFF, 0x5C06, 0x5F53, 0x5C22, 0x3781,
    0x5C60, 0x5C6E, 0x5CC0, 0x5C8D, 0x21DE4, 0x5D43, 0x21DE6, 0x5D6E,
    0x5D6B, 0x5D7C, 0x5DE1, 0x5DE2, 0x382F, 0x5DFD, 0x5E28, 0x5E3D,
    0x5E69, 0x3862, 0x22183, 0x387C, 0x5EB0, 0x5EB3, 0x5EB6, 0x5ECA,
    0x2A392, 0x5EFE, 0x22331, 0x22331, 0x8201, 0x5F22, 0x5F22, 0x38C7,
    0x232B8, 0x261DA, 0x5F62, 0x5F6B, 0x38E3, 0x5F9A, 0x5FCD, 0x5FD7,
    0x5FF9, 0x6081, 0x393A, 0x391C, 0x6094, 0x226D4, 0x60C7, 0x6148,
    0x614C, 0x614E, 0x614C, 0x617A, 0x618E, 0x61B2, 0x61A4, 0x61AF,
    0x61DE, 0x61F2, 0x61F6, 0x6210, 0x621B, 0x625D, 0x62B1, 0x62D4,
    0x6350, 0x22B0C, 0x633D, 0x62FC, 0x6368, 0x6383, 0x63E4, 0x22BF1,
    0x6422, 0x63C5, 0x63A9, 0x3A2E, 0x6469, 0x647E, 0x649D, 0x6477,
    0x3A6C, 0x654F, 0x656C, 0x2300A, 0x65E3, 0x66F8, 0x6649, 0x3B19,
    0x6691, 0x3B08, 0x3AE4, 0x5192, 0x5195, 0x6700, 0x669C, 0x80AD,
    0x43D9, 0x6717, 0x671B, 0x6721, 0x675E, 0x6753, 0x233C3, 0x3B49,
    0x67FA, 0x6785, 0x6852, 0x6885, 0x2346D, 0x688E, 0x681F, 0x6914,
    0x3B9D, 0x6942, 0x69A3, 0x69EA, 0x6AA8, 0x236A3, 0x6ADB, 0x3C18,
    0x6B21, 0x238A7, 0x6B54, 0x3C4E, 0x6B72, 0x6B9F, 0x6BBA, 0x6BBB,
    0x23A8D, 0x21D0B, 0x23AFA, 0x6C4E, 0x23CBC, 0x6CBF, 0x6CCD, 0x6C67,
    0x6D16, 0x6D3E, 0x6D77, 0x6D41, 0x6D69, 0x6D78, 0x6D85, 0x23D1E,
    0x6D34, 0x6E2F, 0x6E6E, 0x3D33, 0x6ECB, 0x6EC7, 0x23ED1, 0x6DF9,
    0x6F6E, 0x23F5E, 0x23F8E, 0x6FC6, 0x7039, 0x701E, 0x701B, 0x3D96,
    0x704A, 0x707D, 0x7077, 0x70AD, 0x20525, 0x7145, 0x24263, 0x719C,
    0x243AB, 0x7228, 0x7235, 0x7250, 0x24608, 0x7280, 0x7295, 0x24735,
    0x24814, 0x737A, 0x738B, 0x3EAC, 0x73A5, 0x3EB8, 0x3EB8, 0x7447,
    0x745C, 0x7471, 0x7485, 0x74CA, 0x3F1B, 0x7524, 0x24C36, 0x753E,
    0x24C92, 0x7570, 0x2219F, 0x7610, 0x24FA1, 0x24FB8, 0x25044, 0x3FFC,
    0x4008, 0x76F4, 0x250F3, 0x250F2, 0x25119, 0x25133, 0x771E, 0x771F,
    0x771F, 0x774A, 0x4039, 0x778B, 0x4046, 0x4096, 0x2541D, 0x784E,
    0x788C, 0x78CC, 0x40E3, 0x25626, 0x7956, 0x2569A, 0x256C5, 0x798F,
    0x79EB, 0x412F, 0x7A40, 0x7A4A, 0x7A4F, 0x2597C, 0x25AA7, 0x25AA7,
    0x7AEE, 0x4202, 0x25BAB, 0x7BC6, 0x7BC9, 0x4227, 0x25C80, 0x7CD2,
    0x42A0, 0x7CE8, 0x7CE3, 0x7D00, 0x25F86, 0x7D63, 0x4301, 0x7DC7,
    0x7E02, 0x7E45, 0x4334, 0x26228, 0x26247, 0x4359, 0x262D9, 0x7F7A,
    0x2633E, 0x7F95, 0x7FFA, 0x8005, 0x264DA, 0x26523, 0x8060, 0x265A8,
    0x8070, 0x2335F, 0x43D5, 0x80B2, 0x8103, 0x440B, 0x813E, 0x5AB5,
    0x267A7, 0x267B5, 0x23393, 0x2339C, 0x8201, 0x8204, 0x8F9E, 0x446B,
    0x8291, 0x828B, 0x829D, 0x52B3, 0x82B1, 0x82B3, 0x82BD, 0x82E6,
    0x26B3C, 0x82E5, 0x831D, 0x8363, 0x83AD, 0x8323, 0x83BD, 0x83E7,
    0x8457, 0x8353, 0x83CA, 0x83CC, 0x83DC, 0x26C36, 0x26D6B, 0x26CD5,
    0x452B, 0x84F1, 0x84F3, 0x8516, 0x273CA, 0x8564, 0x26F2C, 0x455D,
    0x4561, 0x26FB1, 0x270D2, 0x456B, 0x8650, 0x865C, 0x8667, 0x8669,
    0x86A9, 0x8688, 0x870E, 0x86E2, 0x8779, 0x8728, 0x876B, 0x8786,
    0x45D7, 0x87E1, 0x8801, 0x45F9, 0x8860, 0x8863, 0x27667, 0x88D7,
    0x88DE, 0x4635, 0x88FA, 0x34BB, 0x278AE, 0x27966, 0x46BE, 0x46C7,
    0x8AA0, 0x8AED, 0x8B8A, 0x8C55, 0x27CA8, 0x8CAB, 0x8CC1, 0x8D1B,
    0x8D77, 0x27F2F, 0x20804, 0x8DCB, 0x8DBC, 0x8DF0, 0x208DE, 0x8ED4,
    0x8F38, 0x285D2, 0x285ED, 0x9094, 0x90F1, 0x9111, 0x2872E, 0x911B,
    0x9238, 0x92D7, 0x92D8, 0x927C, 0x93F9, 0x9415, 0x28BFA, 0x958B,
    0x4995, 0x95B7, 0x28D77, 0x49E6, 0x96C3, 0x5DB2, 0x9723, 0x29145,
    0x2921A, 0x4A6E, 0x4A76, 0x97E0, 0x2940A, 0x4AB2, 0x29496, 0x980B,
    0x980B, 0x9829, 0x295B6, 0x98E2, 0x4B33, 0x9929, 0x99A7, 0x99C2,
    0x99FE, 0x4BCE, 0x29B30, 0x9B12, 0x9C40, 0x9CFD, 0x4CCE, 0x4CED,
    0x9D67, 0x2A0CE, 0x4CF8, 0x2A105, 0x2A20E, 0x2A291, 0x9EBB, 0x4D56,
    0x9EF9, 0x9EFE, 0x9F05, 0x9F0F, 0x9F16, 0x9F3B, 0x2A600,
};

static const unicode_decomp_entry unicode_decomp_table[] = {
    {0x00A0, 0, 1, 1},
    {0x00A8, 1, 2, 1},
    {0x00AA, 3, 1, 1},
    {0x00AF, 4, 2, 1},
    {0x00B2, 6, 1, 1},
    {0x00B3, 7, 1, 1},
    {0x00B4, 8, 2, 1},
    {0x00B5, 10, 1, 1},
    {0x00B8, 11, 2, 1},
    {0x00B9, 13, 1, 1},
    {0x00BA, 14, 1, 1},
    {0x00BC, 15, 3, 1},
    {0x00BD, 18, 3, 1},
    {0x00BE, 21, 3, 1},
    {0x00C0, 24, 2, 0},
    {0x00C1, 26, 2, 0},
    {0x00C2, 28, 2, 0},
    {0x00C3, 30, 2, 0},
    {0x00C4, 32, 2, 0},
    {0x00C5, 34, 2, 0},
    {0x00C7, 36, 2, 0},
    {0x00C8, 38, 2, 0},
    {0x00C9, 40, 2, 0},
    {0x00CA, 42, 2, 0},
    {0x00CB, 44, 2, 0},
    {0x00CC, 46, 2, 0},
    {0x00CD, 48, 2, 0},
    {0x00CE, 50, 2, 0},
    {0x00CF, 52, 2, 0},
    {0x00D1, 54, 2, 0},
    {0x00D2, 56, 2, 0},
    {0x00D3, 58, 2, 0},
    {0x00D4, 60, 2, 0},
    {0x00D5, 62, 2, 0},
    {0x00D6, 64, 2, 0},
    {0x00D9, 66, 2, 0},
    {0x00DA, 68, 2, 0},
    {0x00DB, 70, 2, 0},
    {0x00DC, 72, 2, 0},
    {0x00DD, 74, 2, 0},
    {0x00E0, 76, 2, 0},
    {0x00E1, 78, 2, 0},
    {0x00E2, 80, 2, 0},
    {0x00E3, 82, 2, 0},
    {0x00E4, 84, 2, 0},
    {0x00E5, 86, 2, 0},
    {0x00E7, 88, 2, 0},
    {0x00E8, 90, 2, 0},
    {0x00E9, 92, 2, 0},
    {0x00EA, 94, 2, 0},
    {0x00EB, 96, 2, 0},
    {0x00EC, 98, 2, 0},
    {0x00ED, 100, 2, 0},
    {0x00EE, 102, 2, 0},
    {0x00EF, 104, 2, 0},
    {0x00F1, 106, 2, 0},
    {0x00F2, 108, 2, 0},
    {0x00F3, 110, 2, 0},
    {0x00F4, 112, 2, 0},
    {0x00F5, 114, 2, 0},
    {0x00F6, 116, 2, 0},
    {0x00F9, 118, 2, 0},
    {0x00FA, 120, 2, 0},
    {0x00FB, 122, 2, 0},
    {0x00FC, 124, 2, 0},
    {0x00FD, 126, 2, 0},
    {0x00FF, 128, 2, 0},
    {0x0100, 130, 2, 0},
    {0x0101, 132, 2, 0},
    {0x0102, 134, 2, 0},
    {0x0103, 136, 2, 0},
    {0x0104, 138, 2, 0},
    {0x0105, 140, 2, 0},
    {0x0106, 142, 2, 0},
    {0x0107, 144, 2, 0},
    {0x0108, 146, 2, 0},
    {0x0109, 148, 2, 0},
    {0x010A, 150, 2, 0},
    {0x010B, 152, 2, 0},
    {0x010C, 154, 2, 0},
    {0x010D, 156, 2, 0},
    {0x010E, 158, 2, 0},
    {0x010F, 160, 2, 0},
    {0x0112, 162, 2, 0},
    {0x0113, 164, 2, 0},
    {0x0114, 166, 2, 0},
    {0x0115, 168, 2, 0},
    {0x0116, 170, 2, 0},
    {0x0117, 172, 2, 0},
    {0x0118, 174, 2, 0},
    {0x0119, 176, 2, 0},
    {0x011A, 178, 2, 0},
    {0x011B, 180, 2, 0},
    {0x011C, 182, 2, 0},
    {0x011D, 184, 2, 0},
    {0x011E, 186, 2, 0},
    {0x011F, 188, 2, 0},
    {0x0120, 190, 2, 0},
    {0x0121, 192, 2, 0},
    {0x0122, 194, 2, 0},
    {0x0123, 196, 2, 0},
    {0x0124, 198, 2, 0},
    {0x0125, 200, 2, 0},
    {0x0128, 202, 2, 0},
    {0x0129, 204, 2, 0},
    {0x012A, 206, 2, 0},
    {0x012B, 208, 2, 0},
    {0x012C, 210, 2, 0},
    {0x012D, 212, 2, 0},
    {0x012E, 214, 2, 0},
    {0x012F, 216, 2, 0},
    {0x0130, 218, 2, 0},
    {0x0132, 220, 2, 1},
    {0x0133, 222, 2, 1},
    {0x0134, 224, 2, 0},
    {0x0135, 226, 2, 0},
    {0x0136, 228, 2, 0},
    {0x0137, 230, 2, 0},
    {0x0139, 232, 2, 0},
    {0x013A, 234, 2, 0},
    {0x013B, 236, 2, 0},
    {0x013C, 238, 2, 0},
    {0x013D, 240, 2, 0},
    {0x013E, 242, 2, 0},
    {0x013F, 244, 2, 1},
    {0x0140, 246, 2, 1},
    {0x0143, 248, 2, 0},
    {0x0144, 250, 2, 0},
    {0x0145, 252, 2, 0},
    {0x0146, 254, 2, 0},
    {0x0147, 256, 2, 0},
    {0x0148, 258, 2, 0},
    {0x0149, 260, 2, 1},
    {0x014C, 262, 2, 0},
    {0x014D, 264, 2, 0},
    {0x014E, 266, 2, 0},
    {0x014F, 268, 2, 0},
    {0x0150, 270, 2, 0},
    {0x0151, 272, 2, 0},
    {0x0154, 274, 2, 0},
    {0x0155, 276, 2, 0},
    {0x0156, 278, 2, 0},
    {0x0157, 280, 2, 0},
    {0x0158, 282, 2, 0},
    {0x0159, 284, 2, 0},
    {0x015A, 286, 2, 0},
    {0x015B, 288, 2, 0},
    {0x015C, 290, 2, 0},
    {0x015D, 292, 2, 0},
    {0x015E, 294, 2, 0},
    {0x015F, 296, 2, 0},
    {0x0160, 298, 2, 0},
    {0x0161, 300, 2, 0},
    {0x0162, 302, 2, 0},
    {0x0163, 304, 2, 0},
    {0x0164, 306, 2, 0},
    {0x0165, 308, 2, 0},
    {0x0168, 310, 2, 0},
    {0x0169, 312, 2, 0},
    {0x016A, 314, 2, 0},
    {0x016B, 316, 2, 0},
    {0x016C, 318, 2, 0},
    {0x016D, 320, 2, 0},
    {0x016E, 322, 2, 0},
    {0x016F, 324, 2, 0},
    {0x0170, 326, 2, 0},
    {0x0171, 328, 2, 0},
    {0x0172, 330, 2, 0},
    {0x0173, 332, 2, 0},
    {0x0174, 334, 2, 0},
    {0x0175, 336, 2, 0},
    {0x0176, 338, 2, 0},
    {0x0177, 340, 2, 0},
    {0x0178, 342, 2, 0},
    {0x0179, 344, 2, 0},
    {0x017A, 346, 2, 0},
    {0x017B, 348, 2, 0},
    {0x017C, 350, 2, 0},
    {0x017D, 352, 2, 0},
    {0x017E, 354, 2, 0},
    {0x017F, 356, 1, 1},
    {0x01A0, 357, 2, 0},
    {0x01A1, 359, 2, 0},
    {0x01AF, 361, 2, 0},
    {0x01B0, 363, 2, 0},
    {0x01C4, 365, 2, 1},
    {0x01C5, 367, 2, 1},
    {0x01C6, 369, 2, 1},
    {0x01C7, 371, 2, 1},
    {0x01C8, 373, 2, 1},
    {0x01C9, 375, 2, 1},
    {0x01CA, 377, 2, 1},
    {0x01CB, 379, 2, 1},
    {0x01CC, 381, 2, 1},
    {0x01CD, 383, 2, 0},
    {0x01CE, 385, 2, 0},
    {0x01CF, 387, 2, 0},
    {0x01D0, 389, 2, 0},
    {0x01D1, 391, 2, 0},
    {0x01D2, 393, 2, 0},
    {0x01D3, 395, 2, 0},
    {0x01D4, 397, 2, 0},
    {0x01D5, 399, 2, 0},
    {0x01D6, 401, 2, 0},
    {0x01D7, 403, 2, 0},
    {0x01D8, 405, 2, 0},
    {0x01D9, 407, 2, 0},
    {0x01DA, 409, 2, 0},
    {0x01DB, 411, 2, 0},
    {0x01DC, 413, 2, 0},
    {0x01DE, 415, 2, 0},
    {0x01DF, 417, 2, 0},
    {0x01E0, 419, 2, 0},
    {0x01E1, 421, 2, 0},
    {0x01E2, 423, 2, 0},
    {0x01E3, 425, 2, 0},
    {0x01E6, 427, 2, 0},
    {0x01E7, 429, 2, 0},
    {0x01E8, 431, 2, 0},
    {0x01E9, 433, 2, 0},
    {0x01EA, 435, 2, 0},
    {0x01EB, 437, 2, 0},
    {0x01EC, 439, 2, 0},
    {0x01ED, 441, 2, 0},
    {0x01EE, 443, 2, 0},
    {0x01EF, 445, 2, 0},
    {0x01F0, 447, 2, 0},
    {0x01F1, 449, 2, 1},
    {0x01F2, 451, 2, 1},
    {0x01F3, 453, 2, 1},
    {0x01F4, 455, 2, 0},
    {0x01F5, 457, 2, 0},
    {0x01F8, 459, 2, 0},
    {0x01F9, 461, 2, 0},
    {0x01FA, 463, 2, 0},
    {0x01FB, 465, 2, 0},
    {0x01FC, 467, 2, 0},
    {0x01FD, 469, 2, 0},
    {0x01FE, 471, 2, 0},
    {0x01FF, 473, 2, 0},
    {0x0200, 475, 2, 0},
    {0x0201, 477, 2, 0},
    {0x0202, 479, 2, 0},
    {0x0203, 481, 2, 0},
    {0x0204, 483, 2, 0},
    {0x0205, 485, 2, 0},
    {0x0206, 487, 2, 0},
    {0x0207, 489, 2, 0},
    {0x0208, 491, 2, 0},
    {0x0209, 493, 2, 0},
    {0x020A, 495, 2, 0},
    {0x020B, 497, 2, 0},
    {0x020C, 499, 2, 0},
    {0x020D, 501, 2, 0},
    {0x020E, 503, 2, 0},
    {0x020F, 505, 2, 0},
    {0x0210, 507, 2, 0},
    {0x0211, 509, 2, 0},
    {0x0212, 511, 2, 0},
    {0x0213, 513, 2, 0},
    {0x0214, 515, 2, 0},
    {0x0215, 517, 2, 0},
    {0x0216, 519, 2, 0},
    {0x0217, 521, 2, 0},
    {0x0218, 523, 2, 0},
    {0x0219, 525, 2, 0},
    {0x021A, 527, 2, 0},
    {0x021B, 529, 2, 0},
    {0x021E, 531, 2, 0},
    {0x021F, 533, 2, 0},
    {0x0226, 535, 2, 0},
    {0x0227, 537, 2, 0},
    {0x0228, 539, 2, 0},
    {0x0229, 541, 2, 0},
    {0x022A, 543, 2, 0},
    {0x022B, 545, 2, 0},
    {0x022C, 547, 2, 0},
    {0x022D, 549, 2, 0},
    {0x022E, 551, 2, 0},
    {0x022F, 553, 2, 0},
    {0x0230, 555, 2, 0},
    {0x0231, 557, 2, 0},
    {0x0232, 559, 2, 0},
    {0x0233, 561, 2, 0},
    {0x02B0, 563, 1, 1},
    {0x02B1, 564, 1, 1},
    {0x02B2, 565, 1, 1},
    {0x02B3, 566, 1, 1},
    {0x02B4, 567, 1, 1},
    {0x02B5, 568, 1, 1},
    {0x02B6, 569, 1, 1},
    {0x02B7, 570, 1, 1},
    {0x02B8, 571, 1, 1},
    {0x02D8, 572, 2, 1},
    {0x02D9, 574, 2, 1},
    {0x02DA, 576, 2, 1},
    {0x02DB, 578, 2, 1},
    {0x02DC, 580, 2, 1},
    {0x02DD, 582, 2, 1},
    {0x02E0, 584, 1, 1},
    {0x02E1, 585, 1, 1},
    {0x02E2, 586, 1, 1},
    {0x02E3, 587, 1, 1},
    {0x02E4, 588, 1, 1},
    {0x0340, 589, 1, 0},
    {0x0341, 590, 1, 0},
    {0x0343, 591, 1, 0},
    {0x0344, 592, 2, 0},
    {0x0374, 594, 1, 0},
    {0x037A, 595, 2, 1},
    {0x037E, 597, 1, 0},
    {0x0384, 598, 2, 1},
    {0x0385, 600, 2, 0},
    {0x0386, 602, 2, 0},
    {0x0387, 604, 1, 0},
    {0x0388, 605, 2, 0},
    {0x0389, 607, 2, 0},
    {0x038A, 609, 2, 0},
    {0x038C, 611, 2, 0},
    {0x038E, 613, 2, 0},
    {0x038F, 615, 2, 0},
    {0x0390, 617, 2, 0},
    {0x03AA, 619, 2, 0},
    {0x03AB, 621, 2, 0},
    {0x03AC, 623, 2, 0},
    {0x03AD, 625, 2, 0},
    {0x03AE, 627, 2, 0},
    {0x03AF, 629, 2, 0},
    {0x03B0, 631, 2, 0},
    {0x03CA, 633, 2, 0},
    {0x03CB, 635, 2, 0},
    {0x03CC, 637, 2, 0},
    {0x03CD, 639, 2, 0},
    {0x03CE, 641, 2, 0},
    {0x03D0, 643, 1, 1},
    {0x03D1, 644, 1, 1},
    {0x03D2, 645, 1, 1},
    {0x03D3, 646, 2, 0},
    {0x03D4, 648, 2, 0},
    {0x03D5, 650, 1, 1},
    {0x03D6, 651, 1, 1},
    {0x03F0, 652, 1, 1},
    {0x03F1, 653, 1, 1},
    {0x03F2, 654, 1, 1},
    {0x03F4, 655, 1, 1},
    {0x03F5, 656, 1, 1},
    {0x03F9, 657, 1, 1},
    {0x0400, 658, 2, 0},
    {0x0401, 660, 2, 0},
    {0x0403, 662, 2, 0},
    {0x0407, 664, 2, 0},
    {0x040C, 666, 2, 0},
    {0x040D, 668, 2, 0},
    {0x040E, 670, 2, 0},
    {0x0419, 672, 2, 0},
    {0x0439, 674, 2, 0},
    {0x0450, 676, 2, 0},
    {0x0451, 678, 2, 0},
    {0x0453, 680, 2, 0},
    {0x0457, 682, 2, 0},
    {0x045C, 684, 2, 0},
    {0x045D, 686, 2, 0},
    {0x045E, 688, 2, 0},
    {0x0476, 690, 2, 0},
    {0x0477, 692, 2, 0},
    {0x04C1, 694, 2, 0},
    {0x04C2, 696, 2, 0},
    {0x04D0, 698, 2, 0},
    {0x04D1, 700, 2, 0},
    {0x04D2, 702, 2, 0},
    {0x04D3, 704, 2, 0},
    {0x04D6, 706, 2, 0},
    {0x04D7, 708, 2, 0},
    {0x04DA, 710, 2, 0},
    {0x04DB, 712, 2, 0},
    {0x04DC, 714, 2, 0},
    {0x04DD, 716, 2, 0},
    {0x04DE, 718, 2, 0},
    {0x04DF, 720, 2, 0},
    {0x04E2, 722, 2, 0},
    {0x04E3, 724, 2, 0},
    {0x04E4, 726, 2, 0},
    {0x04E5, 728, 2, 0},
    {0x04E6, 730, 2, 0},
    {0x04E7, 732, 2, 0},
    {0x04EA, 734, 2, 0},
    {0x04EB, 736, 2, 0},
    {0x04EC, 738, 2, 0},
    {0x04ED, 740, 2, 0},
    {0x04EE, 742, 2, 0},
    {0x04EF, 744, 2, 0},
    {0x04F0, 746, 2, 0},
    {0x04F1, 748, 2, 0},
    {0x04F2, 750, 2, 0},
    {0x04F3, 752, 2, 0},
    {0x04F4, 754, 2, 0},
    {0x04F5, 756, 2, 0},
    {0x04F8, 758, 2, 0},
    {0x04F9, 760, 2, 0},
    {0x0587, 762, 2, 1},
    {0x0622, 764, 2, 0},
    {0x0623, 766, 2, 0},
    {0x0624, 768, 2, 0},
    {0x0625, 770, 2, 0},
    {0x0626, 772, 2, 0},
    {0x0675, 774, 2, 1},
    {0x0676, 776, 2, 1},
    {0x0677, 778, 2, 1},
    {0x0678, 780, 2, 1},
    {0x06C0, 782, 2, 0},
    {0x06C2, 784, 2, 0},
    {0x06D3, 786, 2, 0},
    {0x0929, 788, 2, 0},
    {0x0931, 790, 2, 0},
    {0x0934, 792, 2, 0},
    {0x0958, 794, 2, 0},
    {0x0959, 796, 2, 0},
    {0x095A, 798, 2, 0},
    {0x095B, 800, 2, 0},
    {0x095C, 802, 2, 0},
    {0x095D, 804, 2, 0},
    {0x095E, 806, 2, 0},
    {0x095F, 808, 2, 0},
    {0x09CB, 810, 2, 0},
    {0x09CC, 812, 2, 0},
    {0x09DC, 814, 2, 0},
    {0x09DD, 816, 2, 0},
    {0x09DF, 818, 2, 0},
    {0x0A33, 820, 2, 0},
    {0x0A36, 822, 2, 0},
    {0x0A59, 824, 2, 0},
    {0x0A5A, 826, 2, 0},
    {0x0A5B, 828, 2, 0},
    {0x0A5E, 830, 2, 0},
    {0x0B48, 832, 2, 0},
    {0x0B4B, 834, 2, 0},
    {0x0B4C, 836, 2, 0},
    {0x0B5C, 838, 2, 0},
    {0x0B5D, 840, 2, 0},
    {0x0B94, 842, 2, 0},
    {0x0BCA, 844, 2, 0},
    {0x0BCB, 846, 2, 0},
    {0x0BCC, 848, 2, 0},
    {0x0C48, 850, 2, 0},
    {0x0CC0, 852, 2, 0},
    {0x0CC7, 854, 2, 0},
    {0x0CC8, 856, 2, 0},
    {0x0CCA, 858, 2, 0},
    {0x0CCB, 860, 2, 0},
    {0x0D4A, 862, 2, 0},
    {0x0D4B, 864, 2, 0},
    {0x0D4C, 866, 2, 0},
    {0x0DDA, 868, 2, 0},
    {0x0DDC, 870, 2, 0},
    {0x0DDD, 872, 2, 0},
    {0x0DDE, 874, 2, 0},
    {0x0E33, 876, 2, 1},
    {0x0EB3, 878, 2, 1},
    {0x0EDC, 880, 2, 1},
    {0x0EDD, 882, 2, 1},
    {0x0F0C, 884, 1, 1},
    {0x0F43, 885, 2, 0},
    {0x0F4D, 887, 2, 0},
    {0x0F52, 889, 2, 0},
    {0x0F57, 891, 2, 0},
    {0x0F5C, 893, 2, 0},
    {0x0F69, 895, 2, 0},
    {0x0F73, 897, 2, 0},
    {0x0F75, 899, 2, 0},
    {0x0F76, 901, 2, 0},
    {0x0F77, 903, 2, 1},
    {0x0F78, 905, 2, 0},
    {0x0F79, 907, 2, 1},
    {0x0F81, 909, 2, 0},
    {0x0F93, 911, 2, 0},
    {0x0F9D, 913, 2, 0},
    {0x0FA2, 915, 2, 0},
    {0x0FA7, 917, 2, 0},
    {0x0FAC, 919, 2, 0},
    {0x0FB9, 921, 2, 0},
    {0x1026, 923, 2, 0},
    {0x10FC, 925, 1, 1},
    {0x1B06, 926, 2, 0},
    {0x1B08, 928, 2, 0},
    {0x1B0A, 930, 2, 0},
    {0x1B0C, 932, 2, 0},
    {0x1B0E, 934, 2, 0},
    {0x1B12, 936, 2, 0},
    {0x1B3B, 938, 2, 0},
    {0x1B3D, 940, 2, 0},
    {0x1B40, 942, 2, 0},
    {0x1B41, 944, 2, 0},
    {0x1B43, 946, 2, 0},
    {0x1D2C, 948, 1, 1},
    {0x1D2D, 949, 1, 1},
    {0x1D2E, 950, 1, 1},
    {0x1D30, 951, 1, 1},
    {0x1D31, 952, 1, 1},
    {0x1D32, 953, 1, 1},
    {0x1D33, 954, 1, 1},
    {0x1D34, 955, 1, 1},
    {0x1D35, 956, 1, 1},
    {0x1D36, 957, 1, 1},
    {0x1D37, 958, 1, 1},
    {0x1D38, 959, 1, 1},
    {0x1D39, 960, 1, 1},
    {0x1D3A, 961, 1, 1},
    {0x1D3C, 962, 1, 1},
    {0x1D3D, 963, 1, 1},
    {0x1D3E, 964, 1, 1},
    {0x1D3F, 965, 1, 1},
    {0x1D40, 966, 1, 1},
    {0x1D41, 967, 1, 1},
    {0x1D42, 968, 1, 1},
    {0x1D43, 969, 1, 1},
    {0x1D44, 970, 1, 1},
    {0x1D45, 971, 1, 1},
    {0x1D46, 972, 1, 1},
    {0x1D47, 973, 1, 1},
    {0x1D48, 974, 1, 1},
    {0x1D49, 975, 1, 1},
    {0x1D4A, 976, 1, 1},
    {0x1D4B, 977, 1, 1},
    {0x1D4C, 978, 1, 1},
    {0x1D4D, 979, 1, 1},
    {0x1D4F, 980, 1, 1},
    {0x1D50, 981, 1, 1},
    {0x1D51, 982, 1, 1},
    {0x1D52, 983, 1, 1},
    {0x1D53, 984, 1, 1},
    {0x1D54, 985, 1, 1},
    {0x1D55, 986, 1, 1},
    {0x1D56, 987, 1, 1},
    {0x1D57, 988, 1, 1},
    {0x1D58, 989, 1, 1},
    {0x1D59, 990, 1, 1},
    {0x1D5A, 991, 1, 1},
    {0x1D5B, 992, 1, 1},
    {0x1D5C, 993, 1, 1},
    {0x1D5D, 994, 1, 1},
    {0x1D5E, 995, 1, 1},
    {0x1D5F, 996, 1, 1},
    {0x1D60, 997, 1, 1},
    {0x1D61, 998, 1, 1},
    {0x1D62, 999, 1, 1},
    {0x1D63, 1000, 1, 1},
    {0x1D64, 1001, 1, 1},
    {0x1D65, 1002, 1, 1},
    {0x1D66, 1003, 1, 1},
    {0x1D67, 1004, 1, 1},
    {0x1D68, 1005, 1, 1},
    {0x1D69, 1006, 1, 1},
    {0x1D6A, 1007, 1, 1},
    {0x1D78, 1008, 1, 1},
    {0x1D9B, 1009, 1, 1},
    {0x1D9C, 1010, 1, 1},
    {0x1D9D, 1011, 1, 1},
    {0x1D9E, 1012, 1, 1},
    {0x1D9F, 1013, 1, 1},
    {0x1DA0, 1014, 1, 1},
    {0x1DA1, 1015, 1, 1},
    {0x1DA2, 1016, 1, 1},
    {0x1DA3, 1017, 1, 1},
    {0x1DA4, 1018, 1, 1},
    {0x1DA5, 1019, 1, 1},
    {0x1DA6, 1020, 1, 1},
    {0x1DA7, 1021, 1, 1},
    {0x1DA8, 1022, 1, 1},
    {0x1DA9, 1023, 1, 1},
    {0x1DAA, 1024, 1, 1},
    {0x1DAB, 1025, 1, 1},
    {0x1DAC, 1026, 1, 1},
    {0x1DAD, 1027, 1, 1},
    {0x1DAE, 1028, 1, 1},
    {0x1DAF, 1029, 1, 1},
    {0x1DB0, 1030, 1, 1},
    {0x1DB1, 1031, 1, 1},
    {0x1DB2, 1032, 1, 1},
    {0x1DB3, 1033, 1, 1},
    {0x1DB4, 1034, 1, 1},
    {0x1DB5, 1035, 1, 1},
    {0x1DB6, 1036, 1, 1},
    {0x1DB7, 1037, 1, 1},
    {0x1DB8, 1038, 1, 1},
    {0x1DB9, 1039, 1, 1},
    {0x1DBA, 1040, 1, 1},
    {0x1DBB, 1041, 1, 1},
    {0x1DBC, 1042, 1, 1},
    {0x1DBD, 1043, 1, 1},
    {0x1DBE, 1044, 1, 1},
    {0x1DBF, 1045, 1, 1},
    {0x1E00, 1046, 2, 0},
    {0x1E01, 1048, 2, 0},
    {0x1E02, 1050, 2, 0},
    {0x1E03, 1052, 2, 0},
    {0x1E04, 1054, 2, 0},
    {0x1E05, 1056, 2, 0},
    {0x1E06, 1058, 2, 0},
    {0x1E07, 1060, 2, 0},
    {0x1E08, 1062, 2, 0},
    {0x1E09, 1064, 2, 0},
    {0x1E0A, 1066, 2, 0},
    {0x1E0B, 1068, 2, 0},
    {0x1E0C, 1070, 2, 0},
    {0x1E0D, 1072, 2, 0},
    {0x1E0E, 1074, 2, 0},
    {0x1E0F, 1076, 2, 0},
    {0x1E10, 1078, 2, 0},
    {0x1E11, 1080, 2, 0},
    {0x1E12, 1082, 2, 0},
    {0x1E13, 1084, 2, 0},
    {0x1E14, 1086, 2, 0},
    {0x1E15, 1088, 2, 0},
    {0x1E16, 1090, 2, 0},
    {0x1E17, 1092, 2, 0},
    {0x1E18, 1094, 2, 0},
    {0x1E19, 1096, 2, 0},
    {0x1E1A, 1098, 2, 0},
    {0x1E1B, 1100, 2, 0},
    {0x1E1C, 1102, 2, 0},
    {0x1E1D, 1104, 2, 0},
    {0x1E1E, 1106, 2, 0},
    {0x1E1F, 1108, 2, 0},
    {0x1E20, 1110, 2, 0},
    {0x1E21, 1112, 2, 0},
    {0x1E22, 1114, 2, 0},
    {0x1E23, 1116, 2, 0},
    {0x1E24, 1118, 2, 0},
    {0x1E25, 1120, 2, 0},
    {0x1E26, 1122, 2, 0},
    {0x1E27, 1124, 2, 0},
    {0x1E28, 1126, 2, 0},
    {0x1E29, 1128, 2, 0},
    {0x1E2A, 1130, 2, 0},
    {0x1E2B, 1132, 2, 0},
    {0x1E2C, 1134, 2, 0},
    {0x1E2D, 1136, 2, 0},
    {0x1E2E, 1138, 2, 0},
    {0x1E2F, 1140, 2, 0},
    {0x1E30, 1142, 2, 0},
    {0x1E31, 1144, 2, 0},
    {0x1E32, 1146, 2, 0},
    {0x1E33, 1148, 2, 0},
    {0x1E34, 1150, 2, 0},
    {0x1E35, 1152, 2, 0},
    {0x1E36, 1154, 2, 0},
    {0x1E37, 1156, 2, 0},
    {0x1E38, 1158, 2, 0},
    {0x1E39, 1160, 2, 0},
    {0x1E3A, 1162, 2, 0},
    {0x1E3B, 1164, 2, 0},
    {0x1E3C, 1166, 2, 0},
    {0x1E3D, 1168, 2, 0},
    {0x1E3E, 1170, 2, 0},
    {0x1E3F, 1172, 2, 0},
    {0x1E40, 1174, 2, 0},
    {0x1E41, 1176, 2, 0},
    {0x1E42, 1178, 2, 0},
    {0x1E43, 1180, 2, 0},
    {0x1E44, 1182, 2, 0},
    {0x1E45, 1184, 2, 0},
    {0x1E46, 1186, 2, 0},
    {0x1E47, 1188, 2, 0},
    {0x1E48, 1190, 2, 0},
    {0x1E49, 1192, 2, 0},
    {0x1E4A, 1194, 2, 0},
    {0x1E4B, 1196, 2, 0},
    {0x1E4C, 1198, 2, 0},
    {0x1E4D, 1200, 2, 0},
    {0x1E4E, 1202, 2, 0},
    {0x1E4F, 1204, 2, 0},
    {0x1E50, 1206, 2, 0},
    {0x1E51, 1208, 2, 0},
    {0x1E52, 1210, 2, 0},
    {0x1E53, 1212, 2, 0},
    {0x1E54, 1214, 2, 0},
    {0x1E55, 1216, 2, 0},
    {0x1E56, 1218, 2, 0},
    {0x1E57, 1220, 2, 0},
    {0x1E58, 1222, 2, 0},
    {0x1E59, 1224, 2, 0},
    {0x1E5A, 1226, 2, 0},
    {0x1E5B, 1228, 2, 0},
    {0x1E5C, 1230, 2, 0},
    {0x1E5D, 1232, 2, 0},
    {0x1E5E, 1234, 2, 0},
    {0x1E5F, 1236, 2, 0},
    {0x1E60, 1238, 2, 0},
    {0x1E61, 1240, 2, 0},
    {0x1E62, 1242, 2, 0},
    {0x1E63, 1244, 2, 0},
    {0x1E64, 1246, 2, 0},
    {0x1E65, 1248, 2, 0},
    {0x1E66, 1250, 2, 0},
    {0x1E67, 1252, 2, 0},
    {0x1E68, 1254, 2, 0},
    {0x1E69, 1256, 2, 0},
    {0x1E6A, 1258, 2, 0},
    {0x1E6B, 1260, 2, 0},
    {0x1E6C, 1262, 2, 0},
    {0x1E6D, 1264, 2, 0},
    {0x1E6E, 1266, 2, 0},
    {0x1E6F, 1268, 2, 0},
    {0x1E70, 1270, 2, 0},
    {0x1E71, 1272, 2, 0},
    {0x1E72, 1274, 2, 0},
    {0x1E73, 1276, 2, 0},
    {0x1E74, 1278, 2, 0},
    {0x1E75, 1280, 2, 0},
    {0x1E76, 1282, 2, 0},
    {0x1E77, 1284, 2, 0},
    {0x1E78, 1286, 2, 0},
    {0x1E79, 1288, 2, 0},
    {0x1E7A, 1290, 2, 0},
    {0x1E7B, 1292, 2, 0},
    {0x1E7C, 1294, 2, 0},
    {0x1E7D, 1296, 2, 0},
    {0x1E7E, 1298, 2, 0},
    {0x1E7F, 1300, 2, 0},
    {0x1E80, 1302, 2, 0},
    {0x1E81, 1304, 2, 0},
    {0x1E82, 1306, 2, 0},
    {0x1E83, 1308, 2, 0},
    {0x1E84, 1310, 2, 0},
    {0x1E85, 1312, 2, 0},
    {0x1E86, 1314, 2, 0},
    {0x1E87, 1316, 2, 0},
    {0x1E88, 1318, 2, 0},
    {0x1E89, 1320, 2, 0},
    {0x1E8A, 1322, 2, 0},
    {0x1E8B, 1324, 2, 0},
    {0x1E8C, 1326, 2, 0},
    {0x1E8D, 1328, 2, 0},
    {0x1E8E, 1330, 2, 0},
    {0x1E8F, 1332, 2, 0},
    {0x1E90, 1334, 2, 0},
    {0x1E91, 1336, 2, 0},
    {0x1E92, 1338, 2, 0},
    {0x1E93, 1340, 2, 0},
    {0x1E94, 1342, 2, 0},
    {0x1E95, 1344, 2, 0},
    {0x1E96, 1346, 2, 0},
    {0x1E97, 1348, 2, 0},
    {0x1E98, 1350, 2, 0},
    {0x1E99, 1352, 2, 0},
    {0x1E9A, 1354, 2, 1},
    {0x1E9B, 1356, 2, 0},
    {0x1EA0, 1358, 2, 0},
    {0x1EA1, 1360, 2, 0},
    {0x1EA2, 1362, 2, 0},
    {0x1EA3, 1364, 2, 0},
    {0x1EA4, 1366, 2, 0},
    {0x1EA5, 1368, 2, 0},
    {0x1EA6, 1370, 2, 0},
    {0x1EA7, 1372, 2, 0},
    {0x1EA8, 1374, 2, 0},
    {0x1EA9, 1376, 2, 0},
    {0x1EAA, 1378, 2, 0},
    {0x1EAB, 1380, 2, 0},
    {0x1EAC, 1382, 2, 0},
    {0x1EAD, 1384, 2, 0},
    {0x1EAE, 1386, 2, 0},
    {0x1EAF, 1388, 2, 0},
    {0x1EB0, 1390, 2, 0},
    {0x1EB1, 1392, 2, 0},
    {0x1EB2, 1394, 2, 0},
    {0x1EB3, 1396, 2, 0},
    {0x1EB4, 1398, 2, 0},
    {0x1EB5, 1400, 2, 0},
    {0x1EB6, 1402, 2, 0},
    {0x1EB7, 1404, 2, 0},
    {0x1EB8, 1406, 2, 0},
    {0x1EB9, 1408, 2, 0},
    {0x1EBA, 1410, 2, 0},
    {0x1EBB, 1412, 2, 0},
    {0x1EBC, 1414, 2, 0},
    {0x1EBD, 1416, 2, 0},
    {0x1EBE, 1418, 2, 0},
    {0x1EBF, 1420, 2, 0},
    {0x1EC0, 1422, 2, 0},
    {0x1EC1, 1424, 2, 0},
    {0x1EC2, 1426, 2, 0},
    {0x1EC3, 1428, 2, 0},
    {0x1EC4, 1430, 2, 0},
    {0x1EC5, 1432, 2, 0},
    {0x1EC6, 1434, 2, 0},
    {0x1EC7, 1436, 2, 0},
    {0x1EC8, 1438, 2, 0},
    {0x1EC9, 1440, 2, 0},
    {0x1ECA, 1442, 2, 0},
    {0x1ECB, 1444, 2, 0},
    {0x1ECC, 1446, 2, 0},
    {0x1ECD, 1448, 2, 0},
    {0x1ECE, 1450, 2, 0},
    {0x1ECF, 1452, 2, 0},
    {0x1ED0, 1454, 2, 0},
    {0x1ED1, 1456, 2, 0},
    {0x1ED2, 1458, 2, 0},
    {0x1ED3, 1460, 2, 0},
    {0x1ED4, 1462, 2, 0},
    {0x1ED5, 1464, 2, 0},
    {0x1ED6, 1466, 2, 0},
    {0x1ED7, 1468, 2, 0},
    {0x1ED8, 1470, 2, 0},
    {0x1ED9, 1472, 2, 0},
    {0x1EDA, 1474, 2, 0},
    {0x1EDB, 1476, 2, 0},
    {0x1EDC, 1478, 2, 0},
    {0x1EDD, 1480, 2, 0},
    {0x1EDE, 1482, 2, 0},
    {0x1EDF, 1484, 2, 0},
    {0x1EE0, 1486, 2, 0},
    {0x1EE1, 1488, 2, 0},
    {0x1EE2, 1490, 2, 0},
    {0x1EE3, 1492, 2, 0},
    {0x1EE4, 1494, 2, 0},
    {0x1EE5, 1496, 2, 0},
    {0x1EE6, 1498, 2, 0},
    {0x1EE7, 1500, 2, 0},
    {0x1EE8, 1502, 2, 0},
    {0x1EE9, 1504, 2, 0},
    {0x1EEA, 1506, 2, 0},
    {0x1EEB, 1508, 2, 0},
    {0x1EEC, 1510, 2, 0},
    {0x1EED, 1512, 2, 0},
    {0x1EEE, 1514, 2, 0},
    {0x1EEF, 1516, 2, 0},
    {0x1EF0, 1518, 2, 0},
    {0x1EF1, 1520, 2, 0},
    {0x1EF2, 1522, 2, 0},
    {0x1EF3, 1524, 2, 0},
    {0x1EF4, 1526, 2, 0},
    {0x1EF5, 1528, 2, 0},
    {0x1EF6, 1530, 2, 0},
    {0x1EF7, 1532, 2, 0},
    {0x1EF8, 1534, 2, 0},
    {0x1EF9, 1536, 2, 0},
    {0x1F00, 1538, 2, 0},
    {0x1F01, 1540, 2, 0},
    {0x1F02, 1542, 2, 0},
    {0x1F03, 1544, 2, 0},
    {0x1F04, 1546, 2, 0},
    {0x1F05, 1548, 2, 0},
    {0x1F06, 1550, 2, 0},
    {0x1F07, 1552, 2, 0},
    {0x1F08, 1554, 2, 0},
    {0x1F09, 1556, 2, 0},
    {0x1F0A, 1558, 2, 0},
    {0x1F0B, 1560, 2, 0},
    {0x1F0C, 1562, 2, 0},
    {0x1F0D, 1564, 2, 0},
    {0x1F0E, 1566, 2, 0},
    {0x1F0F, 1568, 2, 0},
    {0x1F10, 1570, 2, 0},
    {0x1F11, 1572, 2, 0},
    {0x1F12, 1574, 2, 0},
    {0x1F13, 1576, 2, 0},
    {0x1F14, 1578, 2, 0},
    {0x1F15, 1580, 2, 0},
    {0x1F18, 1582, 2, 0},
    {0x1F19, 1584, 2, 0},
    {0x1F1A, 1586, 2, 0},
    {0x1F1B, 1588, 2, 0},
    {0x1F1C, 1590, 2, 0},
    {0x1F1D, 1592, 2, 0},
    {0x1F20, 1594, 2, 0},
    {0x1F21, 1596, 2, 0},
    {0x1F22, 1598, 2, 0},
    {0x1F23, 1600, 2, 0},
    {0x1F24, 1602, 2, 0},
    {0x1F25, 1604, 2, 0},
    {0x1F26, 1606, 2, 0},
    {0x1F27, 1608, 2, 0},
    {0x1F28, 1610, 2, 0},
    {0x1F29, 1612, 2, 0},
    {0x1F2A, 1614, 2, 0},
    {0x1F2B, 1616, 2, 0},
    {0x1F2C, 1618, 2, 0},
    {0x1F2D, 1620, 2, 0},
    {0x1F2E, 1622, 2, 0},
    {0x1F2F, 1624, 2, 0},
    {0x1F30, 1626, 2, 0},
    {0x1F31, 1628, 2, 0},
    {0x1F32, 1630, 2, 0},
    {0x1F33, 1632, 2, 0},
    {0x1F34, 1634, 2, 0},
    {0x1F35, 1636, 2, 0},
    {0x1F36, 1638, 2, 0},
    {0x1F37, 1640, 2, 0},
    {0x1F38, 1642, 2, 0},
    {0x1F39, 1644, 2, 0},
    {0x1F3A, 1646, 2, 0},
    {0x1F3B, 1648, 2, 0},
    {0x1F3C, 1650, 2, 0},
    {0x1F3D, 1652, 2, 0},
    {0x1F3E, 1654, 2, 0},
    {0x1F3F, 1656, 2, 0},
    {0x1F40, 1658, 2, 0},
    {0x1F41, 1660, 2, 0},
    {0x1F42, 1662, 2, 0},
    {0x1F43, 1664, 2, 0},
    {0x1F44, 1666, 2, 0},
    {0x1F45, 1668, 2, 0},
    {0x1F48, 1670, 2, 0},
    {0x1F49, 1672, 2, 0},
    {0x1F4A, 1674, 2, 0},
    {0x1F4B, 1676, 2, 0},
    {0x1F4C, 1678, 2, 0},
    {0x1F4D, 1680, 2, 0},
    {0x1F50, 1682, 2, 0},
    {0x1F51, 1684, 2, 0},
    {0x1F52, 1686, 2, 0},
    {0x1F53, 1688, 2, 0},
    {0x1F54, 1690, 2, 0},
    {0x1F55, 1692, 2, 0},
    {0x1F56, 1694, 2, 0},
    {0x1F57, 1696, 2, 0},
    {0x1F59, 1698, 2, 0},
    {0x1F5B, 1700, 2, 0},
    {0x1F5D, 1702, 2, 0},
    {0x1F5F, 1704, 2, 0},
    {0x1F60, 1706, 2, 0},
    {0x1F61, 1708, 2, 0},
    {0x1F62, 1710, 2, 0},
    {0x1F63, 1712, 2, 0},
    {0x1F64, 1714, 2, 0},
    {0x1F65, 1716, 2, 0},
    {0x1F66, 1718, 2, 0},
    {0x1F67, 1720, 2, 0},
    {0x1F68, 1722, 2, 0},
    {0x1F69, 1724, 2, 0},
    {0x1F6A, 1726, 2, 0},
    {0x1F6B, 1728, 2, 0},
    {0x1F6C, 1730, 2, 0},
    {0x1F6D, 1732, 2, 0},
    {0x1F6E, 1734, 2, 0},
    {0x1F6F, 1736, 2, 0},
    {0x1F70, 1738, 2, 0},
    {0x1F71, 1740, 1, 0},
    {0x1F72, 1741, 2, 0},
    {0x1F73, 1743, 1, 0},
    {0x1F74, 1744, 2, 0},
    {0x1F75, 1746, 1, 0},
    {0x1F76, 1747, 2, 0},
    {0x1F77, 1749, 1, 0},
    {0x1F78, 1750, 2, 0},
    {0x1F79, 1752, 1, 0},
    {0x1F7A, 1753, 2, 0},
    {0x1F7B, 1755, 1, 0},
    {0x1F7C, 1756, 2, 0},
    {0x1F7D, 1758, 1, 0},
    {0x1F80, 1759, 2, 0},
    {0x1F81, 1761, 2, 0},
    {0x1F82, 1763, 2, 0},
    {0x1F83, 1765, 2, 0},
    {0x1F84, 1767, 2, 0},
    {0x1F85, 1769, 2, 0},
    {0x1F86, 1771, 2, 0},
    {0x1F87, 1773, 2, 0},
    {0x1F88, 1775, 2, 0},
    {0x1F89, 1777, 2, 0},
    {0x1F8A, 1779, 2, 0},
    {0x1F8B, 1781, 2, 0},
    {0x1F8C, 1783, 2, 0},
    {0x1F8D, 1785, 2, 0},
    {0x1F8E, 1787, 2, 0},
    {0x1F8F, 1789, 2, 0},
    {0x1F90, 1791, 2, 0},
    {0x1F91, 1793, 2, 0},
    {0x1F92, 1795, 2, 0},
    {0x1F93, 1797, 2, 0},
    {0x1F94, 1799, 2, 0},
    {0x1F95, 1801, 2, 0},
    {0x1F96, 1803, 2, 0},
    {0x1F97, 1805, 2, 0},
    {0x1F98, 1807, 2, 0},
    {0x1F99, 1809, 2, 0},
    {0x1F9A, 1811, 2, 0},
    {0x1F9B, 1813, 2, 0},
    {0x1F9C, 1815, 2, 0},
    {0x1F9D, 1817, 2, 0},
    {0x1F9E, 1819, 2, 0},
    {0x1F9F, 1821, 2, 0},
    {0x1FA0, 1823, 2, 0},
    {0x1FA1, 1825, 2, 0},
    {0x1FA2, 1827, 2, 0},
    {0x1FA3, 1829, 2, 0},
    {0x1FA4, 1831, 2, 0},
    {0x1FA5, 1833, 2, 0},
    {0x1FA6, 1835, 2, 0},
    {0x1FA7, 1837, 2, 0},
    {0x1FA8, 1839, 2, 0},
    {0x1FA9, 1841, 2, 0},
    {0x1FAA, 1843, 2, 0},
    {0x1FAB, 1845, 2, 0},
    {0x1FAC, 1847, 2, 0},
    {0x1FAD, 1849, 2, 0},
    {0x1FAE, 1851, 2, 0},
    {0x1FAF, 1853, 2, 0},
    {0x1FB0, 1855, 2, 0},
    {0x1FB1, 1857, 2, 0},
    {0x1FB2, 1859, 2, 0},
    {0x1FB3, 1861, 2, 0},
    {0x1FB4, 1863, 2, 0},
    {0x1FB6, 1865, 2, 0},
    {0x1FB7, 1867, 2, 0},
    {0x1FB8, 1869, 2, 0},
    {0x1FB9, 1871, 2, 0},
    {0x1FBA, 1873, 2, 0},
    {0x1FBB, 1875, 1, 0},
    {0x1FBC, 1876, 2, 0},
    {0x1FBD, 1878, 2, 1},
    {0x1FBE, 1880, 1, 0},
    {0x1FBF, 1881, 2, 1},
    {0x1FC0, 1883, 2, 1},
    {0x1FC1, 1885, 2, 0},
    {0x1FC2, 1887, 2, 0},
    {0x1FC3, 1889, 2, 0},
    {0x1FC4, 1891, 2, 0},
    {0x1FC6, 1893, 2, 0},
    {0x1FC7, 1895, 2, 0},
    {0x1FC8, 1897, 2, 0},
    {0x1FC9, 1899, 1, 0},
    {0x1FCA, 1900, 2, 0},
    {0x1FCB, 1902, 1, 0},
    {0x1FCC, 1903, 2, 0},
    {0x1FCD, 1905, 2, 0},
    {0x1FCE, 1907, 2, 0},
    {0x1FCF, 1909, 2, 0},
    {0x1FD0, 1911, 2, 0},
    {0x1FD1, 1913, 2, 0},
    {0x1FD2, 1915, 2, 0},
    {0x1FD3, 1917, 1, 0},
    {0x1FD6, 1918, 2, 0},
    {0x1FD7, 1920, 2, 0},
    {0x1FD8, 1922, 2, 0},
    {0x1FD9, 1924, 2, 0},
    {0x1FDA, 1926, 2, 0},
    {0x1FDB, 1928, 1, 0},
    {0x1FDD, 1929, 2, 0},
    {0x1FDE, 1931, 2, 0},
    {0x1FDF, 1933, 2, 0},
    {0x1FE0, 1935, 2, 0},
    {0x1FE1, 1937, 2, 0},
    {0x1FE2, 1939, 2, 0},
    {0x1FE3, 1941, 1, 0},
    {0x1FE4, 1942, 2, 0},
    {0x1FE5, 1944, 2, 0},
    {0x1FE6, 1946, 2, 0},
    {0x1FE7, 1948, 2, 0},
    {0x1FE8, 1950, 2, 0},
    {0x1FE9, 1952, 2, 0},
    {0x1FEA, 1954, 2, 0},
    {0x1FEB, 1956, 1, 0},
    {0x1FEC, 1957, 2, 0},
    {0x1FED, 1959, 2, 0},
    {0x1FEE, 1961, 1, 0},
    {0x1FEF, 1962, 1, 0},
    {0x1FF2, 1963, 2, 0},
    {0x1FF3, 1965, 2, 0},
    {0x1FF4, 1967, 2, 0},
    {0x1FF6, 1969, 2, 0},
    {0x1FF7, 1971, 2, 0},
    {0x1FF8, 1973, 2, 0},
    {0x1FF9, 1975, 1, 0},
    {0x1FFA, 1976, 2, 0},
    {0x1FFB, 1978, 1, 0},
    {0x1FFC, 1979, 2, 0},
    {0x1FFD, 1981, 1, 0},
    {0x1FFE, 1982, 2, 1},
    {0x2000, 1984, 1, 0},
    {0x2001, 1985, 1, 0},
    {0x2002, 1986, 1, 1},
    {0x2003, 1987, 1, 1},
    {0x2004, 1988, 1, 1},
    {0x2005, 1989, 1, 1},
    {0x2006, 1990, 1, 1},
    {0x2007, 1991, 1, 1},
    {0x2008, 1992, 1, 1},
    {0x2009, 1993, 1, 1},
    {0x200A, 1994, 1, 1},
    {0x2011, 1995, 1, 1},
    {0x2017, 1996, 2, 1},
    {0x2024, 1998, 1, 1},
    {0x2025, 1999, 2, 1},
    {0x2026, 2001, 3, 1},
    {0x202F, 2004, 1, 1},
    {0x2033, 2005, 2, 1},
    {0x2034, 2007, 3, 1},
    {0x2036, 2010, 2, 1},
    {0x2037, 2012, 3, 1},
    {0x203C, 2015, 2, 1},
    {0x203E, 2017, 2, 1},
    {0x2047, 2019, 2, 1},
    {0x2048, 2021, 2, 1},
    {0x2049, 2023, 2, 1},
    {0x2057, 2025, 4, 1},
    {0x205F, 2029, 1, 1},
    {0x2070, 2030, 1, 1},
    {0x2071, 2031, 1, 1},
    {0x2074, 2032, 1, 1},
    {0x2075, 2033, 1, 1},
    {0x2076, 2034, 1, 1},
    {0x2077, 2035, 1, 1},
    {0x2078, 2036, 1, 1},
    {0x2079, 2037, 1, 1},
    {0x207A, 2038, 1, 1},
    {0x207B, 2039, 1, 1},
    {0x207C, 2040, 1, 1},
    {0x207D, 2041, 1, 1},
    {0x207E, 2042, 1, 1},
    {0x207F, 2043, 1, 1},
    {0x2080, 2044, 1, 1},
    {0x2081, 2045, 1, 1},
    {0x2082, 2046, 1, 1},
    {0x2083, 2047, 1, 1},
    {0x2084, 2048, 1, 1},
    {0x2085, 2049, 1, 1},
    {0x2086, 2050, 1, 1},
    {0x2087, 2051, 1, 1},
    {0x2088, 2052, 1, 1},
    {0x2089, 2053, 1, 1},
    {0x208A, 2054, 1, 1},
    {0x208B, 2055, 1, 1},
    {0x208C, 2056, 1, 1},
    {0x208D, 2057, 1, 1},
    {0x208E, 2058, 1, 1},
    {0x2090, 2059, 1, 1},
    {0x2091, 2060, 1, 1},
    {0x2092, 2061, 1, 1},
    {0x2093, 2062, 1, 1},
    {0x2094, 2063, 1, 1},
    {0x2095, 2064, 1, 1},
    {0x2096, 2065, 1, 1},
    {0x2097, 2066, 1, 1},
    {0x2098, 2067, 1, 1},
    {0x2099, 2068, 1, 1},
    {0x209A, 2069, 1, 1},
    {0x209B, 2070, 1, 1},
    {0x209C, 2071, 1, 1},
    {0x20A8, 2072, 2, 1},
    {0x2100, 2074, 3, 1},
    {0x2101, 2077, 3, 1},
    {0x2102, 2080, 1, 1},
    {0x2103, 2081, 2, 1},
    {0x2105, 2083, 3, 1},
    {0x2106, 2086, 3, 1},
    {0x2107, 2089, 1, 1},
    {0x2109, 2090, 2, 1},
    {0x210A, 2092, 1, 1},
    {0x210B, 2093, 1, 1},
    {0x210C, 2094, 1, 1},
    {0x210D, 2095, 1, 1},
    {0x210E, 2096, 1, 1},
    {0x210F, 2097, 1, 1},
    {0x2110, 2098, 1, 1},
    {0x2111, 2099, 1, 1},
    {0x2112, 2100, 1, 1},
    {0x2113, 2101, 1, 1},
    {0x2115, 2102, 1, 1},
    {0x2116, 2103, 2, 1},
    {0x2119, 2105, 1, 1},
    {0x211A, 2106, 1, 1},
    {0x211B, 2107, 1, 1},
    {0x211C, 2108, 1, 1},
    {0x211D, 2109, 1, 1},
    {0x2120, 2110, 2, 1},
    {0x2121, 2112, 3, 1},
    {0x2122, 2115, 2, 1},
    {0x2124, 2117, 1, 1},
    {0x2126, 2118, 1, 0},
    {0x2128, 2119, 1, 1},
    {0x212A, 2120, 1, 0},
    {0x212B, 2121, 1, 0},
    {0x212C, 2122, 1, 1},
    {0x212D, 2123, 1, 1},
    {0x212F, 2124, 1, 1},
    {0x2130, 2125, 1, 1},
    {0x2131, 2126, 1, 1},
    {0x2133, 2127, 1, 1},
    {0x2134, 2128, 1, 1},
    {0x2135, 2129, 1, 1},
    {0x2136, 2130, 1, 1},
    {0x2137, 2131, 1, 1},
    {0x2138, 2132, 1, 1},
    {0x2139, 2133, 1, 1},
    {0x213B, 2134, 3, 1},
    {0x213C, 2137, 1, 1},
    {0x213D, 2138, 1, 1},
    {0x213E, 2139, 1, 1},
    {0x213F, 2140, 1, 1},
    {0x2140, 2141, 1, 1},
    {0x2145, 2142, 1, 1},
    {0x2146, 2143, 1, 1},
    {0x2147, 2144, 1, 1},
    {0x2148, 2145, 1, 1},
    {0x2149, 2146, 1, 1},
    {0x2150, 2147, 3, 1},
    {0x2151, 2150, 3, 1},
    {0x2152, 2153, 4, 1},
    {0x2153, 2157, 3, 1},
    {0x2154, 2160, 3, 1},
    {0x2155, 2163, 3, 1},
    {0x2156, 2166, 3, 1},
    {0x2157, 2169, 3, 1},
    {0x2158, 2172, 3, 1},
    {0x2159, 2175, 3, 1},
    {0x215A, 2178, 3, 1},
    {0x215B, 2181, 3, 1},
    {0x215C, 2184, 3, 1},
    {0x215D, 2187, 3, 1},
    {0x215E, 2190, 3, 1},
    {0x215F, 2193, 2, 1},
    {0x2160, 2195, 1, 1},
    {0x2161, 2196, 2, 1},
    {0x2162, 2198, 3, 1},
    {0x2163, 2201, 2, 1},
    {0x2164, 2203, 1, 1},
    {0x2165, 2204, 2, 1},
    {0x2166, 2206, 3, 1},
    {0x2167, 2209, 4, 1},
    {0x2168, 2213, 2, 1},
    {0x2169, 2215, 1, 1},
    {0x216A, 2216, 2, 1},
    {0x216B, 2218, 3, 1},
    {0x216C, 2221, 1, 1},
    {0x216D, 2222, 1, 1},
    {0x216E, 2223, 1, 1},
    {0x216F, 2224, 1, 1},
    {0x2170, 2225, 1, 1},
    {0x2171, 2226, 2, 1},
    {0x2172, 2228, 3, 1},
    {0x2173, 2231, 2, 1},
    {0x2174, 2233, 1, 1},
    {0x2175, 2234, 2, 1},
    {0x2176, 2236, 3, 1},
    {0x2177, 2239, 4, 1},
    {0x2178, 2243, 2, 1},
    {0x2179, 2245, 1, 1},
    {0x217A, 2246, 2, 1},
    {0x217B, 2248, 3, 1},
    {0x217C, 2251, 1, 1},
    {0x217D, 2252, 1, 1},
    {0x217E, 2253, 1, 1},
    {0x217F, 2254, 1, 1},
    {0x2189, 2255, 3, 1},
    {0x219A, 2258, 2, 0},
    {0x219B, 2260, 2, 0},
    {0x21AE, 2262, 2, 0},
    {0x21CD, 2264, 2, 0},
    {0x21CE, 2266, 2, 0},
    {0x21CF, 2268, 2, 0},
    {0x2204, 2270, 2, 0},
    {0x2209, 2272, 2, 0},
    {0x220C, 2274, 2, 0},
    {0x2224, 2276, 2, 0},
    {0x2226, 2278, 2, 0},
    {0x222C, 2280, 2, 1},
    {0x222D, 2282, 3, 1},
    {0x222F, 2285, 2, 1},
    {0x2230, 2287, 3, 1},
    {0x2241, 2290, 2, 0},
    {0x2244, 2292, 2, 0},
    {0x2247, 2294, 2, 0},
    {0x2249, 2296, 2, 0},
    {0x2260, 2298, 2, 0},
    {0x2262, 2300, 2, 0},
    {0x226D, 2302, 2, 0},
    {0x226E, 2304, 2, 0},
    {0x226F, 2306, 2, 0},
    {0x2270, 2308, 2, 0},
    {0x2271, 2310, 2, 0},
    {0x2274, 2312, 2, 0},
    {0x2275, 2314, 2, 0},
    {0x2278, 2316, 2, 0},
    {0x2279, 2318, 2, 0},
    {0x2280, 2320, 2, 0},
    {0x2281, 2322, 2, 0},
    {0x2284, 2324, 2, 0},
    {0x2285, 2326, 2, 0},
    {0x2288, 2328, 2, 0},
    {0x2289, 2330, 2, 0},
    {0x22AC, 2332, 2, 0},
    {0x22AD, 2334, 2, 0},
    {0x22AE, 2336, 2, 0},
    {0x22AF, 2338, 2, 0},
    {0x22E0, 2340, 2, 0},
    {0x22E1, 2342, 2, 0},
    {0x22E2, 2344, 2, 0},
    {0x22E3, 2346, 2, 0},
    {0x22EA, 2348, 2, 0},
    {0x22EB, 2350, 2, 0},
    {0x22EC, 2352, 2, 0},
    {0x22ED, 2354, 2, 0},
    {0x2329, 2356, 1, 0},
    {0x232A, 2357, 1, 0},
    {0x2460, 2358, 1, 1},
    {0x2461, 2359, 1, 1},
    {0x2462, 2360, 1, 1},
    {0x2463, 2361, 1, 1},
    {0x2464, 2362, 1, 1},
    {0x2465, 2363, 1, 1},
    {0x2466, 2364, 1, 1},
    {0x2467, 2365, 1, 1},
    {0x2468, 2366, 1, 1},
    {0x2469, 2367, 2, 1},
    {0x246A, 2369, 2, 1},
    {0x246B, 2371, 2, 1},
    {0x246C, 2373, 2, 1},
    {0x246D, 2375, 2, 1},
    {0x246E, 2377, 2, 1},
    {0x246F, 2379, 2, 1},
    {0x2470, 2381, 2, 1},
    {0x2471, 2383, 2, 1},
    {0x2472, 2385, 2, 1},
    {0x2473, 2387, 2, 1},
    {0x2474, 2389, 3, 1},
    {0x2475, 2392, 3, 1},
    {0x2476, 2395, 3, 1},
    {0x2477, 2398, 3, 1},
    {0x2478, 2401, 3, 1},
    {0x2479, 2404, 3, 1},
    {0x247A, 2407, 3, 1},
    {0x247B, 2410, 3, 1},
    {0x247C, 2413, 3, 1},
    {0x247D, 2416, 4, 1},
    {0x247E, 2420, 4, 1},
    {0x247F, 2424, 4, 1},
    {0x2480, 2428, 4, 1},
    {0x2481, 2432, 4, 1},
    {0x2482, 2436, 4, 1},
    {0x2483, 2440, 4, 1},
    {0x2484, 2444, 4, 1},
    {0x2485, 2448, 4, 1},
    {0x2486, 2452, 4, 1},
    {0x2487, 2456, 4, 1},
    {0x2488, 2460, 2, 1},
    {0x2489, 2462, 2, 1},
    {0x248A, 2464, 2, 1},
    {0x248B, 2466, 2, 1},
    {0x248C, 2468, 2, 1},
    {0x248D, 2470, 2, 1},
    {0x248E, 2472, 2, 1},
    {0x248F, 2474, 2, 1},
    {0x2490, 2476, 2, 1},
    {0x2491, 2478, 3, 1},
    {0x2492, 2481, 3, 1},
    {0x2493, 2484, 3, 1},
    {0x2494, 2487, 3, 1},
    {0x2495, 2490, 3, 1},
    {0x2496, 2493, 3, 1},
    {0x2497, 2496, 3, 1},
    {0x2498, 2499, 3, 1},
    {0x2499, 2502, 3, 1},
    {0x249A, 2505, 3, 1},
    {0x249B, 2508, 3, 1},
    {0x249C, 2511, 3, 1},
    {0x249D, 2514, 3, 1},
    {0x249E, 2517, 3, 1},
    {0x249F, 2520, 3, 1},
    {0x24A0, 2523, 3, 1},
    {0x24A1, 2526, 3, 1},
    {0x24A2, 2529, 3, 1},
    {0x24A3, 2532, 3, 1},
    {0x24A4, 2535, 3, 1},
    {0x24A5, 2538, 3, 1},
    {0x24A6, 2541, 3, 1},
    {0x24A7, 2544, 3, 1},
    {0x24A8, 2547, 3, 1},
    {0x24A9, 2550, 3, 1},
    {0x24AA, 2553, 3, 1},
    {0x24AB, 2556, 3, 1},
    {0x24AC, 2559, 3, 1},
    {0x24AD, 2562, 3, 1},
    {0x24AE, 2565, 3, 1},
    {0x24AF, 2568, 3, 1},
    {0x24B0, 2571, 3, 1},
    {0x24B1, 2574, 3, 1},
    {0x24B2, 2577, 3, 1},
    {0x24B3, 2580, 3, 1},
    {0x24B4, 2583, 3, 1},
    {0x24B5, 2586, 3, 1},
    {0x24B6, 2589, 1, 1},
    {0x24B7, 2590, 1, 1},
    {0x24B8, 2591, 1, 1},
    {0x24B9, 2592, 1, 1},
    {0x24BA, 2593, 1, 1},
    {0x24BB, 2594, 1, 1},
    {0x24BC, 2595, 1, 1},
    {0x24BD, 2596, 1, 1},
    {0x24BE, 2597, 1, 1},
    {0x24BF, 2598, 1, 1},
    {0x24C0, 2599, 1, 1},
    {0x24C1, 2600, 1, 1},
    {0x24C2, 2601, 1, 1},
    {0x24C3, 2602, 1, 1},
    {0x24C4, 2603, 1, 1},
    {0x24C5, 2604, 1, 1},
    {0x24C6, 2605, 1, 1},
    {0x24C7, 2606, 1, 1},
    {0x24C8, 2607, 1, 1},
    {0x24C9, 2608, 1, 1},
    {0x24CA, 2609, 1, 1},
    {0x24CB, 2610, 1, 1},
    {0x24CC, 2611, 1, 1},
    {0x24CD, 2612, 1, 1},
    {0x24CE, 2613, 1, 1},
    {0x24CF, 2614, 1, 1},
    {0x24D0, 2615, 1, 1},
    {0x24D1, 2616, 1, 1},
    {0x24D2, 2617, 1, 1},
    {0x24D3, 2618, 1, 1},
    {0x24D4, 2619, 1, 1},
    {0x24D5, 2620, 1, 1},
    {0x24D6, 2621, 1, 1},
    {0x24D7, 2622, 1, 1},
    {0x24D8, 2623, 1, 1},
    {0x24D9, 2624, 1, 1},
    {0x24DA, 2625, 1, 1},
    {0x24DB, 2626, 1, 1},
    {0x24DC, 2627, 1, 1},
    {0x24DD, 2628, 1, 1},
    {0x24DE, 2629, 1, 1},
    {0x24DF, 2630, 1, 1},
    {0x24E0, 2631, 1, 1},
    {0x24E1, 2632, 1, 1},
    {0x24E2, 2633, 1, 1},
    {0x24E3, 2634, 1, 1},
    {0x24E4, 2635, 1, 1},
    {0x24E5, 2636, 1, 1},
    {0x24E6, 2637, 1, 1},
    {0x24E7, 2638, 1, 1},
    {0x24E8, 2639, 1, 1},
    {0x24E9, 2640, 1, 1},
    {0x24EA, 2641, 1, 1},
    {0x2A0C, 2642, 4, 1},
    {0x2A74, 2646, 3, 1},
    {0x2A75, 2649, 2, 1},
    {0x2A76, 2651, 3, 1},
    {0x2ADC, 2654, 2, 0},
    {0x2C7C, 2656, 1, 1},
    {0x2C7D, 2657, 1, 1},
    {0x2D6F, 2658, 1, 1},
    {0x2E9F, 2659, 1, 1},
    {0x2EF3, 2660, 1, 1},
    {0x2F00, 2661, 1, 1},
    {0x2F01, 2662, 1, 1},
    {0x2F02, 2663, 1, 1},
    {0x2F03, 2664, 1, 1},
    {0x2F04, 2665, 1, 1},
    {0x2F05, 2666, 1, 1},
    {0x2F06, 2667, 1, 1},
    {0x2F07, 2668, 1, 1},
    {0x2F08, 2669, 1, 1},
    {0x2F09, 2670, 1, 1},
    {0x2F0A, 2671, 1, 1},
    {0x2F0B, 2672, 1, 1},
    {0x2F0C, 2673, 1, 1},
    {0x2F0D, 2674, 1, 1},
    {0x2F0E, 2675, 1, 1},
    {0x2F0F, 2676, 1, 1},
    {0x2F10, 2677, 1, 1},
    {0x2F11, 2678, 1, 1},
    {0x2F12, 2679, 1, 1},
    {0x2F13, 2680, 1, 1},
    {0x2F14, 2681, 1, 1},
    {0x2F15, 2682, 1, 1},
    {0x2F16, 2683, 1, 1},
    {0x2F17, 2684, 1, 1},
    {0x2F18, 2685, 1, 1},
    {0x2F19, 2686, 1, 1},
    {0x2F1A, 2687, 1, 1},
    {0x2F1B, 2688, 1, 1},
    {0x2F1C, 2689, 1, 1},
    {0x2F1D, 2690, 1, 1},
    {0x2F1E, 2691, 1, 1},
    {0x2F1F, 2692, 1, 1},
    {0x2F20, 2693, 1, 1},
    {0x2F21, 2694, 1, 1},
    {0x2F22, 2695, 1, 1},
    {0x2F23, 2696, 1, 1},
    {0x2F24, 2697, 1, 1},
    {0x2F25, 2698, 1, 1},
    {0x2F26, 2699, 1, 1},
    {0x2F27, 2700, 1, 1},
    {0x2F28, 2701, 1, 1},
    {0x2F29, 2702, 1, 1},
    {0x2F2A, 2703, 1, 1},
    {0x2F2B, 2704, 1, 1},
    {0x2F2C, 2705, 1, 1},
    {0x2F2D, 2706, 1, 1},
    {0x2F2E, 2707, 1, 1},
    {0x2F2F, 2708, 1, 1},
    {0x2F30, 2709, 1, 1},
    {0x2F31, 2710, 1, 1},
    {0x2F32, 2711, 1, 1},
    {0x2F33, 2712, 1, 1},
    {0x2F34, 2713, 1, 1},
    {0x2F35, 2714, 1, 1},
    {0x2F36, 2715, 1, 1},
    {0x2F37, 2716, 1, 1},
    {0x2F38, 2717, 1, 1},
    {0x2F39, 2718, 1, 1},
    {0x2F3A, 2719, 1, 1},
    {0x2F3B, 2720, 1, 1},
    {0x2F3C, 2721, 1, 1},
    {0x2F3D, 2722, 1, 1},
    {0x2F3E, 2723, 1, 1},
    {0x2F3F, 2724, 1, 1},
    {0x2F40, 2725, 1, 1},
    {0x2F41, 2726, 1, 1},
    {0x2F42, 2727, 1, 1},
    {0x2F43, 2728, 1, 1},
    {0x2F44, 2729, 1, 1},
    {0x2F45, 2730, 1, 1},
    {0x2F46, 2731, 1, 1},
    {0x2F47, 2732, 1, 1},
    {0x2F48, 2733, 1, 1},
    {0x2F49, 2734, 1, 1},
    {0x2F4A, 2735, 1, 1},
    {0x2F4B, 2736, 1, 1},
    {0x2F4C, 2737, 1, 1},
    {0x2F4D, 2738, 1, 1},
    {0x2F4E, 2739, 1, 1},
    {0x2F4F, 2740, 1, 1},
    {0x2F50, 2741, 1, 1},
    {0x2F51, 2742, 1, 1},
    {0x2F52, 2743, 1, 1},
    {0x2F53, 2744, 1, 1},
    {0x2F54, 2745, 1, 1},
    {0x2F55, 2746, 1, 1},
    {0x2F56, 2747, 1, 1},
    {0x2F57, 2748, 1, 1},
    {0x2F58, 2749, 1, 1},
    {0x2F59, 2750, 1, 1},
    {0x2F5A, 2751, 1, 1},
    {0x2F5B, 2752, 1, 1},
    {0x2F5C, 2753, 1, 1},
    {0x2F5D, 2754, 1, 1},
    {0x2F5E, 2755, 1, 1},
    {0x2F5F, 2756, 1, 1},
    {0x2F60, 2757, 1, 1},
    {0x2F61, 2758, 1, 1},
    {0x2F62, 2759, 1, 1},
    {0x2F63, 2760, 1, 1},
    {0x2F64, 2761, 1, 1},
    {0x2F65, 2762, 1, 1},
    {0x2F66, 2763, 1, 1},
    {0x2F67, 2764, 1, 1},
    {0x2F68, 2765, 1, 1},
    {0x2F69, 2766, 1, 1},
    {0x2F6A, 2767, 1, 1},
    {0x2F6B, 2768, 1, 1},
    {0x2F6C, 2769, 1, 1},
    {0x2F6D, 2770, 1, 1},
    {0x2F6E, 2771, 1, 1},
    {0x2F6F, 2772, 1, 1},
    {0x2F70, 2773, 1, 1},
    {0x2F71, 2774, 1, 1},
    {0x2F72, 2775, 1, 1},
    {0x2F73, 2776, 1, 1},
    {0x2F74, 2777, 1, 1},
    {0x2F75, 2778, 1, 1},
    {0x2F76, 2779, 1, 1},
    {0x2F77, 2780, 1, 1},
    {0x2F78, 2781, 1, 1},
    {0x2F79, 2782, 1, 1},
    {0x2F7A, 2783, 1, 1},
    {0x2F7B, 2784, 1, 1},
    {0x2F7C, 2785, 1, 1},
    {0x2F7D, 2786, 1, 1},
    {0x2F7E, 2787, 1, 1},
    {0x2F7F, 2788, 1, 1},
    {0x2F80, 2789, 1, 1},
    {0x2F81, 2790, 1, 1},
    {0x2F82, 2791, 1, 1},
    {0x2F83, 2792, 1, 1},
    {0x2F84, 2793, 1, 1},
    {0x2F85, 2794, 1, 1},
    {0x2F86, 2795, 1, 1},
    {0x2F87, 2796, 1, 1},
    {0x2F88, 2797, 1, 1},
    {0x2F89, 2798, 1, 1},
    {0x2F8A, 2799, 1, 1},
    {0x2F8B, 2800, 1, 1},
    {0x2F8C, 2801, 1, 1},
    {0x2F8D, 2802, 1, 1},
    {0x2F8E, 2803, 1, 1},
    {0x2F8F, 2804, 1, 1},
    {0x2F90, 2805, 1, 1},
    {0x2F91, 2806, 1, 1},
    {0x2F92, 2807, 1, 1},
    {0x2F93, 2808, 1, 1},
    {0x2F94, 2809, 1, 1},
    {0x2F95, 2810, 1, 1},
    {0x2F96, 2811, 1, 1},
    {0x2F97, 2812, 1, 1},
    {0x2F98, 2813, 1, 1},
    {0x2F99, 2814, 1, 1},
    {0x2F9A, 2815, 1, 1},
    {0x2F9B, 2816, 1, 1},
    {0x2F9C, 2817, 1, 1},
    {0x2F9D, 2818, 1, 1},
    {0x2F9E, 2819, 1, 1},
    {0x2F9F, 2820, 1, 1},
    {0x2FA0, 2821, 1, 1},
    {0x2FA1, 2822, 1, 1},
    {0x2FA2, 2823, 1, 1},
    {0x2FA3, 2824, 1, 1},
    {0x2FA4, 2825, 1, 1},
    {0x2FA5, 2826, 1, 1},
    {0x2FA6, 2827, 1, 1},
    {0x2FA7, 2828, 1, 1},
    {0x2FA8, 2829, 1, 1},
    {0x2FA9, 2830, 1, 1},
    {0x2FAA, 2831, 1, 1},
    {0x2FAB, 2832, 1, 1},
    {0x2FAC, 2833, 1, 1},
    {0x2FAD, 2834, 1, 1},
    {0x2FAE, 2835, 1, 1},
    {0x2FAF, 2836, 1, 1},
    {0x2FB0, 2837, 1, 1},
    {0x2FB1, 2838, 1, 1},
    {0x2FB2, 2839, 1, 1},
    {0x2FB3, 2840, 1, 1},
    {0x2FB4, 2841, 1, 1},
    {0x2FB5, 2842, 1, 1},
    {0x2FB6, 2843, 1, 1},
    {0x2FB7, 2844, 1, 1},
    {0x2FB8, 2845, 1, 1},
    {0x2FB9, 2846, 1, 1},
    {0x2FBA, 2847, 1, 1},
    {0x2FBB, 2848, 1, 1},
    {0x2FBC, 2849, 1, 1},
    {0x2FBD, 2850, 1, 1},
    {0x2FBE, 2851, 1, 1},
    {0x2FBF, 2852, 1, 1},
    {0x2FC0, 2853, 1, 1},
    {0x2FC1, 2854, 1, 1},
    {0x2FC2, 2855, 1, 1},
    {0x2FC3, 2856, 1, 1},
    {0x2FC4, 2857, 1, 1},
    {0x2FC5, 2858, 1, 1},
    {0x2FC6, 2859, 1, 1},
    {0x2FC7, 2860, 1, 1},
    {0x2FC8, 2861, 1, 1},
    {0x2FC9, 2862, 1, 1},
    {0x2FCA, 2863, 1, 1},
    {0x2FCB, 2864, 1, 1},
    {0x2FCC, 2865, 1, 1},
    {0x2FCD, 2866, 1, 1},
    {0x2FCE, 2867, 1, 1},
    {0x2FCF, 2868, 1, 1},
    {0x2FD0, 2869, 1, 1},
    {0x2FD1, 2870, 1, 1},
    {0x2FD2, 2871, 1, 1},
    {0x2FD3, 2872, 1, 1},
    {0x2FD4, 2873, 1, 1},
    {0x2FD5, 2874, 1, 1},
    {0x3000, 2875, 1, 1},
    {0x3036, 2876, 1, 1},
    {0x3038, 2877, 1, 1},
    {0x3039, 2878, 1, 1},
    {0x303A, 2879, 1, 1},
    {0x304C, 2880, 2, 0},
    {0x304E, 2882, 2, 0},
    {0x3050, 2884, 2, 0},
    {0x3052, 2886, 2, 0},
    {0x3054, 2888, 2, 0},
    {0x3056, 2890, 2, 0},
    {0x3058, 2892, 2, 0},
    {0x305A, 2894, 2, 0},
    {0x305C, 2896, 2, 0},
    {0x305E, 2898, 2, 0},
    {0x3060, 2900, 2, 0},
    {0x3062, 2902, 2, 0},
    {0x3065, 2904, 2, 0},
    {0x3067, 2906, 2, 0},
    {0x3069, 2908, 2, 0},
    {0x3070, 2910, 2, 0},
    {0x3071, 2912, 2, 0},
    {0x3073, 2914, 2, 0},
    {0x3074, 2916, 2, 0},
    {0x3076, 2918, 2, 0},
    {0x3077, 2920, 2, 0},
    {0x3079, 2922, 2, 0},
    {0x307A, 2924, 2, 0},
    {0x307C, 2926, 2, 0},
    {0x307D, 2928, 2, 0},
    {0x3094, 2930, 2, 0},
    {0x309B, 2932, 2, 1},
    {0x309C, 2934, 2, 1},
    {0x309E, 2936, 2, 0},
    {0x309F, 2938, 2, 1},
    {0x30AC, 2940, 2, 0},
    {0x30AE, 2942, 2, 0},
    {0x30B0, 2944, 2, 0},
    {0x30B2, 2946, 2, 0},
    {0x30B4, 2948, 2, 0},
    {0x30B6, 2950, 2, 0},
    {0x30B8, 2952, 2, 0},
    {0x30BA, 2954, 2, 0},
    {0x30BC, 2956, 2, 0},
    {0x30BE, 2958, 2, 0},
    {0x30C0, 2960, 2, 0},
    {0x30C2, 2962, 2, 0},
    {0x30C5, 2964, 2, 0},
    {0x30C7, 2966, 2, 0},
    {0x30C9, 2968, 2, 0},
    {0x30D0, 2970, 2, 0},
    {0x30D1, 2972, 2, 0},
    {0x30D3, 2974, 2, 0},
    {0x30D4, 2976, 2, 0},
    {0x30D6, 2978, 2, 0},
    {0x30D7, 2980, 2, 0},
    {0x30D9, 2982, 2, 0},
    {0x30DA, 2984, 2, 0},
    {0x30DC, 2986, 2, 0},
    {0x30DD, 2988, 2, 0},
    {0x30F4, 2990, 2, 0},
    {0x30F7, 2992, 2, 0},
    {0x30F8, 2994, 2, 0},
    {0x30F9, 2996, 2, 0},
    {0x30FA, 2998, 2, 0},
    {0x30FE, 3000, 2, 0},
    {0x30FF, 3002, 2, 1},
    {0x3131, 3004, 1, 1},
    {0x3132, 3005, 1, 1},
    {0x3133, 3006, 1, 1},
    {0x3134, 3007, 1, 1},
    {0x3135, 3008, 1, 1},
    {0x3136, 3009, 1, 1},
    {0x3137, 3010, 1, 1},
    {0x3138, 3011, 1, 1},
    {0x3139, 3012, 1, 1},
    {0x313A, 3013, 1, 1},
    {0x313B, 3014, 1, 1},
    {0x313C, 3015, 1, 1},
    {0x313D, 3016, 1, 1},
    {0x313E, 3017, 1, 1},
    {0x313F, 3018, 1, 1},
    {0x3140, 3019, 1, 1},
    {0x3141, 3020, 1, 1},
    {0x3142, 3021, 1, 1},
    {0x3143, 3022, 1, 1},
    {0x3144, 3023, 1, 1},
    {0x3145, 3024, 1, 1},
    {0x3146, 3025, 1, 1},
    {0x3147, 3026, 1, 1},
    {0x3148, 3027, 1, 1},
    {0x3149, 3028, 1, 1},
    {0x314A, 3029, 1, 1},
    {0x314B, 3030, 1, 1},
    {0x314C, 3031, 1, 1},
    {0x314D, 3032, 1, 1},
    {0x314E, 3033, 1, 1},
    {0x314F, 3034, 1, 1},
    {0x3150, 3035, 1, 1},
    {0x3151, 3036, 1, 1},
    {0x3152, 3037, 1, 1},
    {0x3153, 3038, 1, 1},
    {0x3154, 3039, 1, 1},
    {0x3155, 3040, 1, 1},
    {0x3156, 3041, 1, 1},
    {0x3157, 3042, 1, 1},
    {0x3158, 3043, 1, 1},
    {0x3159, 3044, 1, 1},
    {0x315A, 3045, 1, 1},
    {0x315B, 3046, 1, 1},
    {0x315C, 3047, 1, 1},
    {0x315D, 3048, 1, 1},
    {0x315E, 3049, 1, 1},
    {0x315F, 3050, 1, 1},
    {0x3160, 3051, 1, 1},
    {0x3161, 3052, 1, 1},
    {0x3162, 3053, 1, 1},
    {0x3163, 3054, 1, 1},
    {0x3164, 3055, 1, 1},
    {0x3165, 3056, 1, 1},
    {0x3166, 3057, 1, 1},
    {0x3167, 3058, 1, 1},
    {0x3168, 3059, 1, 1},
    {0x3169, 3060, 1, 1},
    {0x316A, 3061, 1, 1},
    {0x316B, 3062, 1, 1},
    {0x316C, 3063, 1, 1},
    {0x316D, 3064, 1, 1},
    {0x316E, 3065, 1, 1},
    {0x316F, 3066, 1, 1},
    {0x3170, 3067, 1, 1},
    {0x3171, 3068, 1, 1},
    {0x3172, 3069, 1, 1},
    {0x3173, 3070, 1, 1},
    {0x3174, 3071, 1, 1},
    {0x3175, 3072, 1, 1},
    {0x3176, 3073, 1, 1},
    {0x3177, 3074, 1, 1},
    {0x3178, 3075, 1, 1},
    {0x3179, 3076, 1, 1},
    {0x317A, 3077, 1, 1},
    {0x317B, 3078, 1, 1},
    {0x317C, 3079, 1, 1},
    {0x317D, 3080, 1, 1},
    {0x317E, 3081, 1, 1},
    {0x317F, 3082, 1, 1},
    {0x3180, 3083, 1, 1},
    {0x3181, 3084, 1, 1},
    {0x3182, 3085, 1, 1},
    {0x3183, 3086, 1, 1},
    {0x3184, 3087, 1, 1},
    {0x3185, 3088, 1, 1},
    {0x3186, 3089, 1, 1},
    {0x3187, 3090, 1, 1},
    {0x3188, 3091, 1, 1},
    {0x3189, 3092, 1, 1},
    {0x318A, 3093, 1, 1},
    {0x318B, 3094, 1, 1},
    {0x318C, 3095, 1, 1},
    {0x318D, 3096, 1, 1},
    {0x318E, 3097, 1, 1},
    {0x3192, 3098, 1, 1},
    {0x3193, 3099, 1, 1},
    {0x3194, 3100, 1, 1},
    {0x3195, 3101, 1, 1},
    {0x3196, 3102, 1, 1},
    {0x3197, 3103, 1, 1},
    {0x3198, 3104, 1, 1},
    {0x3199, 3105, 1, 1},
    {0x319A, 3106, 1, 1},
    {0x319B, 3107, 1, 1},
    {0x319C, 3108, 1, 1},
    {0x319D, 3109, 1, 1},
    {0x319E, 3110, 1, 1},
    {0x319F, 3111, 1, 1},
    {0x3200, 3112, 3, 1},
    {0x3201, 3115, 3, 1},
    {0x3202, 3118, 3, 1},
    {0x3203, 3121, 3, 1},
    {0x3204, 3124, 3, 1},
    {0x3205, 3127, 3, 1},
    {0x3206, 3130, 3, 1},
    {0x3207, 3133, 3, 1},
    {0x3208, 3136, 3, 1},
    {0x3209, 3139, 3, 1},
    {0x320A, 3142, 3, 1},
    {0x320B, 3145, 3, 1},
    {0x320C, 3148, 3, 1},
    {0x320D, 3151, 3, 1},
    {0x320E, 3154, 4, 1},
    {0x320F, 3158, 4, 1},
    {0x3210, 3162, 4, 1},
    {0x3211, 3166, 4, 1},
    {0x3212, 3170, 4, 1},
    {0x3213, 3174, 4, 1},
    {0x3214, 3178, 4, 1},
    {0x3215, 3182, 4, 1},
    {0x3216, 3186, 4, 1},
    {0x3217, 3190, 4, 1},
    {0x3218, 3194, 4, 1},
    {0x3219, 3198, 4, 1},
    {0x321A, 3202, 4, 1},
    {0x321B, 3206, 4, 1},
    {0x321C, 3210, 4, 1},
    {0x321D, 3214, 7, 1},
    {0x321E, 3221, 6, 1},
    {0x3220, 3227, 3, 1},
    {0x3221, 3230, 3, 1},
    {0x3222, 3233, 3, 1},
    {0x3223, 3236, 3, 1},
    {0x3224, 3239, 3, 1},
    {0x3225, 3242, 3, 1},
    {0x3226, 3245, 3, 1},
    {0x3227, 3248, 3, 1},
    {0x3228, 3251, 3, 1},
    {0x3229, 3254, 3, 1},
    {0x322A, 3257, 3, 1},
    {0x322B, 3260, 3, 1},
    {0x322C, 3263, 3, 1},
    {0x322D, 3266, 3, 1},
    {0x322E, 3269, 3, 1},
    {0x322F, 3272, 3, 1},
    {0x3230, 3275, 3, 1},
    {0x3231, 3278, 3, 1},
    {0x3232, 3281, 3, 1},
    {0x3233, 3284, 3, 1},
    {0x3234, 3287, 3, 1},
    {0x3235, 3290, 3, 1},
    {0x3236, 3293, 3, 1},
    {0x3237, 3296, 3, 1},
    {0x3238, 3299, 3, 1},
    {0x3239, 3302, 3, 1},
    {0x323A, 3305, 3, 1},
    {0x323B, 3308, 3, 1},
    {0x323C, 3311, 3, 1},
    {0x323D, 3314, 3, 1},
    {0x323E, 3317, 3, 1},
    {0x323F, 3320, 3, 1},
    {0x3240, 3323, 3, 1},
    {0x3241, 3326, 3, 1},
    {0x3242, 3329, 3, 1},
    {0x3243, 3332, 3, 1},
    {0x3244, 3335, 1, 1},
    {0x3245, 3336, 1, 1},
    {0x3246, 3337, 1, 1},
    {0x3247, 3338, 1, 1},
    {0x3250, 3339, 3, 1},
    {0x3251, 3342, 2, 1},
    {0x3252, 3344, 2, 1},
    {0x3253, 3346, 2, 1},
    {0x3254, 3348, 2, 1},
    {0x3255, 3350, 2, 1},
    {0x3256, 3352, 2, 1},
    {0x3257, 3354, 2, 1},
    {0x3258, 3356, 2, 1},
    {0x3259, 3358, 2, 1},
    {0x325A, 3360, 2, 1},
    {0x325B, 3362, 2, 1},
    {0x325C, 3364, 2, 1},
    {0x325D, 3366, 2, 1},
    {0x325E, 3368, 2, 1},
    {0x325F, 3370, 2, 1},
    {0x3260, 3372, 1, 1},
    {0x3261, 3373, 1, 1},
    {0x3262, 3374, 1, 1},
    {0x3263, 3375, 1, 1},
    {0x3264, 3376, 1, 1},
    {0x3265, 3377, 1, 1},
    {0x3266, 3378, 1, 1},
    {0x3267, 3379, 1, 1},
    {0x3268, 3380, 1, 1},
    {0x3269, 3381, 1, 1},
    {0x326A, 3382, 1, 1},
    {0x326B, 3383, 1, 1},
    {0x326C, 3384, 1, 1},
    {0x326D, 3385, 1, 1},
    {0x326E, 3386, 2, 1},
    {0x326F, 3388, 2, 1},
    {0x3270, 3390, 2, 1},
    {0x3271, 3392, 2, 1},
    {0x3272, 3394, 2, 1},
    {0x3273, 3396, 2, 1},
    {0x3274, 3398, 2, 1},
    {0x3275, 3400, 2, 1},
    {0x3276, 3402, 2, 1},
    {0x3277, 3404, 2, 1},
    {0x3278, 3406, 2, 1},
    {0x3279, 3408, 2, 1},
    {0x327A, 3410, 2, 1},
    {0x327B, 3412, 2, 1},
    {0x327C, 3414, 5, 1},
    {0x327D, 3419, 4, 1},
    {0x327E, 3423, 2, 1},
    {0x3280, 3425, 1, 1},
    {0x3281, 3426, 1, 1},
    {0x3282, 3427, 1, 1},
    {0x3283, 3428, 1, 1},
    {0x3284, 3429, 1, 1},
    {0x3285, 3430, 1, 1},
    {0x3286, 3431, 1, 1},
    {0x3287, 3432, 1, 1},
    {0x3288, 3433, 1, 1},
    {0x3289, 3434, 1, 1},
    {0x328A, 3435, 1, 1},
    {0x328B, 3436, 1, 1},
    {0x328C, 3437, 1, 1},
    {0x328D, 3438, 1, 1},
    {0x328E, 3439, 1, 1},
    {0x328F, 3440, 1, 1},
    {0x3290, 3441, 1, 1},
    {0x3291, 3442, 1, 1},
    {0x3292, 3443, 1, 1},
    {0x3293, 3444, 1, 1},
    {0x3294, 3445, 1, 1},
    {0x3295, 3446, 1, 1},
    {0x3296, 3447, 1, 1},
    {0x3297, 3448, 1, 1},
    {0x3298, 3449, 1, 1},
    {0x3299, 3450, 1, 1},
    {0x329A, 3451, 1, 1},
    {0x329B, 3452, 1, 1},
    {0x329C, 3453, 1, 1},
    {0x329D, 3454, 1, 1},
    {0x329E, 3455, 1, 1},
    {0x329F, 3456, 1, 1},
    {0x32A0, 3457, 1, 1},
    {0x32A1, 3458, 1, 1},
    {0x32A2, 3459, 1, 1},
    {0x32A3, 3460, 1, 1},
    {0x32A4, 3461, 1, 1},
    {0x32A5, 3462, 1, 1},
    {0x32A6, 3463, 1, 1},
    {0x32A7, 3464, 1, 1},
    {0x32A8, 3465, 1, 1},
    {0x32A9, 3466, 1, 1},
    {0x32AA, 3467, 1, 1},
    {0x32AB, 3468, 1, 1},
    {0x32AC, 3469, 1, 1},
    {0x32AD, 3470, 1, 1},
    {0x32AE, 3471, 1, 1},
    {0x32AF, 3472, 1, 1},
    {0x32B0, 3473, 1, 1},
    {0x32B1, 3474, 2, 1},
    {0x32B2, 3476, 2, 1},
    {0x32B3, 3478, 2, 1},
    {0x32B4, 3480, 2, 1},
    {0x32B5, 3482, 2, 1},
    {0x32B6, 3484, 2, 1},
    {0x32B7, 3486, 2, 1},
    {0x32B8, 3488, 2, 1},
    {0x32B9, 3490, 2, 1},
    {0x32BA, 3492, 2, 1},
    {0x32BB, 3494, 2, 1},
    {0x32BC, 3496, 2, 1},
    {0x32BD, 3498, 2, 1},
    {0x32BE, 3500, 2, 1},
    {0x32BF, 3502, 2, 1},
    {0x32C0, 3504, 2, 1},
    {0x32C1, 3506, 2, 1},
    {0x32C2, 3508, 2, 1},
    {0x32C3, 3510, 2, 1},
    {0x32C4, 3512, 2, 1},
    {0x32C5, 3514, 2, 1},
    {0x32C6, 3516, 2, 1},
    {0x32C7, 3518, 2, 1},
    {0x32C8, 3520, 2, 1},
    {0x32C9, 3522, 3, 1},
    {0x32CA, 3525, 3, 1},
    {0x32CB, 3528, 3, 1},
    {0x32CC, 3531, 2, 1},
    {0x32CD, 3533, 3, 1},
    {0x32CE, 3536, 2, 1},
    {0x32CF, 3538, 3, 1},
    {0x32D0, 3541, 1, 1},
    {0x32D1, 3542, 1, 1},
    {0x32D2, 3543, 1, 1},
    {0x32D3, 3544, 1, 1},
    {0x32D4, 3545, 1, 1},
    {0x32D5, 3546, 1, 1},
    {0x32D6, 3547, 1, 1},
    {0x32D7, 3548, 1, 1},
    {0x32D8, 3549, 1, 1},
    {0x32D9, 3550, 1, 1},
    {0x32DA, 3551, 1, 1},
    {0x32DB, 3552, 1, 1},
    {0x32DC, 3553, 1, 1},
    {0x32DD, 3554, 1, 1},
    {0x32DE, 3555, 1, 1},
    {0x32DF, 3556, 1, 1},
    {0x32E0, 3557, 1, 1},
    {0x32E1, 3558, 1, 1},
    {0x32E2, 3559, 1, 1},
    {0x32E3, 3560, 1, 1},
    {0x32E4, 3561, 1, 1},
    {0x32E5, 3562, 1, 1},
    {0x32E6, 3563, 1, 1},
    {0x32E7, 3564, 1, 1},
    {0x32E8, 3565, 1, 1},
    {0x32E9, 3566, 1, 1},
    {0x32EA, 3567, 1, 1},
    {0x32EB, 3568, 1, 1},
    {0x32EC, 3569, 1, 1},
    {0x32ED, 3570, 1, 1},
    {0x32EE, 3571, 1, 1},
    {0x32EF, 3572, 1, 1},
    {0x32F0, 3573, 1, 1},
    {0x32F1, 3574, 1, 1},
    {0x32F2, 3575, 1, 1},
    {0x32F3, 3576, 1, 1},
    {0x32F4, 3577, 1, 1},
    {0x32F5, 3578, 1, 1},
    {0x32F6, 3579, 1, 1},
    {0x32F7, 3580, 1, 1},
    {0x32F8, 3581, 1, 1},
    {0x32F9, 3582, 1, 1},
    {0x32FA, 3583, 1, 1},
    {0x32FB, 3584, 1, 1},
    {0x32FC, 3585, 1, 1},
    {0x32FD, 3586, 1, 1},
    {0x32FE, 3587, 1, 1},
    {0x32FF, 3588, 2, 1},
    {0x3300, 3590, 4, 1},
    {0x3301, 3594, 4, 1},
    {0x3302, 3598, 4, 1},
    {0x3303, 3602, 3, 1},
    {0x3304, 3605, 4, 1},
    {0x3305, 3609, 3, 1},
    {0x3306, 3612, 3, 1},
    {0x3307, 3615, 5, 1},
    {0x3308, 3620, 4, 1},
    {0x3309, 3624, 3, 1},
    {0x330A, 3627, 3, 1},
    {0x330B, 3630, 3, 1},
    {0x330C, 3633, 4, 1},
    {0x330D, 3637, 4, 1},
    {0x330E, 3641, 3, 1},
    {0x330F, 3644, 3, 1},
    {0x3310, 3647, 2, 1},
    {0x3311, 3649, 3, 1},
    {0x3312, 3652, 4, 1},
    {0x3313, 3656, 4, 1},
    {0x3314, 3660, 2, 1},
    {0x3315, 3662, 5, 1},
    {0x3316, 3667, 6, 1},
    {0x3317, 3673, 5, 1},
    {0x3318, 3678, 3, 1},
    {0x3319, 3681, 5, 1},
    {0x331A, 3686, 5, 1},
    {0x331B, 3691, 4, 1},
    {0x331C, 3695, 3, 1},
    {0x331D, 3698, 3, 1},
    {0x331E, 3701, 3, 1},
    {0x331F, 3704, 4, 1},
    {0x3320, 3708, 5, 1},
    {0x3321, 3713, 4, 1},
    {0x3322, 3717, 3, 1},
    {0x3323, 3720, 3, 1},
    {0x3324, 3723, 3, 1},
    {0x3325, 3726, 2, 1},
    {0x3326, 3728, 2, 1},
    {0x3327, 3730, 2, 1},
    {0x3328, 3732, 2, 1},
    {0x3329, 3734, 3, 1},
    {0x332A, 3737, 3, 1},
    {0x332B, 3740, 5, 1},
    {0x332C, 3745, 3, 1},
    {0x332D, 3748, 4, 1},
    {0x332E, 3752, 5, 1},
    {0x332F, 3757, 3, 1},
    {0x3330, 3760, 2, 1},
    {0x3331, 3762, 2, 1},
    {0x3332, 3764, 5, 1},
    {0x3333, 3769, 4, 1},
    {0x3334, 3773, 5, 1},
    {0x3335, 3778, 3, 1},
    {0x3336, 3781, 5, 1},
    {0x3337, 3786, 2, 1},
    {0x3338, 3788, 3, 1},
    {0x3339, 3791, 3, 1},
    {0x333A, 3794, 3, 1},
    {0x333B, 3797, 3, 1},
    {0x333C, 3800, 3, 1},
    {0x333D, 3803, 4, 1},
    {0x333E, 3807, 3, 1},
    {0x333F, 3810, 2, 1},
    {0x3340, 3812, 3, 1},
    {0x3341, 3815, 3, 1},
    {0x3342, 3818, 3, 1},
    {0x3343, 3821, 4, 1},
    {0x3344, 3825, 3, 1},
    {0x3345, 3828, 3, 1},
    {0x3346, 3831, 3, 1},
    {0x3347, 3834, 5, 1},
    {0x3348, 3839, 4, 1},
    {0x3349, 3843, 2, 1},
    {0x334A, 3845, 5, 1},
    {0x334B, 3850, 2, 1},
    {0x334C, 3852, 4, 1},
    {0x334D, 3856, 4, 1},
    {0x334E, 3860, 3, 1},
    {0x334F, 3863, 3, 1},
    {0x3350, 3866, 3, 1},
    {0x3351, 3869, 4, 1},
    {0x3352, 3873, 2, 1},
    {0x3353, 3875, 3, 1},
    {0x3354, 3878, 4, 1},
    {0x3355, 3882, 2, 1},
    {0x3356, 3884, 5, 1},
    {0x3357, 3889, 3, 1},
    {0x3358, 3892, 2, 1},
    {0x3359, 3894, 2, 1},
    {0x335A, 3896, 2, 1},
    {0x335B, 3898, 2, 1},
    {0x335C, 3900, 2, 1},
    {0x335D, 3902, 2, 1},
    {0x335E, 3904, 2, 1},
    {0x335F, 3906, 2, 1},
    {0x3360, 3908, 2, 1},
    {0x3361, 3910, 2, 1},
    {0x3362, 3912, 3, 1},
    {0x3363, 3915, 3, 1},
    {0x3364, 3918, 3, 1},
    {0x3365, 3921, 3, 1},
    {0x3366, 3924, 3, 1},
    {0x3367, 3927, 3, 1},
    {0x3368, 3930, 3, 1},
    {0x3369, 3933, 3, 1},
    {0x336A, 3936, 3, 1},
    {0x336B, 3939, 3, 1},
    {0x336C, 3942, 3, 1},
    {0x336D, 3945, 3, 1},
    {0x336E, 3948, 3, 1},
    {0x336F, 3951, 3, 1},
    {0x3370, 3954, 3, 1},
    {0x3371, 3957, 3, 1},
    {0x3372, 3960, 2, 1},
    {0x3373, 3962, 2, 1},
    {0x3374, 3964, 3, 1},
    {0x3375, 3967, 2, 1},
    {0x3376, 3969, 2, 1},
    {0x3377, 3971, 2, 1},
    {0x3378, 3973, 3, 1},
    {0x3379, 3976, 3, 1},
    {0x337A, 3979, 2, 1},
    {0x337B, 3981, 2, 1},
    {0x337C, 3983, 2, 1},
    {0x337D, 3985, 2, 1},
    {0x337E, 3987, 2, 1},
    {0x337F, 3989, 4, 1},
    {0x3380, 3993, 2, 1},
    {0x3381, 3995, 2, 1},
    {0x3382, 3997, 2, 1},
    {0x3383, 3999, 2, 1},
    {0x3384, 4001, 2, 1},
    {0x3385, 4003, 2, 1},
    {0x3386, 4005, 2, 1},
    {0x3387, 4007, 2, 1},
    {0x3388, 4009, 3, 1},
    {0x3389, 4012, 4, 1},
    {0x338A, 4016, 2, 1},
    {0x338B, 4018, 2, 1},
    {0x338C, 4020, 2, 1},
    {0x338D, 4022, 2, 1},
    {0x338E, 4024, 2, 1},
    {0x338F, 4026, 2, 1},
    {0x3390, 4028, 2, 1},
    {0x3391, 4030, 3, 1},
    {0x3392, 4033, 3, 1},
    {0x3393, 4036, 3, 1},
    {0x3394, 4039, 3, 1},
    {0x3395, 4042, 2, 1},
    {0x3396, 4044, 2, 1},
    {0x3397, 4046, 2, 1},
    {0x3398, 4048, 2, 1},
    {0x3399, 4050, 2, 1},
    {0x339A, 4052, 2, 1},
    {0x339B, 4054, 2, 1},
    {0x339C, 4056, 2, 1},
    {0x339D, 4058, 2, 1},
    {0x339E, 4060, 2, 1},
    {0x339F, 4062, 3, 1},
    {0x33A0, 4065, 3, 1},
    {0x33A1, 4068, 2, 1},
    {0x33A2, 4070, 3, 1},
    {0x33A3, 4073, 3, 1},
    {0x33A4, 4076, 3, 1},
    {0x33A5, 4079, 2, 1},
    {0x33A6, 4081, 3, 1},
    {0x33A7, 4084, 3, 1},
    {0x33A8, 4087, 4, 1},
    {0x33A9, 4091, 2, 1},
    {0x33AA, 4093, 3, 1},
    {0x33AB, 4096, 3, 1},
    {0x33AC, 4099, 3, 1},
    {0x33AD, 4102, 3, 1},
    {0x33AE, 4105, 5, 1},
    {0x33AF, 4110, 6, 1},
    {0x33B0, 4116, 2, 1},
    {0x33B1, 4118, 2, 1},
    {0x33B2, 4120, 2, 1},
    {0x33B3, 4122, 2, 1},
    {0x33B4, 4124, 2, 1},
    {0x33B5, 4126, 2, 1},
    {0x33B6, 4128, 2, 1},
    {0x33B7, 4130, 2, 1},
    {0x33B8, 4132, 2, 1},
    {0x33B9, 4134, 2, 1},
    {0x33BA, 4136, 2, 1},
    {0x33BB, 4138, 2, 1},
    {0x33BC, 4140, 2, 1},
    {0x33BD, 4142, 2, 1},
    {0x33BE, 4144, 2, 1},
    {0x33BF, 4146, 2, 1},
    {0x33C0, 4148, 2, 1},
    {0x33C1, 4150, 2, 1},
    {0x33C2, 4152, 4, 1},
    {0x33C3, 4156, 2, 1},
    {0x33C4, 4158, 2, 1},
    {0x33C5, 4160, 2, 1},
    {0x33C6, 4162, 4, 1},
    {0x33C7, 4166, 3, 1},
    {0x33C8, 4169, 2, 1},
    {0x33C9, 4171, 2, 1},
    {0x33CA, 4173, 2, 1},
    {0x33CB, 4175, 2, 1},
    {0x33CC, 4177, 2, 1},
    {0x33CD, 4179, 2, 1},
    {0x33CE, 4181, 2, 1},
    {0x33CF, 4183, 2, 1},
    {0x33D0, 4185, 2, 1},
    {0x33D1, 4187, 2, 1},
    {0x33D2, 4189, 3, 1},
    {0x33D3, 4192, 2, 1},
    {0x33D4, 4194, 2, 1},
    {0x33D5, 4196, 3, 1},
    {0x33D6, 4199, 3, 1},
    {0x33D7, 4202, 2, 1},
    {0x33D8, 4204, 4, 1},
    {0x33D9, 4208, 3, 1},
    {0x33DA, 4211, 2, 1},
    {0x33DB, 4213, 2, 1},
    {0x33DC, 4215, 2, 1},
    {0x33DD, 4217, 2, 1},
    {0x33DE, 4219, 3, 1},
    {0x33DF, 4222, 3, 1},
    {0x33E0, 4225, 2, 1},
    {0x33E1, 4227, 2, 1},
    {0x33E2, 4229, 2, 1},
    {0x33E3, 4231, 2, 1},
    {0x33E4, 4233, 2, 1},
    {0x33E5, 4235, 2, 1},
    {0x33E6, 4237, 2, 1},
    {0x33E7, 4239, 2, 1},
    {0x33E8, 4241, 2, 1},
    {0x33E9, 4243, 3, 1},
    {0x33EA, 4246, 3, 1},
    {0x33EB, 4249, 3, 1},
    {0x33EC, 4252, 3, 1},
    {0x33ED, 4255, 3, 1},
    {0x33EE, 4258, 3, 1},
    {0x33EF, 4261, 3, 1},
    {0x33F0, 4264, 3, 1},
    {0x33F1, 4267, 3, 1},
    {0x33F2, 4270, 3, 1},
    {0x33F3, 4273, 3, 1},
    {0x33F4, 4276, 3, 1},
    {0x33F5, 4279, 3, 1},
    {0x33F6, 4282, 3, 1},
    {0x33F7, 4285, 3, 1},
    {0x33F8, 4288, 3, 1},
    {0x33F9, 4291, 3, 1},
    {0x33FA, 4294, 3, 1},
    {0x33FB, 4297, 3, 1},
    {0x33FC, 4300, 3, 1},
    {0x33FD, 4303, 3, 1},
    {0x33FE, 4306, 3, 1},
    {0x33FF, 4309, 3, 1},
    {0xA69C, 4312, 1, 1},
    {0xA69D, 4313, 1, 1},
    {0xA770, 4314, 1, 1},
    {0xA7F2, 4315, 1, 1},
    {0xA7F3, 4316, 1, 1},
    {0xA7F4, 4317, 1, 1},
    {0xA7F8, 4318, 1, 1},
    {0xA7F9, 4319, 1, 1},
    {0xAB5C, 4320, 1, 1},
    {0xAB5D, 4321, 1, 1},
    {0xAB5E, 4322, 1, 1},
    {0xAB5F, 4323, 1, 1},
    {0xAB69, 4324, 1, 1},
    {0xF900, 4325, 1, 0},
    {0xF901, 4326, 1, 0},
    {0xF902, 4327, 1, 0},
    {0xF903, 4328, 1, 0},
    {0xF904, 4329, 1, 0},
    {0xF905, 4330, 1, 0},
    {0xF906, 4331, 1, 0},
    {0xF907, 4332, 1, 0},
    {0xF908, 4333, 1, 0},
    {0xF909, 4334, 1, 0},
    {0xF90A, 4335, 1, 0},
    {0xF90B, 4336, 1, 0},
    {0xF90C, 4337, 1, 0},
    {0xF90D, 4338, 1, 0},
    {0xF90E, 4339, 1, 0},
    {0xF90F, 4340, 1, 0},
    {0xF910, 4341, 1, 0},
    {0xF911, 4342, 1, 0},
    {0xF912, 4343, 1, 0},
    {0xF913, 4344, 1, 0},
    {0xF914, 4345, 1, 0},
    {0xF915, 4346, 1, 0},
    {0xF916, 4347, 1, 0},
    {0xF917, 4348, 1, 0},
    {0xF918, 4349, 1, 0},
    {0xF919, 4350, 1, 0},
    {0xF91A, 4351, 1, 0},
    {0xF91B, 4352, 1, 0},
    {0xF91C, 4353, 1, 0},
    {0xF91D, 4354, 1, 0},
    {0xF91E, 4355, 1, 0},
    {0xF91F, 4356, 1, 0},
    {0xF920, 4357, 1, 0},
    {0xF921, 4358, 1, 0},
    {0xF922, 4359, 1, 0},
    {0xF923, 4360, 1, 0},
    {0xF924, 4361, 1, 0},
    {0xF925, 4362, 1, 0},
    {0xF926, 4363, 1, 0},
    {0xF927, 4364, 1, 0},
    {0xF928, 4365, 1, 0},
    {0xF929, 4366, 1, 0},
    {0xF92A, 4367, 1, 0},
    {0xF92B, 4368, 1, 0},
    {0xF92C, 4369, 1, 0},
    {0xF92D, 4370, 1, 0},
    {0xF92E, 4371, 1, 0},
    {0xF92F, 4372, 1, 0},
    {0xF930, 4373, 1, 0},
    {0xF931, 4374, 1, 0},
    {0xF932, 4375, 1, 0},
    {0xF933, 4376, 1, 0},
    {0xF934, 4377, 1, 0},
    {0xF935, 4378, 1, 0},
    {0xF936, 4379, 1, 0},
    {0xF937, 4380, 1, 0},
    {0xF938, 4381, 1, 0},
    {0xF939, 4382, 1, 0},
    {0xF93A, 4383, 1, 0},
    {0xF93B, 4384, 1, 0},
    {0xF93C, 4385, 1, 0},
    {0xF93D, 4386, 1, 0},
    {0xF93E, 4387, 1, 0},
    {0xF93F, 4388, 1, 0},
    {0xF940, 4389, 1, 0},
    {0xF941, 4390, 1, 0},
    {0xF942, 4391, 1, 0},
    {0xF943, 4392, 1, 0},
    {0xF944, 4393, 1, 0},
    {0xF945, 4394, 1, 0},
    {0xF946, 4395, 1, 0},
    {0xF947, 4396, 1, 0},
    {0xF948, 4397, 1, 0},
    {0xF949, 4398, 1, 0},
    {0xF94A, 4399, 1, 0},
    {0xF94B, 4400, 1, 0},
    {0xF94C, 4401, 1, 0},
    {0xF94D, 4402, 1, 0},
    {0xF94E, 4403, 1, 0},
    {0xF94F, 4404, 1, 0},
    {0xF950, 4405, 1, 0},
    {0xF951, 4406, 1, 0},
    {0xF952, 4407, 1, 0},
    {0xF953, 4408, 1, 0},
    {0xF954, 4409, 1, 0},
    {0xF955, 4410, 1, 0},
    {0xF956, 4411, 1, 0},
    {0xF957, 4412, 1, 0},
    {0xF958, 4413, 1, 0},
    {0xF959, 4414, 1, 0},
    {0xF95A, 4415, 1, 0},
    {0xF95B, 4416, 1, 0},
    {0xF95C, 4417, 1, 0},
    {0xF95D, 4418, 1, 0},
    {0xF95E, 4419, 1, 0},
    {0xF95F, 4420, 1, 0},
    {0xF960, 4421, 1, 0},
    {0xF961, 4422, 1, 0},
    {0xF962, 4423, 1, 0},
    {0xF963, 4424, 1, 0},
    {0xF964, 4425, 1, 0},
    {0xF965, 4426, 1, 0},
    {0xF966, 4427, 1, 0},
    {0xF967, 4428, 1, 0},
    {0xF968, 4429, 1, 0},
    {0xF969, 4430, 1, 0},
    {0xF96A, 4431, 1, 0},
    {0xF96B, 4432, 1, 0},
    {0xF96C, 4433, 1, 0},
    {0xF96D, 4434, 1, 0},
    {0xF96E, 4435, 1, 0},
    {0xF96F, 4436, 1, 0},
    {0xF970, 4437, 1, 0},
    {0xF971, 4438, 1, 0},
    {0xF972, 4439, 1, 0},
    {0xF973, 4440, 1, 0},
    {0xF974, 4441, 1, 0},
    {0xF975, 4442, 1, 0},
    {0xF976, 4443, 1, 0},
    {0xF977, 4444, 1, 0},
    {0xF978, 4445, 1, 0},
    {0xF979, 4446, 1, 0},
    {0xF97A, 4447, 1, 0},
    {0xF97B, 4448, 1, 0},
    {0xF97C, 4449, 1, 0},
    {0xF97D, 4450, 1, 0},
    {0xF97E, 4451, 1, 0},
    {0xF97F, 4452, 1, 0},
    {0xF980, 4453, 1, 0},
    {0xF981, 4454, 1, 0},
    {0xF982, 4455, 1, 0},
    {0xF983, 4456, 1, 0},
    {0xF984, 4457, 1, 0},
    {0xF985, 4458, 1, 0},
    {0xF986, 4459, 1, 0},
    {0xF987, 4460, 1, 0},
    {0xF988, 4461, 1, 0},
    {0xF989, 4462, 1, 0},
    {0xF98A, 4463, 1, 0},
    {0xF98B, 4464, 1, 0},
    {0xF98C, 4465, 1, 0},
    {0xF98D, 4466, 1, 0},
    {0xF98E, 4467, 1, 0},
    {0xF98F, 4468, 1, 0},
    {0xF990, 4469, 1, 0},
    {0xF991, 4470, 1, 0},
    {0xF992, 4471, 1, 0},
    {0xF993, 4472, 1, 0},
    {0xF994, 4473, 1, 0},
    {0xF995, 4474, 1, 0},
    {0xF996, 4475, 1, 0},
    {0xF997, 4476, 1, 0},
    {0xF998, 4477, 1, 0},
    {0xF999, 4478, 1, 0},
    {0xF99A, 4479, 1, 0},
    {0xF99B, 4480, 1, 0},
    {0xF99C, 4481, 1, 0},
    {0xF99D, 4482, 1, 0},
    {0xF99E, 4483, 1, 0},
    {0xF99F, 4484, 1, 0},
    {0xF9A0, 4485, 1, 0},
    {0xF9A1, 4486, 1, 0},
    {0xF9A2, 4487, 1, 0},
    {0xF9A3, 4488, 1, 0},
    {0xF9A4, 4489, 1, 0},
    {0xF9A5, 4490, 1, 0},
    {0xF9A6, 4491, 1, 0},
    {0xF9A7, 4492, 1, 0},
    {0xF9A8, 4493, 1, 0},
    {0xF9A9, 4494, 1, 0},
    {0xF9AA, 4495, 1, 0},
    {0xF9AB, 4496, 1, 0},
    {0xF9AC, 4497, 1, 0},
    {0xF9AD, 4498, 1, 0},
    {0xF9AE, 4499, 1, 0},
    {0xF9AF, 4500, 1, 0},
    {0xF9B0, 4501, 1, 0},
    {0xF9B1, 4502, 1, 0},
    {0xF9B2, 4503, 1, 0},
    {0xF9B3, 4504, 1, 0},
    {0xF9B4, 4505, 1, 0},
    {0xF9B5, 4506, 1, 0},
    {0xF9B6, 4507, 1, 0},
    {0xF9B7, 4508, 1, 0},
    {0xF9B8, 4509, 1, 0},
    {0xF9B9, 4510, 1, 0},
    {0xF9BA, 4511, 1, 0},
    {0xF9BB, 4512, 1, 0},
    {0xF9BC, 4513, 1, 0},
    {0xF9BD, 4514, 1, 0},
    {0xF9BE, 4515, 1, 0},
    {0xF9BF, 4516, 1, 0},
    {0xF9C0, 4517, 1, 0},
    {0xF9C1, 4518, 1, 0},
    {0xF9C2, 4519, 1, 0},
    {0xF9C3, 4520, 1, 0},
    {0xF9C4, 4521, 1, 0},
    {0xF9C5, 4522, 1, 0},
    {0xF9C6, 4523, 1, 0},
    {0xF9C7, 4524, 1, 0},
    {0xF9C8, 4525, 1, 0},
    {0xF9C9, 4526, 1, 0},
    {0xF9CA, 4527, 1, 0},
    {0xF9CB, 4528, 1, 0},
    {0xF9CC, 4529, 1, 0},
    {0xF9CD, 4530, 1, 0},
    {0xF9CE, 4531, 1, 0},
    {0xF9CF, 4532, 1, 0},
    {0xF9D0, 4533, 1, 0},
    {0xF9D1, 4534, 1, 0},
    {0xF9D2, 4535, 1, 0},
    {0xF9D3, 4536, 1, 0},
    {0xF9D4, 4537, 1, 0},
    {0xF9D5, 4538, 1, 0},
    {0xF9D6, 4539, 1, 0},
    {0xF9D7, 4540, 1, 0},
    {0xF9D8, 4541, 1, 0},
    {0xF9D9, 4542, 1, 0},
    {0xF9DA, 4543, 1, 0},
    {0xF9DB, 4544, 1, 0},
    {0xF9DC, 4545, 1, 0},
    {0xF9DD, 4546, 1, 0},
    {0xF9DE, 4547, 1, 0},
    {0xF9DF, 4548, 1, 0},
    {0xF9E0, 4549, 1, 0},
    {0xF9E1, 4550, 1, 0},
    {0xF9E2, 4551, 1, 0},
    {0xF9E3, 4552, 1, 0},
    {0xF9E4, 4553, 1, 0},
    {0xF9E5, 4554, 1, 0},
    {0xF9E6, 4555, 1, 0},
    {0xF9E7, 4556, 1, 0},
    {0xF9E8, 4557, 1, 0},
    {0xF9E9, 4558, 1, 0},
    {0xF9EA, 4559, 1, 0},
    {0xF9EB, 4560, 1, 0},
    {0xF9EC, 4561, 1, 0},
    {0xF9ED, 4562, 1, 0},
    {0xF9EE, 4563, 1, 0},
    {0xF9EF, 4564, 1, 0},
    {0xF9F0, 4565, 1, 0},
    {0xF9F1, 4566, 1, 0},
    {0xF9F2, 4567, 1, 0},
    {0xF9F3, 4568, 1, 0},
    {0xF9F4, 4569, 1, 0},
    {0xF9F5, 4570, 1, 0},
    {0xF9F6, 4571, 1, 0},
    {0xF9F7, 4572, 1, 0},
    {0xF9F8, 4573, 1, 0},
    {0xF9F9, 4574, 1, 0},
    {0xF9FA, 4575, 1, 0},
    {0xF9FB, 4576, 1, 0},
    {0xF9FC, 4577, 1, 0},
    {0xF9FD, 4578, 1, 0},
    {0xF9FE, 4579, 1, 0},
    {0xF9FF, 4580, 1, 0},
    {0xFA00, 4581, 1, 0},
    {0xFA01, 4582, 1, 0},
    {0xFA02, 4583, 1, 0},
    {0xFA03, 4584, 1, 0},
    {0xFA04, 4585, 1, 0},
    {0xFA05, 4586, 1, 0},
    {0xFA06, 4587, 1, 0},
    {0xFA07, 4588, 1, 0},
    {0xFA08, 4589, 1, 0},
    {0xFA09, 4590, 1, 0},
    {0xFA0A, 4591, 1, 0},
    {0xFA0B, 4592, 1, 0},
    {0xFA0C, 4593, 1, 0},
    {0xFA0D, 4594, 1, 0},
    {0xFA10, 4595, 1, 0},
    {0xFA12, 4596, 1, 0},
    {0xFA15, 4597, 1, 0},
    {0xFA16, 4598, 1, 0},
    {0xFA17, 4599, 1, 0},
    {0xFA18, 4600, 1, 0},
    {0xFA19, 4601, 1, 0},
    {0xFA1A, 4602, 1, 0},
    {0xFA1B, 4603, 1, 0},
    {0xFA1C, 4604, 1, 0},
    {0xFA1D, 4605, 1, 0},
    {0xFA1E, 4606, 1, 0},
    {0xFA20, 4607, 1, 0},
    {0xFA22, 4608, 1, 0},
    {0xFA25, 4609, 1, 0},
    {0xFA26, 4610, 1, 0},
    {0xFA2A, 4611, 1, 0},
    {0xFA2B, 4612, 1, 0},
    {0xFA2C, 4613, 1, 0},
    {0xFA2D, 4614, 1, 0},
    {0xFA2E, 4615, 1, 0},
    {0xFA2F, 4616, 1, 0},
    {0xFA30, 4617, 1, 0},
    {0xFA31, 4618, 1, 0},
    {0xFA32, 4619, 1, 0},
    {0xFA33, 4620, 1, 0},
    {0xFA34, 4621, 1, 0},
    {0xFA35, 4622, 1, 0},
    {0xFA36, 4623, 1, 0},
    {0xFA37, 4624, 1, 0},
    {0xFA38, 4625, 1, 0},
    {0xFA39, 4626, 1, 0},
    {0xFA3A, 4627, 1, 0},
    {0xFA3B, 4628, 1, 0},
    {0xFA3C, 4629, 1, 0},
    {0xFA3D, 4630, 1, 0},
    {0xFA3E, 4631, 1, 0},
    {0xFA3F, 4632, 1, 0},
    {0xFA40, 4633, 1, 0},
    {0xFA41, 4634, 1, 0},
    {0xFA42, 4635, 1, 0},
    {0xFA43, 4636, 1, 0},
    {0xFA44, 4637, 1, 0},
    {0xFA45, 4638, 1, 0},
    {0xFA46, 4639, 1, 0},
    {0xFA47, 4640, 1, 0},
    {0xFA48, 4641, 1, 0},
    {0xFA49, 4642, 1, 0},
    {0xFA4A, 4643, 1, 0},
    {0xFA4B, 4644, 1, 0},
    {0xFA4C, 4645, 1, 0},
    {0xFA4D, 4646, 1, 0},
    {0xFA4E, 4647, 1, 0},
    {0xFA4F, 4648, 1, 0},
    {0xFA50, 4649, 1, 0},
    {0xFA51, 4650, 1, 0},
    {0xFA52, 4651, 1, 0},
    {0xFA53, 4652, 1, 0},
    {0xFA54, 4653, 1, 0},
    {0xFA55, 4654, 1, 0},
    {0xFA56, 4655, 1, 0},
    {0xFA57, 4656, 1, 0},
    {0xFA58, 4657, 1, 0},
    {0xFA59, 4658, 1, 0},
    {0xFA5A, 4659, 1, 0},
    {0xFA5B, 4660, 1, 0},
    {0xFA5C, 4661, 1, 0},
    {0xFA5D, 4662, 1, 0},
    {0xFA5E, 4663, 1, 0},
    {0xFA5F, 4664, 1, 0},
    {0xFA60, 4665, 1, 0},
    {0xFA61, 4666, 1, 0},
    {0xFA62, 4667, 1, 0},
    {0xFA63, 4668, 1, 0},
    {0xFA64, 4669, 1, 0},
    {0xFA65, 4670, 1, 0},
    {0xFA66, 4671, 1, 0},
    {0xFA67, 4672, 1, 0},
    {0xFA68, 4673, 1, 0},
    {0xFA69, 4674, 1, 0},
    {0xFA6A, 4675, 1, 0},
    {0xFA6B, 4676, 1, 0},
    {0xFA6C, 4677, 1, 0},
    {0xFA6D, 4678, 1, 0},
    {0xFA70, 4679, 1, 0},
    {0xFA71, 4680, 1, 0},
    {0xFA72, 4681, 1, 0},
    {0xFA73, 4682, 1, 0},
    {0xFA74, 4683, 1, 0},
    {0xFA75, 4684, 1, 0},
    {0xFA76, 4685, 1, 0},
    {0xFA77, 4686, 1, 0},
    {0xFA78, 4687, 1, 0},
    {0xFA79, 4688, 1, 0},
    {0xFA7A, 4689, 1, 0},
    {0xFA7B, 4690, 1, 0},
    {0xFA7C, 4691, 1, 0},
    {0xFA7D, 4692, 1, 0},
    {0xFA7E, 4693, 1, 0},
    {0xFA7F, 4694, 1, 0},
    {0xFA80, 4695, 1, 0},
    {0xFA81, 4696, 1, 0},
    {0xFA82, 4697, 1, 0},
    {0xFA83, 4698, 1, 0},
    {0xFA84, 4699, 1, 0},
    {0xFA85, 4700, 1, 0},
    {0xFA86, 4701, 1, 0},
    {0xFA87, 4702, 1, 0},
    {0xFA88, 4703, 1, 0},
    {0xFA89, 4704, 1, 0},
    {0xFA8A, 4705, 1, 0},
    {0xFA8B, 4706, 1, 0},
    {0xFA8C, 4707, 1, 0},
    {0xFA8D, 4708, 1, 0},
    {0xFA8E, 4709, 1, 0},
    {0xFA8F, 4710, 1, 0},
    {0xFA90, 4711, 1, 0},
    {0xFA91, 4712, 1, 0},
    {0xFA92, 4713, 1, 0},
    {0xFA93, 4714, 1, 0},
    {0xFA94, 4715, 1, 0},
    {0xFA95, 4716, 1, 0},
    {0xFA96, 4717, 1, 0},
    {0xFA97, 4718, 1, 0},
    {0xFA98, 4719, 1, 0},
    {0xFA99, 4720, 1, 0},
    {0xFA9A, 4721, 1, 0},
    {0xFA9B, 4722, 1, 0},
    {0xFA9C, 4723, 1, 0},
    {0xFA9D, 4724, 1, 0},
    {0xFA9E, 4725, 1, 0},
    {0xFA9F, 4726, 1, 0},
    {0xFAA0, 4727, 1, 0},
    {0xFAA1, 4728, 1, 0},
    {0xFAA2, 4729, 1, 0},
    {0xFAA3, 4730, 1, 0},
    {0xFAA4, 4731, 1, 0},
    {0xFAA5, 4732, 1, 0},
    {0xFAA6, 4733, 1, 0},
    {0xFAA7, 4734, 1, 0},
    {0xFAA8, 4735, 1, 0},
    {0xFAA9, 4736, 1, 0},
    {0xFAAA, 4737, 1, 0},
    {0xFAAB, 4738, 1, 0},
    {0xFAAC, 4739, 1, 0},
    {0xFAAD, 4740, 1, 0},
    {0xFAAE, 4741, 1, 0},
    {0xFAAF, 4742, 1, 0},
    {0xFAB0, 4743, 1, 0},
    {0xFAB1, 4744, 1, 0},
    {0xFAB2, 4745, 1, 0},
    {0xFAB3, 4746, 1, 0},
    {0xFAB4, 4747, 1, 0},
    {0xFAB5, 4748, 1, 0},
    {0xFAB6, 4749, 1, 0},
    {0xFAB7, 4750, 1, 0},
    {0xFAB8, 4751, 1, 0},
    {0xFAB9, 4752, 1, 0},
    {0xFABA, 4753, 1, 0},
    {0xFABB, 4754, 1, 0},
    {0xFABC, 4755, 1, 0},
    {0xFABD, 4756, 1, 0},
    {0xFABE, 4757, 1, 0},
    {0xFABF, 4758, 1, 0},
    {0xFAC0, 4759, 1, 0},
    {0xFAC1, 4760, 1, 0},
    {0xFAC2, 4761, 1, 0},
    {0xFAC3, 4762, 1, 0},
    {0xFAC4, 4763, 1, 0},
    {0xFAC5, 4764, 1, 0},
    {0xFAC6, 4765, 1, 0},
    {0xFAC7, 4766, 1, 0},
    {0xFAC8, 4767, 1, 0},
    {0xFAC9, 4768, 1, 0},
    {0xFACA, 4769, 1, 0},
    {0xFACB, 4770, 1, 0},
    {0xFACC, 4771, 1, 0},
    {0xFACD, 4772, 1, 0},
    {0xFACE, 4773, 1, 0},
    {0xFACF, 4774, 1, 0},
    {0xFAD0, 4775, 1, 0},
    {0xFAD1, 4776, 1, 0},
    {0xFAD2, 4777, 1, 0},
    {0xFAD3, 4778, 1, 0},
    {0xFAD4, 4779, 1, 0},
    {0xFAD5, 4780, 1, 0},
    {0xFAD6, 4781, 1, 0},
    {0xFAD7, 4782, 1, 0},
    {0xFAD8, 4783, 1, 0},
    {0xFAD9, 4784, 1, 0},
    {0xFB00, 4785, 2, 1},
    {0xFB01, 4787, 2, 1},
    {0xFB02, 4789, 2, 1},
    {0xFB03, 4791, 3, 1},
    {0xFB04, 4794, 3, 1},
    {0xFB05, 4797, 2, 1},
    {0xFB06, 4799, 2, 1},
    {0xFB13, 4801, 2, 1},
    {0xFB14, 4803, 2, 1},
    {0xFB15, 4805, 2, 1},
    {0xFB16, 4807, 2, 1},
    {0xFB17, 4809, 2, 1},
    {0xFB1D, 4811, 2, 0},
    {0xFB1F, 4813, 2, 0},
    {0xFB20, 4815, 1, 1},
    {0xFB21, 4816, 1, 1},
    {0xFB22, 4817, 1, 1},
    {0xFB23, 4818, 1, 1},
    {0xFB24, 4819, 1, 1},
    {0xFB25, 4820, 1, 1},
    {0xFB26, 4821, 1, 1},
    {0xFB27, 4822, 1, 1},
    {0xFB28, 4823, 1, 1},
    {0xFB29, 4824, 1, 1},
    {0xFB2A, 4825, 2, 0},
    {0xFB2B, 4827, 2, 0},
    {0xFB2C, 4829, 2, 0},
    {0xFB2D, 4831, 2, 0},
    {0xFB2E, 4833, 2, 0},
    {0xFB2F, 4835, 2, 0},
    {0xFB30, 4837, 2, 0},
    {0xFB31, 4839, 2, 0},
    {0xFB32, 4841, 2, 0},
    {0xFB33, 4843, 2, 0},
    {0xFB34, 4845, 2, 0},
    {0xFB35, 4847, 2, 0},
    {0xFB36, 4849, 2, 0},
    {0xFB38, 4851, 2, 0},
    {0xFB39, 4853, 2, 0},
    {0xFB3A, 4855, 2, 0},
    {0xFB3B, 4857, 2, 0},
    {0xFB3C, 4859, 2, 0},
    {0xFB3E, 4861, 2, 0},
    {0xFB40, 4863, 2, 0},
    {0xFB41, 4865, 2, 0},
    {0xFB43, 4867, 2, 0},
    {0xFB44, 4869, 2, 0},
    {0xFB46, 4871, 2, 0},
    {0xFB47, 4873, 2, 0},
    {0xFB48, 4875, 2, 0},
    {0xFB49, 4877, 2, 0},
    {0xFB4A, 4879, 2, 0},
    {0xFB4B, 4881, 2, 0},
    {0xFB4C, 4883, 2, 0},
    {0xFB4D, 4885, 2, 0},
    {0xFB4E, 4887, 2, 0},
    {0xFB4F, 4889, 2, 1},
    {0xFB50, 4891, 1, 1},
    {0xFB51, 4892, 1, 1},
    {0xFB52, 4893, 1, 1},
    {0xFB53, 4894, 1, 1},
    {0xFB54, 4895, 1, 1},
    {0xFB55, 4896, 1, 1},
    {0xFB56, 4897, 1, 1},
    {0xFB57, 4898, 1, 1},
    {0xFB58, 4899, 1, 1},
    {0xFB59, 4900, 1, 1},
    {0xFB5A, 4901, 1, 1},
    {0xFB5B, 4902, 1, 1},
    {0xFB5C, 4903, 1, 1},
    {0xFB5D, 4904, 1, 1},
    {0xFB5E, 4905, 1, 1},
    {0xFB5F, 4906, 1, 1},
    {0xFB60, 4907, 1, 1},
    {0xFB61, 4908, 1, 1},
    {0xFB62, 4909, 1, 1},
    {0xFB63, 4910, 1, 1},
    {0xFB64, 4911, 1, 1},
    {0xFB65, 4912, 1, 1},
    {0xFB66, 4913, 1, 1},
    {0xFB67, 4914, 1, 1},
    {0xFB68, 4915, 1, 1},
    {0xFB69, 4916, 1, 1},
    {0xFB6A, 4917, 1, 1},
    {0xFB6B, 4918, 1, 1},
    {0xFB6C, 4919, 1, 1},
    {0xFB6D, 4920, 1, 1},
    {0xFB6E, 4921, 1, 1},
    {0xFB6F, 4922, 1, 1},
    {0xFB70, 4923, 1, 1},
    {0xFB71, 4924, 1, 1},
    {0xFB72, 4925, 1, 1},
    {0xFB73, 4926, 1, 1},
    {0xFB74, 4927, 1, 1},
    {0xFB75, 4928, 1, 1},
    {0xFB76, 4929, 1, 1},
    {0xFB77, 4930, 1, 1},
    {0xFB78, 4931, 1, 1},
    {0xFB79, 4932, 1, 1},
    {0xFB7A, 4933, 1, 1},
    {0xFB7B, 4934, 1, 1},
    {0xFB7C, 4935, 1, 1},
    {0xFB7D, 4936, 1, 1},
    {0xFB7E, 4937, 1, 1},
    {0xFB7F, 4938, 1, 1},
    {0xFB80, 4939, 1, 1},
    {0xFB81, 4940, 1, 1},
    {0xFB82, 4941, 1, 1},
    {0xFB83, 4942, 1, 1},
    {0xFB84, 4943, 1, 1},
    {0xFB85, 4944, 1, 1},
    {0xFB86, 4945, 1, 1},
    {0xFB87, 4946, 1, 1},
    {0xFB88, 4947, 1, 1},
    {0xFB89, 4948, 1, 1},
    {0xFB8A, 4949, 1, 1},
    {0xFB8B, 4950, 1, 1},
    {0xFB8C, 4951, 1, 1},
    {0xFB8D, 4952, 1, 1},
    {0xFB8E, 4953, 1, 1},
    {0xFB8F, 4954, 1, 1},
    {0xFB90, 4955, 1, 1},
    {0xFB91, 4956, 1, 1},
    {0xFB92, 4957, 1, 1},
    {0xFB93, 4958, 1, 1},
    {0xFB94, 4959, 1, 1},
    {0xFB95, 4960, 1, 1},
    {0xFB96, 4961, 1, 1},
    {0xFB97, 4962, 1, 1},
    {0xFB98, 4963, 1, 1},
    {0xFB99, 4964, 1, 1},
    {0xFB9A, 4965, 1, 1},
    {0xFB9B, 4966, 1, 1},
    {0xFB9C, 4967, 1, 1},
    {0xFB9D, 4968, 1, 1},
    {0xFB9E, 4969, 1, 1},
    {0xFB9F, 4970, 1, 1},
    {0xFBA0, 4971, 1, 1},
    {0xFBA1, 4972, 1, 1},
    {0xFBA2, 4973, 1, 1},
    {0xFBA3, 4974, 1, 1},
    {0xFBA4, 4975, 1, 1},
    {0xFBA5, 4976, 1, 1},
    {0xFBA6, 4977, 1, 1},
    {0xFBA7, 4978, 1, 1},
    {0xFBA8, 4979, 1, 1},
    {0xFBA9, 4980, 1, 1},
    {0xFBAA, 4981, 1, 1},
    {0xFBAB, 4982, 1, 1},
    {0xFBAC, 4983, 1, 1},
    {0xFBAD, 4984, 1, 1},
    {0xFBAE, 4985, 1, 1},
    {0xFBAF, 4986, 1, 1},
    {0xFBB0, 4987, 1, 1},
    {0xFBB1, 4988, 1, 1},
    {0xFBD3, 4989, 1, 1},
    {0xFBD4, 4990, 1, 1},
    {0xFBD5, 4991, 1, 1},
    {0xFBD6, 4992, 1, 1},
    {0xFBD7, 4993, 1, 1},
    {0xFBD8, 4994, 1, 1},
    {0xFBD9, 4995, 1, 1},
    {0xFBDA, 4996, 1, 1},
    {0xFBDB, 4997, 1, 1},
    {0xFBDC, 4998, 1, 1},
    {0xFBDD, 4999, 1, 1},
    {0xFBDE, 5000, 1, 1},
    {0xFBDF, 5001, 1, 1},
    {0xFBE0, 5002, 1, 1},
    {0xFBE1, 5003, 1, 1},
    {0xFBE2, 5004, 1, 1},
    {0xFBE3, 5005, 1, 1},
    {0xFBE4, 5006, 1, 1},
    {0xFBE5, 5007, 1, 1},
    {0xFBE6, 5008, 1, 1},
    {0xFBE7, 5009, 1, 1},
    {0xFBE8, 5010, 1, 1},
    {0xFBE9, 5011, 1, 1},
    {0xFBEA, 5012, 2, 1},
    {0xFBEB, 5014, 2, 1},
    {0xFBEC, 5016, 2, 1},
    {0xFBED, 5018, 2, 1},
    {0xFBEE, 5020, 2, 1},
    {0xFBEF, 5022, 2, 1},
    {0xFBF0, 5024, 2, 1},
    {0xFBF1, 5026, 2, 1},
    {0xFBF2, 5028, 2, 1},
    {0xFBF3, 5030, 2, 1},
    {0xFBF4, 5032, 2, 1},
    {0xFBF5, 5034, 2, 1},
    {0xFBF6, 5036, 2, 1},
    {0xFBF7, 5038, 2, 1},
    {0xFBF8, 5040, 2, 1},
    {0xFBF9, 5042, 2, 1},
    {0xFBFA, 5044, 2, 1},
    {0xFBFB, 5046, 2, 1},
    {0xFBFC, 5048, 1, 1},
    {0xFBFD, 5049, 1, 1},
    {0xFBFE, 5050, 1, 1},
    {0xFBFF, 5051, 1, 1},
    {0xFC00, 5052, 2, 1},
    {0xFC01, 5054, 2, 1},
    {0xFC02, 5056, 2, 1},
    {0xFC03, 5058, 2, 1},
    {0xFC04, 5060, 2, 1},
    {0xFC05, 5062, 2, 1},
    {0xFC06, 5064, 2, 1},
    {0xFC07, 5066, 2, 1},
    {0xFC08, 5068, 2, 1},
    {0xFC09, 5070, 2, 1},
    {0xFC0A, 5072, 2, 1},
    {0xFC0B, 5074, 2, 1},
    {0xFC0C, 5076, 2, 1},
    {0xFC0D, 5078, 2, 1},
    {0xFC0E, 5080, 2, 1},
    {0xFC0F, 5082, 2, 1},
    {0xFC10, 5084, 2, 1},
    {0xFC11, 5086, 2, 1},
    {0xFC12, 5088, 2, 1},
    {0xFC13, 5090, 2, 1},
    {0xFC14, 5092, 2, 1},
    {0xFC15, 5094, 2, 1},
    {0xFC16, 5096, 2, 1},
    {0xFC17, 5098, 2, 1},
    {0xFC18, 5100, 2, 1},
    {0xFC19, 5102, 2, 1},
    {0xFC1A, 5104, 2, 1},
    {0xFC1B, 5106, 2, 1},
    {0xFC1C, 5108, 2, 1},
    {0xFC1D, 5110, 2, 1},
    {0xFC1E, 5112, 2, 1},
    {0xFC1F, 5114, 2, 1},
    {0xFC20, 5116, 2, 1},
    {0xFC21, 5118, 2, 1},
    {0xFC22, 5120, 2, 1},
    {0xFC23, 5122, 2, 1},
    {0xFC24, 5124, 2, 1},
    {0xFC25, 5126, 2, 1},
    {0xFC26, 5128, 2, 1},
    {0xFC27, 5130, 2, 1},
    {0xFC28, 5132, 2, 1},
    {0xFC29, 5134, 2, 1},
    {0xFC2A, 5136, 2, 1},
    {0xFC2B, 5138, 2, 1},
    {0xFC2C, 5140, 2, 1},
    {0xFC2D, 5142, 2, 1},
    {0xFC2E, 5144, 2, 1},
    {0xFC2F, 5146, 2, 1},
    {0xFC30, 5148, 2, 1},
    {0xFC31, 5150, 2, 1},
    {0xFC32, 5152, 2, 1},
    {0xFC33, 5154, 2, 1},
    {0xFC34, 5156, 2, 1},
    {0xFC35, 5158, 2, 1},
    {0xFC36, 5160, 2, 1},
    {0xFC37, 5162, 2, 1},
    {0xFC38, 5164, 2, 1},
    {0xFC39, 5166, 2, 1},
    {0xFC3A, 5168, 2, 1},
    {0xFC3B, 5170, 2, 1},
    {0xFC3C, 5172, 2, 1},
    {0xFC3D, 5174, 2, 1},
    {0xFC3E, 5176, 2, 1},
    {0xFC3F, 5178, 2, 1},
    {0xFC40, 5180, 2, 1},
    {0xFC41, 5182, 2, 1},
    {0xFC42, 5184, 2, 1},
    {0xFC43, 5186, 2, 1},
    {0xFC44, 5188, 2, 1},
    {0xFC45, 5190, 2, 1},
    {0xFC46, 5192, 2, 1},
    {0xFC47, 5194, 2, 1},
    {0xFC48, 5196, 2, 1},
    {0xFC49, 5198, 2, 1},
    {0xFC4A, 5200, 2, 1},
    {0xFC4B, 5202, 2, 1},
    {0xFC4C, 5204, 2, 1},
    {0xFC4D, 5206, 2, 1},
    {0xFC4E, 5208, 2, 1},
    {0xFC4F, 5210, 2, 1},
    {0xFC50, 5212, 2, 1},
    {0xFC51, 5214, 2, 1},
    {0xFC52, 5216, 2, 1},
    {0xFC53, 5218, 2, 1},
    {0xFC54, 5220, 2, 1},
    {0xFC55, 5222, 2, 1},
    {0xFC56, 5224, 2, 1},
    {0xFC57, 5226, 2, 1},
    {0xFC58, 5228, 2, 1},
    {0xFC59, 5230, 2, 1},
    {0xFC5A, 5232, 2, 1},
    {0xFC5B, 5234, 2, 1},
    {0xFC5C, 5236, 2, 1},
    {0xFC5D, 5238, 2, 1},
    {0xFC5E, 5240, 3, 1},
    {0xFC5F, 5243, 3, 1},
    {0xFC60, 5246, 3, 1},
    {0xFC61, 5249, 3, 1},
    {0xFC62, 5252, 3, 1},
    {0xFC63, 5255, 3, 1},
    {0xFC64, 5258, 2, 1},
    {0xFC65, 5260, 2, 1},
    {0xFC66, 5262, 2, 1},
    {0xFC67, 5264, 2, 1},
    {0xFC68, 5266, 2, 1},
    {0xFC69, 5268, 2, 1},
    {0xFC6A, 5270, 2, 1},
    {0xFC6B, 5272, 2, 1},
    {0xFC6C, 5274, 2, 1},
    {0xFC6D, 5276, 2, 1},
    {0xFC6E, 5278, 2, 1},
    {0xFC6F, 5280, 2, 1},
    {0xFC70, 5282, 2, 1},
    {0xFC71, 5284, 2, 1},
    {0xFC72, 5286, 2, 1},
    {0xFC73, 5288, 2, 1},
    {0xFC74, 5290, 2, 1},
    {0xFC75, 5292, 2, 1},
    {0xFC76, 5294, 2, 1},
    {0xFC77, 5296, 2, 1},
    {0xFC78, 5298, 2, 1},
    {0xFC79, 5300, 2, 1},
    {0xFC7A, 5302, 2, 1},
    {0xFC7B, 5304, 2, 1},
    {0xFC7C, 5306, 2, 1},
    {0xFC7D, 5308, 2, 1},
    {0xFC7E, 5310, 2, 1},
    {0xFC7F, 5312, 2, 1},
    {0xFC80, 5314, 2, 1},
    {0xFC81, 5316, 2, 1},
    {0xFC82, 5318, 2, 1},
    {0xFC83, 5320, 2, 1},
    {0xFC84, 5322, 2, 1},
    {0xFC85, 5324, 2, 1},
    {0xFC86, 5326, 2, 1},
    {0xFC87, 5328, 2, 1},
    {0xFC88, 5330, 2, 1},
    {0xFC89, 5332, 2, 1},
    {0xFC8A, 5334, 2, 1},
    {0xFC8B, 5336, 2, 1},
    {0xFC8C, 5338, 2, 1},
    {0xFC8D, 5340, 2, 1},
    {0xFC8E, 5342, 2, 1},
    {0xFC8F, 5344, 2, 1},
    {0xFC90, 5346, 2, 1},
    {0xFC91, 5348, 2, 1},
    {0xFC92, 5350, 2, 1},
    {0xFC93, 5352, 2, 1},
    {0xFC94, 5354, 2, 1},
    {0xFC95, 5356, 2, 1},
    {0xFC96, 5358, 2, 1},
    {0xFC97, 5360, 2, 1},
    {0xFC98, 5362, 2, 1},
    {0xFC99, 5364, 2, 1},
    {0xFC9A, 5366, 2, 1},
    {0xFC9B, 5368, 2, 1},
    {0xFC9C, 5370, 2, 1},
    {0xFC9D, 5372, 2, 1},
    {0xFC9E, 5374, 2, 1},
    {0xFC9F, 5376, 2, 1},
    {0xFCA0, 5378, 2, 1},
    {0xFCA1, 5380, 2, 1},
    {0xFCA2, 5382, 2, 1},
    {0xFCA3, 5384, 2, 1},
    {0xFCA4, 5386, 2, 1},
    {0xFCA5, 5388, 2, 1},
    {0xFCA6, 5390, 2, 1},
    {0xFCA7, 5392, 2, 1},
    {0xFCA8, 5394, 2, 1},
    {0xFCA9, 5396, 2, 1},
    {0xFCAA, 5398, 2, 1},
    {0xFCAB, 5400, 2, 1},
    {0xFCAC, 5402, 2, 1},
    {0xFCAD, 5404, 2, 1},
    {0xFCAE, 5406, 2, 1},
    {0xFCAF, 5408, 2, 1},
    {0xFCB0, 5410, 2, 1},
    {0xFCB1, 5412, 2, 1},
    {0xFCB2, 5414, 2, 1},
    {0xFCB3, 5416, 2, 1},
    {0xFCB4, 5418, 2, 1},
    {0xFCB5, 5420, 2, 1},
    {0xFCB6, 5422, 2, 1},
    {0xFCB7, 5424, 2, 1},
    {0xFCB8, 5426, 2, 1},
    {0xFCB9, 5428, 2, 1},
    {0xFCBA, 5430, 2, 1},
    {0xFCBB, 5432, 2, 1},
    {0xFCBC, 5434, 2, 1},
    {0xFCBD, 5436, 2, 1},
    {0xFCBE, 5438, 2, 1},
    {0xFCBF, 5440, 2, 1},
    {0xFCC0, 5442, 2, 1},
    {0xFCC1, 5444, 2, 1},
    {0xFCC2, 5446, 2, 1},
    {0xFCC3, 5448, 2, 1},
    {0xFCC4, 5450, 2, 1},
    {0xFCC5, 5452, 2, 1},
    {0xFCC6, 5454, 2, 1},
    {0xFCC7, 5456, 2, 1},
    {0xFCC8, 5458, 2, 1},
    {0xFCC9, 5460, 2, 1},
    {0xFCCA, 5462, 2, 1},
    {0xFCCB, 5464, 2, 1},
    {0xFCCC, 5466, 2, 1},
    {0xFCCD, 5468, 2, 1},
    {0xFCCE, 5470, 2, 1},
    {0xFCCF, 5472, 2, 1},
    {0xFCD0, 5474, 2, 1},
    {0xFCD1, 5476, 2, 1},
    {0xFCD2, 5478, 2, 1},
    {0xFCD3, 5480, 2, 1},
    {0xFCD4, 5482, 2, 1},
    {0xFCD5, 5484, 2, 1},
    {0xFCD6, 5486, 2, 1},
    {0xFCD7, 5488, 2, 1},
    {0xFCD8, 5490, 2, 1},
    {0xFCD9, 5492, 2, 1},
    {0xFCDA, 5494, 2, 1},
    {0xFCDB, 5496, 2, 1},
    {0xFCDC, 5498, 2, 1},
    {0xFCDD, 5500, 2, 1},
    {0xFCDE, 5502, 2, 1},
    {0xFCDF, 5504, 2, 1},
    {0xFCE0, 5506, 2, 1},
    {0xFCE1, 5508, 2, 1},
    {0xFCE2, 5510, 2, 1},
    {0xFCE3, 5512, 2, 1},
    {0xFCE4, 5514, 2, 1},
    {0xFCE5, 5516, 2, 1},
    {0xFCE6, 5518, 2, 1},
    {0xFCE7, 5520, 2, 1},
    {0xFCE8, 5522, 2, 1},
    {0xFCE9, 5524, 2, 1},
    {0xFCEA, 5526, 2, 1},
    {0xFCEB, 5528, 2, 1},
    {0xFCEC, 5530, 2, 1},
    {0xFCED, 5532, 2, 1},
    {0xFCEE, 5534, 2, 1},
    {0xFCEF, 5536, 2, 1},
    {0xFCF0, 5538, 2, 1},
    {0xFCF1, 5540, 2, 1},
    {0xFCF2, 5542, 3, 1},
    {0xFCF3, 5545, 3, 1},
    {0xFCF4, 5548, 3, 1},
    {0xFCF5, 5551, 2, 1},
    {0xFCF6, 5553, 2, 1},
    {0xFCF7, 5555, 2, 1},
    {0xFCF8, 5557, 2, 1},
    {0xFCF9, 5559, 2, 1},
    {0xFCFA, 5561, 2, 1},
    {0xFCFB, 5563, 2, 1},
    {0xFCFC, 5565, 2, 1},
    {0xFCFD, 5567, 2, 1},
    {0xFCFE, 5569, 2, 1},
    {0xFCFF, 5571, 2, 1},
    {0xFD00, 5573, 2, 1},
    {0xFD01, 5575, 2, 1},
    {0xFD02, 5577, 2, 1},
    {0xFD03, 5579, 2, 1},
    {0xFD04, 5581, 2, 1},
    {0xFD05, 5583, 2, 1},
    {0xFD06, 5585, 2, 1},
    {0xFD07, 5587, 2, 1},
    {0xFD08, 5589, 2, 1},
    {0xFD09, 5591, 2, 1},
    {0xFD0A, 5593, 2, 1},
    {0xFD0B, 5595, 2, 1},
    {0xFD0C, 5597, 2, 1},
    {0xFD0D, 5599, 2, 1},
    {0xFD0E, 5601, 2, 1},
    {0xFD0F, 5603, 2, 1},
    {0xFD10, 5605, 2, 1},
    {0xFD11, 5607, 2, 1},
    {0xFD12, 5609, 2, 1},
    {0xFD13, 5611, 2, 1},
    {0xFD14, 5613, 2, 1},
    {0xFD15, 5615, 2, 1},
    {0xFD16, 5617, 2, 1},
    {0xFD17, 5619, 2, 1},
    {0xFD18, 5621, 2, 1},
    {0xFD19, 5623, 2, 1},
    {0xFD1A, 5625, 2, 1},
    {0xFD1B, 5627, 2, 1},
    {0xFD1C, 5629, 2, 1},
    {0xFD1D, 5631, 2, 1},
    {0xFD1E, 5633, 2, 1},
    {0xFD1F, 5635, 2, 1},
    {0xFD20, 5637, 2, 1},
    {0xFD21, 5639, 2, 1},
    {0xFD22, 5641, 2, 1},
    {0xFD23, 5643, 2, 1},
    {0xFD24, 5645, 2, 1},
    {0xFD25, 5647, 2, 1},
    {0xFD26, 5649, 2, 1},
    {0xFD27, 5651, 2, 1},
    {0xFD28, 5653, 2, 1},
    {0xFD29, 5655, 2, 1},
    {0xFD2A, 5657, 2, 1},
    {0xFD2B, 5659, 2, 1},
    {0xFD2C, 5661, 2, 1},
    {0xFD2D, 5663, 2, 1},
    {0xFD2E, 5665, 2, 1},
    {0xFD2F, 5667, 2, 1},
    {0xFD30, 5669, 2, 1},
    {0xFD31, 5671, 2, 1},
    {0xFD32, 5673, 2, 1},
    {0xFD33, 5675, 2, 1},
    {0xFD34, 5677, 2, 1},
    {0xFD35, 5679, 2, 1},
    {0xFD36, 5681, 2, 1},
    {0xFD37, 5683, 2, 1},
    {0xFD38, 5685, 2, 1},
    {0xFD39, 5687, 2, 1},
    {0xFD3A, 5689, 2, 1},
    {0xFD3B, 5691, 2, 1},
    {0xFD3C, 5693, 2, 1},
    {0xFD3D, 5695, 2, 1},
    {0xFD50, 5697, 3, 1},
    {0xFD51, 5700, 3, 1},
    {0xFD52, 5703, 3, 1},
    {0xFD53, 5706, 3, 1},
    {0xFD54, 5709, 3, 1},
    {0xFD55, 5712, 3, 1},
    {0xFD56, 5715, 3, 1},
    {0xFD57, 5718, 3, 1},
    {0xFD58, 5721, 3, 1},
    {0xFD59, 5724, 3, 1},
    {0xFD5A, 5727, 3, 1},
    {0xFD5B, 5730, 3, 1},
    {0xFD5C, 5733, 3, 1},
    {0xFD5D, 5736, 3, 1},
    {0xFD5E, 5739, 3, 1},
    {0xFD5F, 5742, 3, 1},
    {0xFD60, 5745, 3, 1},
    {0xFD61, 5748, 3, 1},
    {0xFD62, 5751, 3, 1},
    {0xFD63, 5754, 3, 1},
    {0xFD64, 5757, 3, 1},
    {0xFD65, 5760, 3, 1},
    {0xFD66, 5763, 3, 1},
    {0xFD67, 5766, 3, 1},
    {0xFD68, 5769, 3, 1},
    {0xFD69, 5772, 3, 1},
    {0xFD6A, 5775, 3, 1},
    {0xFD6B, 5778, 3, 1},
    {0xFD6C, 5781, 3, 1},
    {0xFD6D, 5784, 3, 1},
    {0xFD6E, 5787, 3, 1},
    {0xFD6F, 5790, 3, 1},
    {0xFD70, 5793, 3, 1},
    {0xFD71, 5796, 3, 1},
    {0xFD72, 5799, 3, 1},
    {0xFD73, 5802, 3, 1},
    {0xFD74, 5805, 3, 1},
    {0xFD75, 5808, 3, 1},
    {0xFD76, 5811, 3, 1},
    {0xFD77, 5814, 3, 1},
    {0xFD78, 5817, 3, 1},
    {0xFD79, 5820, 3, 1},
    {0xFD7A, 5823, 3, 1},
    {0xFD7B, 5826, 3, 1},
    {0xFD7C, 5829, 3, 1},
    {0xFD7D, 5832, 3, 1},
    {0xFD7E, 5835, 3, 1},
    {0xFD7F, 5838, 3, 1},
    {0xFD80, 5841, 3, 1},
    {0xFD81, 5844, 3, 1},
    {0xFD82, 5847, 3, 1},
    {0xFD83, 5850, 3, 1},
    {0xFD84, 5853, 3, 1},
    {0xFD85, 5856, 3, 1},
    {0xFD86, 5859, 3, 1},
    {0xFD87, 5862, 3, 1},
    {0xFD88, 5865, 3, 1},
    {0xFD89, 5868, 3, 1},
    {0xFD8A, 5871, 3, 1},
    {0xFD8B, 5874, 3, 1},
    {0xFD8C, 5877, 3, 1},
    {0xFD8D, 5880, 3, 1},
    {0xFD8E, 5883, 3, 1},
    {0xFD8F, 5886, 3, 1},
    {0xFD92, 5889, 3, 1},
    {0xFD93, 5892, 3, 1},
    {0xFD94, 5895, 3, 1},
    {0xFD95, 5898, 3, 1},
    {0xFD96, 5901, 3, 1},
    {0xFD97, 5904, 3, 1},
    {0xFD98, 5907, 3, 1},
    {0xFD99, 5910, 3, 1},
    {0xFD9A, 5913, 3, 1},
    {0xFD9B, 5916, 3, 1},
    {0xFD9C, 5919, 3, 1},
    {0xFD9D, 5922, 3, 1},
    {0xFD9E, 5925, 3, 1},
    {0xFD9F, 5928, 3, 1},
    {0xFDA0, 5931, 3, 1},
    {0xFDA1, 5934, 3, 1},
    {0xFDA2, 5937, 3, 1},
    {0xFDA3, 5940, 3, 1},
    {0xFDA4, 5943, 3, 1},
    {0xFDA5, 5946, 3, 1},
    {0xFDA6, 5949, 3, 1},
    {0xFDA7, 5952, 3, 1},
    {0xFDA8, 5955, 3, 1},
    {0xFDA9, 5958, 3, 1},
    {0xFDAA, 5961, 3, 1},
    {0xFDAB, 5964, 3, 1},
    {0xFDAC, 5967, 3, 1},
    {0xFDAD, 5970, 3, 1},
    {0xFDAE, 5973, 3, 1},
    {0xFDAF, 5976, 3, 1},
    {0xFDB0, 5979, 3, 1},
    {0xFDB1, 5982, 3, 1},
    {0xFDB2, 5985, 3, 1},
    {0xFDB3, 5988, 3, 1},
    {0xFDB4, 5991, 3, 1},
    {0xFDB5, 5994, 3, 1},
    {0xFDB6, 5997, 3, 1},
    {0xFDB7, 6000, 3, 1},
    {0xFDB8, 6003, 3, 1},
    {0xFDB9, 6006, 3, 1},
    {0xFDBA, 6009, 3, 1},
    {0xFDBB, 6012, 3, 1},
    {0xFDBC, 6015, 3, 1},
    {0xFDBD, 6018, 3, 1},
    {0xFDBE, 6021, 3, 1},
    {0xFDBF, 6024, 3, 1},
    {0xFDC0, 6027, 3, 1},
    {0xFDC1, 6030, 3, 1},
    {0xFDC2, 6033, 3, 1},
    {0xFDC3, 6036, 3, 1},
    {0xFDC4, 6039, 3, 1},
    {0xFDC5, 6042, 3, 1},
    {0xFDC6, 6045, 3, 1},
    {0xFDC7, 6048, 3, 1},
    {0xFDF0, 6051, 3, 1},
    {0xFDF1, 6054, 3, 1},
    {0xFDF2, 6057, 4, 1},
    {0xFDF3, 6061, 4, 1},
    {0xFDF4, 6065, 4, 1},
    {0xFDF5, 6069, 4, 1},
    {0xFDF6, 6073, 4, 1},
    {0xFDF7, 6077, 4, 1},
    {0xFDF8, 6081, 4, 1},
    {0xFDF9, 6085, 3, 1},
    {0xFDFA, 6088, 18, 1},
    {0xFDFB, 6106, 8, 1},
    {0xFDFC, 6114, 4, 1},
    {0xFE10, 6118, 1, 1},
    {0xFE11, 6119, 1, 1},
    {0xFE12, 6120, 1, 1},
    {0xFE13, 6121, 1, 1},
    {0xFE14, 6122, 1, 1},
    {0xFE15, 6123, 1, 1},
    {0xFE16, 6124, 1, 1},
    {0xFE17, 6125, 1, 1},
    {0xFE18, 6126, 1, 1},
    {0xFE19, 6127, 1, 1},
    {0xFE30, 6128, 1, 1},
    {0xFE31, 6129, 1, 1},
    {0xFE32, 6130, 1, 1},
    {0xFE33, 6131, 1, 1},
    {0xFE34, 6132, 1, 1},
    {0xFE35, 6133, 1, 1},
    {0xFE36, 6134, 1, 1},
    {0xFE37, 6135, 1, 1},
    {0xFE38, 6136, 1, 1},
    {0xFE39, 6137, 1, 1},
    {0xFE3A, 6138, 1, 1},
    {0xFE3B, 6139, 1, 1},
    {0xFE3C, 6140, 1, 1},
    {0xFE3D, 6141, 1, 1},
    {0xFE3E, 6142, 1, 1},
    {0xFE3F, 6143, 1, 1},
    {0xFE40, 6144, 1, 1},
    {0xFE41, 6145, 1, 1},
    {0xFE42, 6146, 1, 1},
    {0xFE43, 6147, 1, 1},
    {0xFE44, 6148, 1, 1},
    {0xFE47, 6149, 1, 1},
    {0xFE48, 6150, 1, 1},
    {0xFE49, 6151, 1, 1},
    {0xFE4A, 6152, 1, 1},
    {0xFE4B, 6153, 1, 1},
    {0xFE4C, 6154, 1, 1},
    {0xFE4D, 6155, 1, 1},
    {0xFE4E, 6156, 1, 1},
    {0xFE4F, 6157, 1, 1},
    {0xFE50, 6158, 1, 1},
    {0xFE51, 6159, 1, 1},
    {0xFE52, 6160, 1, 1},
    {0xFE54, 6161, 1, 1},
    {0xFE55, 6162, 1, 1},
    {0xFE56, 6163, 1, 1},
    {0xFE57, 6164, 1, 1},
    {0xFE58, 6165, 1, 1},
    {0xFE59, 6166, 1, 1},
    {0xFE5A, 6167, 1, 1},
    {0xFE5B, 6168, 1, 1},
    {0xFE5C, 6169, 1, 1},
    {0xFE5D, 6170, 1, 1},
    {0xFE5E, 6171, 1, 1},
    {0xFE5F, 6172, 1, 1},
    {0xFE60, 6173, 1, 1},
    {0xFE61, 6174, 1, 1},
    {0xFE62, 6175, 1, 1},
    {0xFE63, 6176, 1, 1},
    {0xFE64, 6177, 1, 1},
    {0xFE65, 6178, 1, 1},
    {0xFE66, 6179, 1, 1},
    {0xFE68, 6180, 1, 1},
    {0xFE69, 6181, 1, 1},
    {0xFE6A, 6182, 1, 1},
    {0xFE6B, 6183, 1, 1},
    {0xFE70, 6184, 2, 1},
    {0xFE71, 6186, 2, 1},
    {0xFE72, 6188, 2, 1},
    {0xFE74, 6190, 2, 1},
    {0xFE76, 6192, 2, 1},
    {0xFE77, 6194, 2, 1},
    {0xFE78, 6196, 2, 1},
    {0xFE79, 6198, 2, 1},
    {0xFE7A, 6200, 2, 1},
    {0xFE7B, 6202, 2, 1},
    {0xFE7C, 6204, 2, 1},
    {0xFE7D, 6206, 2, 1},
    {0xFE7E, 6208, 2, 1},
    {0xFE7F, 6210, 2, 1},
    {0xFE80, 6212, 1, 1},
    {0xFE81, 6213, 1, 1},
    {0xFE82, 6214, 1, 1},
    {0xFE83, 6215, 1, 1},
    {0xFE84, 6216, 1, 1},
    {0xFE85, 6217, 1, 1},
    {0xFE86, 6218, 1, 1},
    {0xFE87, 6219, 1, 1},
    {0xFE88, 6220, 1, 1},
    {0xFE89, 6221, 1, 1},
    {0xFE8A, 6222, 1, 1},
    {0xFE8B, 6223, 1, 1},
    {0xFE8C, 6224, 1, 1},
    {0xFE8D, 6225, 1, 1},
    {0xFE8E, 6226, 1, 1},
    {0xFE8F, 6227, 1, 1},
    {0xFE90, 6228, 1, 1},
    {0xFE91, 6229, 1, 1},
    {0xFE92, 6230, 1, 1},
    {0xFE93, 6231, 1, 1},
    {0xFE94, 6232, 1, 1},
    {0xFE95, 6233, 1, 1},
    {0xFE96, 6234, 1, 1},
    {0xFE97, 6235, 1, 1},
    {0xFE98, 6236, 1, 1},
    {0xFE99, 6237, 1, 1},
    {0xFE9A, 6238, 1, 1},
    {0xFE9B, 6239, 1, 1},
    {0xFE9C, 6240, 1, 1},
    {0xFE9D, 6241, 1, 1},
    {0xFE9E, 6242, 1, 1},
    {0xFE9F, 6243, 1, 1},
    {0xFEA0, 6244, 1, 1},
    {0xFEA1, 6245, 1, 1},
    {0xFEA2, 6246, 1, 1},
    {0xFEA3, 6247, 1, 1},
    {0xFEA4, 6248, 1, 1},
    {0xFEA5, 6249, 1, 1},
    {0xFEA6, 6250, 1, 1},
    {0xFEA7, 6251, 1, 1},
    {0xFEA8, 6252, 1, 1},
    {0xFEA9, 6253, 1, 1},
    {0xFEAA, 6254, 1, 1},
    {0xFEAB, 6255, 1, 1},
    {0xFEAC, 6256, 1, 1},
    {0xFEAD, 6257, 1, 1},
    {0xFEAE, 6258, 1, 1},
    {0xFEAF, 6259, 1, 1},
    {0xFEB0, 6260, 1, 1},
    {0xFEB1, 6261, 1, 1},
    {0xFEB2, 6262, 1, 1},
    {0xFEB3, 6263, 1, 1},
    {0xFEB4, 6264, 1, 1},
    {0xFEB5, 6265, 1, 1},
    {0xFEB6, 6266, 1, 1},
    {0xFEB7, 6267, 1, 1},
    {0xFEB8, 6268, 1, 1},
    {0xFEB9, 6269, 1, 1},
    {0xFEBA, 6270, 1, 1},
    {0xFEBB, 6271, 1, 1},
    {0xFEBC, 6272, 1, 1},
    {0xFEBD, 6273, 1, 1},
    {0xFEBE, 6274, 1, 1},
    {0xFEBF, 6275, 1, 1},
    {0xFEC0, 6276, 1, 1},
    {0xFEC1, 6277, 1, 1},
    {0xFEC2, 6278, 1, 1},
    {0xFEC3, 6279, 1, 1},
    {0xFEC4, 6280, 1, 1},
    {0xFEC5, 6281, 1, 1},
    {0xFEC6, 6282, 1, 1},
    {0xFEC7, 6283, 1, 1},
    {0xFEC8, 6284, 1, 1},
    {0xFEC9, 6285, 1, 1},
    {0xFECA, 6286, 1, 1},
    {0xFECB, 6287, 1, 1},
    {0xFECC, 6288, 1, 1},
    {0xFECD, 6289, 1, 1},
    {0xFECE, 6290, 1, 1},
    {0xFECF, 6291, 1, 1},
    {0xFED0, 6292, 1, 1},
    {0xFED1, 6293, 1, 1},
    {0xFED2, 6294, 1, 1},
    {0xFED3, 6295, 1, 1},
    {0xFED4, 6296, 1, 1},
    {0xFED5, 6297, 1, 1},
    {0xFED6, 6298, 1, 1},
    {0xFED7, 6299, 1, 1},
    {0xFED8, 6300, 1, 1},
    {0xFED9, 6301, 1, 1},
    {0xFEDA, 6302, 1, 1},
    {0xFEDB, 6303, 1, 1},
    {0xFEDC, 6304, 1, 1},
    {0xFEDD, 6305, 1, 1},
    {0xFEDE, 6306, 1, 1},
    {0xFEDF, 6307, 1, 1},
    {0xFEE0, 6308, 1, 1},
    {0xFEE1, 6309, 1, 1},
    {0xFEE2, 6310, 1, 1},
    {0xFEE3, 6311, 1, 1},
    {0xFEE4, 6312, 1, 1},
    {0xFEE5, 6313, 1, 1},
    {0xFEE6, 6314, 1, 1},
    {0xFEE7, 6315, 1, 1},
    {0xFEE8, 6316, 1, 1},
    {0xFEE9, 6317, 1, 1},
    {0xFEEA, 6318, 1, 1},
    {0xFEEB, 6319, 1, 1},
    {0xFEEC, 6320, 1, 1},
    {0xFEED, 6321, 1, 1},
    {0xFEEE, 6322, 1, 1},
    {0xFEEF, 6323, 1, 1},
    {0xFEF0, 6324, 1, 1},
    {0xFEF1, 6325, 1, 1},
    {0xFEF2, 6326, 1, 1},
    {0xFEF3, 6327, 1, 1},
    {0xFEF4, 6328, 1, 1},
    {0xFEF5, 6329, 2, 1},
    {0xFEF6, 6331, 2, 1},
    {0xFEF7, 6333, 2, 1},
    {0xFEF8, 6335, 2, 1},
    {0xFEF9, 6337, 2, 1},
    {0xFEFA, 6339, 2, 1},
    {0xFEFB, 6341, 2, 1},
    {0xFEFC, 6343, 2, 1},
    {0xFF01, 6345, 1, 1},
    {0xFF02, 6346, 1, 1},
    {0xFF03, 6347, 1, 1},
    {0xFF04, 6348, 1, 1},
    {0xFF05, 6349, 1, 1},
    {0xFF06, 6350, 1, 1},
    {0xFF07, 6351, 1, 1},
    {0xFF08, 6352, 1, 1},
    {0xFF09, 6353, 1, 1},
    {0xFF0A, 6354, 1, 1},
    {0xFF0B, 6355, 1, 1},
    {0xFF0C, 6356, 1, 1},
    {0xFF0D, 6357, 1, 1},
    {0xFF0E, 6358, 1, 1},
    {0xFF0F, 6359, 1, 1},
    {0xFF10, 6360, 1, 1},
    {0xFF11, 6361, 1, 1},
    {0xFF12, 6362, 1, 1},
    {0xFF13, 6363, 1, 1},
    {0xFF14, 6364, 1, 1},
    {0xFF15, 6365, 1, 1},
    {0xFF16, 6366, 1, 1},
    {0xFF17, 6367, 1, 1},
    {0xFF18, 6368, 1, 1},
    {0xFF19, 6369, 1, 1},
    {0xFF1A, 6370, 1, 1},
    {0xFF1B, 6371, 1, 1},
    {0xFF1C, 6372, 1, 1},
    {0xFF1D, 6373, 1, 1},
    {0xFF1E, 6374, 1, 1},
    {0xFF1F, 6375, 1, 1},
    {0xFF20, 6376, 1, 1},
    {0xFF21, 6377, 1, 1},
    {0xFF22, 6378, 1, 1},
    {0xFF23, 6379, 1, 1},
    {0xFF24, 6380, 1, 1},
    {0xFF25, 6381, 1, 1},
    {0xFF26, 6382, 1, 1},
    {0xFF27, 6383, 1, 1},
    {0xFF28, 6384, 1, 1},
    {0xFF29, 6385, 1, 1},
    {0xFF2A, 6386, 1, 1},
    {0xFF2B, 6387, 1, 1},
    {0xFF2C, 6388, 1, 1},
    {0xFF2D, 6389, 1, 1},
    {0xFF2E, 6390, 1, 1},
    {0xFF2F, 6391, 1, 1},
    {0xFF30, 6392, 1, 1},
    {0xFF31, 6393, 1, 1},
    {0xFF32, 6394, 1, 1},
    {0xFF33, 6395, 1, 1},
    {0xFF34, 6396, 1, 1},
    {0xFF35, 6397, 1, 1},
    {0xFF36, 6398, 1, 1},
    {0xFF37, 6399, 1, 1},
    {0xFF38, 6400, 1, 1},
    {0xFF39, 6401, 1, 1},
    {0xFF3A, 6402, 1, 1},
    {0xFF3B, 6403, 1, 1},
    {0xFF3C, 6404, 1, 1},
    {0xFF3D, 6405, 1, 1},
    {0xFF3E, 6406, 1, 1},
    {0xFF3F, 6407, 1, 1},
    {0xFF40, 6408, 1, 1},
    {0xFF41, 6409, 1, 1},
    {0xFF42, 6410, 1, 1},
    {0xFF43, 6411, 1, 1},
    {0xFF44, 6412, 1, 1},
    {0xFF45, 6413, 1, 1},
    {0xFF46, 6414, 1, 1},
    {0xFF47, 6415, 1, 1},
    {0xFF48, 6416, 1, 1},
    {0xFF49, 6417, 1, 1},
    {0xFF4A, 6418, 1, 1},
    {0xFF4B, 6419, 1, 1},
    {0xFF4C, 6420, 1, 1},
    {0xFF4D, 6421, 1, 1},
    {0xFF4E, 6422, 1, 1},
    {0xFF4F, 6423, 1, 1},
    {0xFF50, 6424, 1, 1},
    {0xFF51, 6425, 1, 1},
    {0xFF52, 6426, 1, 1},
    {0xFF53, 6427, 1, 1},
    {0xFF54, 6428, 1, 1},
    {0xFF55, 6429, 1, 1},
    {0xFF56, 6430, 1, 1},
    {0xFF57, 6431, 1, 1},
    {0xFF58, 6432, 1, 1},
    {0xFF59, 6433, 1, 1},
    {0xFF5A, 6434, 1, 1},
    {0xFF5B, 6435, 1, 1},
    {0xFF5C, 6436, 1, 1},
    {0xFF5D, 6437, 1, 1},
    {0xFF5E, 6438, 1, 1},
    {0xFF5F, 6439, 1, 1},
    {0xFF60, 6440, 1, 1},
    {0xFF61, 6441, 1, 1},
    {0xFF62, 6442, 1, 1},
    {0xFF63, 6443, 1, 1},
    {0xFF64, 6444, 1, 1},
    {0xFF65, 6445, 1, 1},
    {0xFF66, 6446, 1, 1},
    {0xFF67, 6447, 1, 1},
    {0xFF68, 6448, 1, 1},
    {0xFF69, 6449, 1, 1},
    {0xFF6A, 6450, 1, 1},
    {0xFF6B, 6451, 1, 1},
    {0xFF6C, 6452, 1, 1},
    {0xFF6D, 6453, 1, 1},
    {0xFF6E, 6454, 1, 1},
    {0xFF6F, 6455, 1, 1},
    {0xFF70, 6456, 1, 1},
    {0xFF71, 6457, 1, 1},
    {0xFF72, 6458, 1, 1},
    {0xFF73, 6459, 1, 1},
    {0xFF74, 6460, 1, 1},
    {0xFF75, 6461, 1, 1},
    {0xFF76, 6462, 1, 1},
    {0xFF77, 6463, 1, 1},
    {0xFF78, 6464, 1, 1},
    {0xFF79, 6465, 1, 1},
    {0xFF7A, 6466, 1, 1},
    {0xFF7B, 6467, 1, 1},
    {0xFF7C, 6468, 1, 1},
    {0xFF7D, 6469, 1, 1},
    {0xFF7E, 6470, 1, 1},
    {0xFF7F, 6471, 1, 1},
    {0xFF80, 6472, 1, 1},
    {0xFF81, 6473, 1, 1},
    {0xFF82, 6474, 1, 1},
    {0xFF83, 6475, 1, 1},
    {0xFF84, 6476, 1, 1},
    {0xFF85, 6477, 1, 1},
    {0xFF86, 6478, 1, 1},
    {0xFF87, 6479, 1, 1},
    {0xFF88, 6480, 1, 1},
    {0xFF89, 6481, 1, 1},
    {0xFF8A, 6482, 1, 1},
    {0xFF8B, 6483, 1, 1},
    {0xFF8C, 6484, 1, 1},
    {0xFF8D, 6485, 1, 1},
    {0xFF8E, 6486, 1, 1},
    {0xFF8F, 6487, 1, 1},
    {0xFF90, 6488, 1, 1},
    {0xFF91, 6489, 1, 1},
    {0xFF92, 6490, 1, 1},
    {0xFF93, 6491, 1, 1},
    {0xFF94, 6492, 1, 1},
    {0xFF95, 6493, 1, 1},
    {0xFF96, 6494, 1, 1},
    {0xFF97, 6495, 1, 1},
    {0xFF98, 6496, 1, 1},
    {0xFF99, 6497, 1, 1},
    {0xFF9A, 6498, 1, 1},
    {0xFF9B, 6499, 1, 1},
    {0xFF9C, 6500, 1, 1},
    {0xFF9D, 6501, 1, 1},
    {0xFF9E, 6502, 1, 1},
    {0xFF9F, 6503, 1, 1},
    {0xFFA0, 6504, 1, 1},
    {0xFFA1, 6505, 1, 1},
    {0xFFA2, 6506, 1, 1},
    {0xFFA3, 6507, 1, 1},
    {0xFFA4, 6508, 1, 1},
    {0xFFA5, 6509, 1, 1},
    {0xFFA6, 6510, 1, 1},
    {0xFFA7, 6511, 1, 1},
    {0xFFA8, 6512, 1, 1},
    {0xFFA9, 6513, 1, 1},
    {0xFFAA, 6514, 1, 1},
    {0xFFAB, 6515, 1, 1},
    {0xFFAC, 6516, 1, 1},
    {0xFFAD, 6517, 1, 1},
    {0xFFAE, 6518, 1, 1},
    {0xFFAF, 6519, 1, 1},
    {0xFFB0, 6520, 1, 1},
    {0xFFB1, 6521, 1, 1},
    {0xFFB2, 6522, 1, 1},
    {0xFFB3, 6523, 1, 1},
    {0xFFB4, 6524, 1, 1},
    {0xFFB5, 6525, 1, 1},
    {0xFFB6, 6526, 1, 1},
    {0xFFB7, 6527, 1, 1},
    {0xFFB8, 6528, 1, 1},
    {0xFFB9, 6529, 1, 1},
    {0xFFBA, 6530, 1, 1},
    {0xFFBB, 6531, 1, 1},
    {0xFFBC, 6532, 1, 1},
    {0xFFBD, 6533, 1, 1},
    {0xFFBE, 6534, 1, 1},
    {0xFFC2, 6535, 1, 1},
    {0xFFC3, 6536, 1, 1},
    {0xFFC4, 6537, 1, 1},
    {0xFFC5, 6538, 1, 1},
    {0xFFC6, 6539, 1, 1},
    {0xFFC7, 6540, 1, 1},
    {0xFFCA, 6541, 1, 1},
    {0xFFCB, 6542, 1, 1},
    {0xFFCC, 6543, 1, 1},
    {0xFFCD, 6544, 1, 1},
    {0xFFCE, 6545, 1, 1},
    {0xFFCF, 6546, 1, 1},
    {0xFFD2, 6547, 1, 1},
    {0xFFD3, 6548, 1, 1},
    {0xFFD4, 6549, 1, 1},
    {0xFFD5, 6550, 1, 1},
    {0xFFD6, 6551, 1, 1},
    {0xFFD7, 6552, 1, 1},
    {0xFFDA, 6553, 1, 1},
    {0xFFDB, 6554, 1, 1},
    {0xFFDC, 6555, 1, 1},
    {0xFFE0, 6556, 1, 1},
    {0xFFE1, 6557, 1, 1},
    {0xFFE2, 6558, 1, 1},
    {0xFFE3, 6559, 1, 1},
    {0xFFE4, 6560, 1, 1},
    {0xFFE5, 6561, 1, 1},
    {0xFFE6, 6562, 1, 1},
    {0xFFE8, 6563, 1, 1},
    {0xFFE9, 6564, 1, 1},
    {0xFFEA, 6565, 1, 1},
    {0xFFEB, 6566, 1, 1},
    {0xFFEC, 6567, 1, 1},
    {0xFFED, 6568, 1, 1},
    {0xFFEE, 6569, 1, 1},
    {0x10781, 6570, 1, 1},
    {0x10782, 6571, 1, 1},
    {0x10783, 6572, 1, 1},
    {0x10784, 6573, 1, 1},
    {0x10785, 6574, 1, 1},
    {0x10787, 6575, 1, 1},
    {0x10788, 6576, 1, 1},
    {0x10789, 6577, 1, 1},
    {0x1078A, 6578, 1, 1},
    {0x1078B, 6579, 1, 1},
    {0x1078C, 6580, 1, 1},
    {0x1078D, 6581, 1, 1},
    {0x1078E, 6582, 1, 1},
    {0x1078F, 6583, 1, 1},
    {0x10790, 6584, 1, 1},
    {0x10791, 6585, 1, 1},
    {0x10792, 6586, 1, 1},
    {0x10793, 6587, 1, 1},
    {0x10794, 6588, 1, 1},
    {0x10795, 6589, 1, 1},
    {0x10796, 6590, 1, 1},
    {0x10797, 6591, 1, 1},
    {0x10798, 6592, 1, 1},
    {0x10799, 6593, 1, 1},
    {0x1079A, 6594, 1, 1},
    {0x1079B, 6595, 1, 1},
    {0x1079C, 6596, 1, 1},
    {0x1079D, 6597, 1, 1},
    {0x1079E, 6598, 1, 1},
    {0x1079F, 6599, 1, 1},
    {0x107A0, 6600, 1, 1},
    {0x107A1, 6601, 1, 1},
    {0x107A2, 6602, 1, 1},
    {0x107A3, 6603, 1, 1},
    {0x107A4, 6604, 1, 1},
    {0x107A5, 6605, 1, 1},
    {0x107A6, 6606, 1, 1},
    {0x107A7, 6607, 1, 1},
    {0x107A8, 6608, 1, 1},
    {0x107A9, 6609, 1, 1},
    {0x107AA, 6610, 1, 1},
    {0x107AB, 6611, 1, 1},
    {0x107AC, 6612, 1, 1},
    {0x107AD, 6613, 1, 1},
    {0x107AE, 6614, 1, 1},
    {0x107AF, 6615, 1, 1},
    {0x107B0, 6616, 1, 1},
    {0x107B2, 6617, 1, 1},
    {0x107B3, 6618, 1, 1},
    {0x107B4, 6619, 1, 1},
    {0x107B5, 6620, 1, 1},
    {0x107B6, 6621, 1, 1},
    {0x107B7, 6622, 1, 1},
    {0x107B8, 6623, 1, 1},
    {0x107B9, 6624, 1, 1},
    {0x107BA, 6625, 1, 1},
    {0x1109A, 6626, 2, 0},
    {0x1109C, 6628, 2, 0},
    {0x110AB, 6630, 2, 0},
    {0x1112E, 6632, 2, 0},
    {0x1112F, 6634, 2, 0},
    {0x1134B, 6636, 2, 0},
    {0x1134C, 6638, 2, 0},
    {0x114BB, 6640, 2, 0},
    {0x114BC, 6642, 2, 0},
    {0x114BE, 6644, 2, 0},
    {0x115BA, 6646, 2, 0},
    {0x115BB, 6648, 2, 0},
    {0x11938, 6650, 2, 0},
    {0x1D15E, 6652, 2, 0},
    {0x1D15F, 6654, 2, 0},
    {0x1D160, 6656, 2, 0},
    {0x1D161, 6658, 2, 0},
    {0x1D162, 6660, 2, 0},
    {0x1D163, 6662, 2, 0},
    {0x1D164, 6664, 2, 0},
    {0x1D1BB, 6666, 2, 0},
    {0x1D1BC, 6668, 2, 0},
    {0x1D1BD, 6670, 2, 0},
    {0x1D1BE, 6672, 2, 0},
    {0x1D1BF, 6674, 2, 0},
    {0x1D1C0, 6676, 2, 0},
    {0x1D400, 6678, 1, 1},
    {0x1D401, 6679, 1, 1},
    {0x1D402, 6680, 1, 1},
    {0x1D403, 6681, 1, 1},
    {0x1D404, 6682, 1, 1},
    {0x1D405, 6683, 1, 1},
    {0x1D406, 6684, 1, 1},
    {0x1D407, 6685, 1, 1},
    {0x1D408, 6686, 1, 1},
    {0x1D409, 6687, 1, 1},
    {0x1D40A, 6688, 1, 1},
    {0x1D40B, 6689, 1, 1},
    {0x1D40C, 6690, 1, 1},
    {0x1D40D, 6691, 1, 1},
    {0x1D40E, 6692, 1, 1},
    {0x1D40F, 6693, 1, 1},
    {0x1D410, 6694, 1, 1},
    {0x1D411, 6695, 1, 1},
    {0x1D412, 6696, 1, 1},
    {0x1D413, 6697, 1, 1},
    {0x1D414, 6698, 1, 1},
    {0x1D415, 6699, 1, 1},
    {0x1D416, 6700, 1, 1},
    {0x1D417, 6701, 1, 1},
    {0x1D418, 6702, 1, 1},
    {0x1D419, 6703, 1, 1},
    {0x1D41A, 6704, 1, 1},
    {0x1D41B, 6705, 1, 1},
    {0x1D41C, 6706, 1, 1},
    {0x1D41D, 6707, 1, 1},
    {0x1D41E, 6708, 1, 1},
    {0x1D41F, 6709, 1, 1},
    {0x1D420, 6710, 1, 1},
    {0x1D421, 6711, 1, 1},
    {0x1D422, 6712, 1, 1},
    {0x1D423, 6713, 1, 1},
    {0x1D424, 6714, 1, 1},
    {0x1D425, 6715, 1, 1},
    {0x1D426, 6716, 1, 1},
    {0x1D427, 6717, 1, 1},
    {0x1D428, 6718, 1, 1},
    {0x1D429, 6719, 1, 1},
    {0x1D42A, 6720, 1, 1},
    {0x1D42B, 6721, 1, 1},
    {0x1D42C, 6722, 1, 1},
    {0x1D42D, 6723, 1, 1},
    {0x1D42E, 6724, 1, 1},
    {0x1D42F, 6725, 1, 1},
    {0x1D430, 6726, 1, 1},
    {0x1D431, 6727, 1, 1},
    {0x1D432, 6728, 1, 1},
    {0x1D433, 6729, 1, 1},
    {0x1D434, 6730, 1, 1},
    {0x1D435, 6731, 1, 1},
    {0x1D436, 6732, 1, 1},
    {0x1D437, 6733, 1, 1},
    {0x1D438, 6734, 1, 1},
    {0x1D439, 6735, 1, 1},
    {0x1D43A, 6736, 1, 1},
    {0x1D43B, 6737, 1, 1},
    {0x1D43C, 6738, 1, 1},
    {0x1D43D, 6739, 1, 1},
    {0x1D43E, 6740, 1, 1},
    {0x1D43F, 6741, 1, 1},
    {0x1D440, 6742, 1, 1},
    {0x1D441, 6743, 1, 1},
    {0x1D442, 6744, 1, 1},
    {0x1D443, 6745, 1, 1},
    {0x1D444, 6746, 1, 1},
    {0x1D445, 6747, 1, 1},
    {0x1D446, 6748, 1, 1},
    {0x1D447, 6749, 1, 1},
    {0x1D448, 6750, 1, 1},
    {0x1D449, 6751, 1, 1},
    {0x1D44A, 6752, 1, 1},
    {0x1D44B, 6753, 1, 1},
    {0x1D44C, 6754, 1, 1},
    {0x1D44D, 6755, 1, 1},
    {0x1D44E, 6756, 1, 1},
    {0x1D44F, 6757, 1, 1},
    {0x1D450, 6758, 1, 1},
    {0x1D451, 6759, 1, 1},
    {0x1D452, 6760, 1, 1},
    {0x1D453, 6761, 1, 1},
    {0x1D454, 6762, 1, 1},
    {0x1D456, 6763, 1, 1},
    {0x1D457, 6764, 1, 1},
    {0x1D458, 6765, 1, 1},
    {0x1D459, 6766, 1, 1},
    {0x1D45A, 6767, 1, 1},
    {0x1D45B, 6768, 1, 1},
    {0x1D45C, 6769, 1, 1},
    {0x1D45D, 6770, 1, 1},
    {0x1D45E, 6771, 1, 1},
    {0x1D45F, 6772, 1, 1},
    {0x1D460, 6773, 1, 1},
    {0x1D461, 6774, 1, 1},
    {0x1D462, 6775, 1, 1},
    {0x1D463, 6776, 1, 1},
    {0x1D464, 6777, 1, 1},
    {0x1D465, 6778, 1, 1},
    {0x1D466, 6779, 1, 1},
    {0x1D467, 6780, 1, 1},
    {0x1D468, 6781, 1, 1},
    {0x1D469, 6782, 1, 1},
    {0x1D46A, 6783, 1, 1},
    {0x1D46B, 6784, 1, 1},
    {0x1D46C, 6785, 1, 1},
    {0x1D46D, 6786, 1, 1},
    {0x1D46E, 6787, 1, 1},
    {0x1D46F, 6788, 1, 1},
    {0x1D470, 6789, 1, 1},
    {0x1D471, 6790, 1, 1},
    {0x1D472, 6791, 1, 1},
    {0x1D473, 6792, 1, 1},
    {0x1D474, 6793, 1, 1},
    {0x1D475, 6794, 1, 1},
    {0x1D476, 6795, 1, 1},
    {0x1D477, 6796, 1, 1},
    {0x1D478, 6797, 1, 1},
    {0x1D479, 6798, 1, 1},
    {0x1D47A, 6799, 1, 1},
    {0x1D47B, 6800, 1, 1},
    {0x1D47C, 6801, 1, 1},
    {0x1D47D, 6802, 1, 1},
    {0x1D47E, 6803, 1, 1},
    {0x1D47F, 6804, 1, 1},
    {0x1D480, 6805, 1, 1},
    {0x1D481, 6806, 1, 1},
    {0x1D482, 6807, 1, 1},
    {0x1D483, 6808, 1, 1},
    {0x1D484, 6809, 1, 1},
    {0x1D485, 6810, 1, 1},
    {0x1D486, 6811, 1, 1},
    {0x1D487, 6812, 1, 1},
    {0x1D488, 6813, 1, 1},
    {0x1D489, 6814, 1, 1},
    {0x1D48A, 6815, 1, 1},
    {0x1D48B, 6816, 1, 1},
    {0x1D48C, 6817, 1, 1},
    {0x1D48D, 6818, 1, 1},
    {0x1D48E, 6819, 1, 1},
    {0x1D48F, 6820, 1, 1},
    {0x1D490, 6821, 1, 1},
    {0x1D491, 6822, 1, 1},
    {0x1D492, 6823, 1, 1},
    {0x1D493, 6824, 1, 1},
    {0x1D494, 6825, 1, 1},
    {0x1D495, 6826, 1, 1},
    {0x1D496, 6827, 1, 1},
    {0x1D497, 6828, 1, 1},
    {0x1D498, 6829, 1, 1},
    {0x1D499, 6830, 1, 1},
    {0x1D49A, 6831, 1, 1},
    {0x1D49B, 6832, 1, 1},
    {0x1D49C, 6833, 1, 1},
    {0x1D49E, 6834, 1, 1},
    {0x1D49F, 6835, 1, 1},
    {0x1D4A2, 6836, 1, 1},
    {0x1D4A5, 6837, 1, 1},
    {0x1D4A6, 6838, 1, 1},
    {0x1D4A9, 6839, 1, 1},
    {0x1D4AA, 6840, 1, 1},
    {0x1D4AB, 6841, 1, 1},
    {0x1D4AC, 6842, 1, 1},
    {0x1D4AE, 6843, 1, 1},
    {0x1D4AF, 6844, 1, 1},
    {0x1D4B0, 6845, 1, 1},
    {0x1D4B1, 6846, 1, 1},
    {0x1D4B2, 6847, 1, 1},
    {0x1D4B3, 6848, 1, 1},
    {0x1D4B4, 6849, 1, 1},
    {0x1D4B5, 6850, 1, 1},
    {0x1D4B6, 6851, 1, 1},
    {0x1D4B7, 6852, 1, 1},
    {0x1D4B8, 6853, 1, 1},
    {0x1D4B9, 6854, 1, 1},
    {0x1D4BB, 6855, 1, 1},
    {0x1D4BD, 6856, 1, 1},
    {0x1D4BE, 6857, 1, 1},
    {0x1D4BF, 6858, 1, 1},
    {0x1D4C0, 6859, 1, 1},
    {0x1D4C1, 6860, 1, 1},
    {0x1D4C2, 6861, 1, 1},
    {0x1D4C3, 6862, 1, 1},
    {0x1D4C5, 6863, 1, 1},
    {0x1D4C6, 6864, 1, 1},
    {0x1D4C7, 6865, 1, 1},
    {0x1D4C8, 6866, 1, 1},
    {0x1D4C9, 6867, 1, 1},
    {0x1D4CA, 6868, 1, 1},
    {0x1D4CB, 6869, 1, 1},
    {0x1D4CC, 6870, 1, 1},
    {0x1D4CD, 6871, 1, 1},
    {0x1D4CE, 6872, 1, 1},
    {0x1D4CF, 6873, 1, 1},
    {0x1D4D0, 6874, 1, 1},
    {0x1D4D1, 6875, 1, 1},
    {0x1D4D2, 6876, 1, 1},
    {0x1D4D3, 6877, 1, 1},
    {0x1D4D4, 6878, 1, 1},
    {0x1D4D5, 6879, 1, 1},
    {0x1D4D6, 6880, 1, 1},
    {0x1D4D7, 6881, 1, 1},
    {0x1D4D8, 6882, 1, 1},
    {0x1D4D9, 6883, 1, 1},
    {0x1D4DA, 6884, 1, 1},
    {0x1D4DB, 6885, 1, 1},
    {0x1D4DC, 6886, 1, 1},
    {0x1D4DD, 6887, 1, 1},
    {0x1D4DE, 6888, 1, 1},
    {0x1D4DF, 6889, 1, 1},
    {0x1D4E0, 6890, 1, 1},
    {0x1D4E1, 6891, 1, 1},
    {0x1D4E2, 6892, 1, 1},
    {0x1D4E3, 6893, 1, 1},
    {0x1D4E4, 6894, 1, 1},
    {0x1D4E5, 6895, 1, 1},
    {0x1D4E6, 6896, 1, 1},
    {0x1D4E7, 6897, 1, 1},
    {0x1D4E8, 6898, 1, 1},
    {0x1D4E9, 6899, 1, 1},
    {0x1D4EA, 6900, 1, 1},
    {0x1D4EB, 6901, 1, 1},
    {0x1D4EC, 6902, 1, 1},
    {0x1D4ED, 6903, 1, 1},
    {0x1D4EE, 6904, 1, 1},
    {0x1D4EF, 6905, 1, 1},
    {0x1D4F0, 6906, 1, 1},
    {0x1D4F1, 6907, 1, 1},
    {0x1D4F2, 6908, 1, 1},
    {0x1D4F3, 6909, 1, 1},
    {0x1D4F4, 6910, 1, 1},
    {0x1D4F5, 6911, 1, 1},
    {0x1D4F6, 6912, 1, 1},
    {0x1D4F7, 6913, 1, 1},
    {0x1D4F8, 6914, 1, 1},
    {0x1D4F9, 6915, 1, 1},
    {0x1D4FA, 6916, 1, 1},
    {0x1D4FB, 6917, 1, 1},
    {0x1D4FC, 6918, 1, 1},
    {0x1D4FD, 6919, 1, 1},
    {0x1D4FE, 6920, 1, 1},
    {0x1D4FF, 6921, 1, 1},
    {0x1D500, 6922, 1, 1},
    {0x1D501, 6923, 1, 1},
    {0x1D502, 6924, 1, 1},
    {0x1D503, 6925, 1, 1},
    {0x1D504, 6926, 1, 1},
    {0x1D505, 6927, 1, 1},
    {0x1D507, 6928, 1, 1},
    {0x1D508, 6929, 1, 1},
    {0x1D509, 6930, 1, 1},
    {0x1D50A, 6931, 1, 1},
    {0x1D50D, 6932, 1, 1},
    {0x1D50E, 6933, 1, 1},
    {0x1D50F, 6934, 1, 1},
    {0x1D510, 6935, 1, 1},
    {0x1D511, 6936, 1, 1},
    {0x1D512, 6937, 1, 1},
    {0x1D513, 6938, 1, 1},
    {0x1D514, 6939, 1, 1},
    {0x1D516, 6940, 1, 1},
    {0x1D517, 6941, 1, 1},
    {0x1D518, 6942, 1, 1},
    {0x1D519, 6943, 1, 1},
    {0x1D51A, 6944, 1, 1},
    {0x1D51B, 6945, 1, 1},
    {0x1D51C, 6946, 1, 1},
    {0x1D51E, 6947, 1, 1},
    {0x1D51F, 6948, 1, 1},
    {0x1D520, 6949, 1, 1},
    {0x1D521, 6950, 1, 1},
    {0x1D522, 6951, 1, 1},
    {0x1D523, 6952, 1, 1},
    {0x1D524, 6953, 1, 1},
    {0x1D525, 6954, 1, 1},
    {0x1D526, 6955, 1, 1},
    {0x1D527, 6956, 1, 1},
    {0x1D528, 6957, 1, 1},
    {0x1D529, 6958, 1, 1},
    {0x1D52A, 6959, 1, 1},
    {0x1D52B, 6960, 1, 1},
    {0x1D52C, 6961, 1, 1},
    {0x1D52D, 6962, 1, 1},
    {0x1D52E, 6963, 1, 1},
    {0x1D52F, 6964, 1, 1},
    {0x1D530, 6965, 1, 1},
    {0x1D531, 6966, 1, 1},
    {0x1D532, 6967, 1, 1},
    {0x1D533, 6968, 1, 1},
    {0x1D534, 6969, 1, 1},
    {0x1D535, 6970, 1, 1},
    {0x1D536, 6971, 1, 1},
    {0x1D537, 6972, 1, 1},
    {0x1D538, 6973, 1, 1},
    {0x1D539, 6974, 1, 1},
    {0x1D53B, 6975, 1, 1},
    {0x1D53C, 6976, 1, 1},
    {0x1D53D, 6977, 1, 1},
    {0x1D53E, 6978, 1, 1},
    {0x1D540, 6979, 1, 1},
    {0x1D541, 6980, 1, 1},
    {0x1D542, 6981, 1, 1},
    {0x1D543, 6982, 1, 1},
    {0x1D544, 6983, 1, 1},
    {0x1D546, 6984, 1, 1},
    {0x1D54A, 6985, 1, 1},
    {0x1D54B, 6986, 1, 1},
    {0x1D54C, 6987, 1, 1},
    {0x1D54D, 6988, 1, 1},
    {0x1D54E, 6989, 1, 1},
    {0x1D54F, 6990, 1, 1},
    {0x1D550, 6991, 1, 1},
    {0x1D552, 6992, 1, 1},
    {0x1D553, 6993, 1, 1},
    {0x1D554, 6994, 1, 1},
    {0x1D555, 6995, 1, 1},
    {0x1D556, 6996, 1, 1},
    {0x1D557, 6997, 1, 1},
    {0x1D558, 6998, 1, 1},
    {0x1D559, 6999, 1, 1},
    {0x1D55A, 7000, 1, 1},
    {0x1D55B, 7001, 1, 1},
    {0x1D55C, 7002, 1, 1},
    {0x1D55D, 7003, 1, 1},
    {0x1D55E, 7004, 1, 1},
    {0x1D55F, 7005, 1, 1},
    {0x1D560, 7006, 1, 1},
    {0x1D561, 7007, 1, 1},
    {0x1D562, 7008, 1, 1},
    {0x1D563, 7009, 1, 1},
    {0x1D564, 7010, 1, 1},
    {0x1D565, 7011, 1, 1},
    {0x1D566, 7012, 1, 1},
    {0x1D567, 7013, 1, 1},
    {0x1D568, 7014, 1, 1},
    {0x1D569, 7015, 1, 1},
    {0x1D56A, 7016, 1, 1},
    {0x1D56B, 7017, 1, 1},
    {0x1D56C, 7018, 1, 1},
    {0x1D56D, 7019, 1, 1},
    {0x1D56E, 7020, 1, 1},
    {0x1D56F, 7021, 1, 1},
    {0x1D570, 7022, 1, 1},
    {0x1D571, 7023, 1, 1},
    {0x1D572, 7024, 1, 1},
    {0x1D573, 7025, 1, 1},
    {0x1D574, 7026, 1, 1},
    {0x1D575, 7027, 1, 1},
    {0x1D576, 7028, 1, 1},
    {0x1D577, 7029, 1, 1},
    {0x1D578, 7030, 1, 1},
    {0x1D579, 7031, 1, 1},
    {0x1D57A, 7032, 1, 1},
    {0x1D57B, 7033, 1, 1},
    {0x1D57C, 7034, 1, 1},
    {0x1D57D, 7035, 1, 1},
    {0x1D57E, 7036, 1, 1},
    {0x1D57F, 7037, 1, 1},
    {0x1D580, 7038, 1, 1},
    {0x1D581, 7039, 1, 1},
    {0x1D582, 7040, 1, 1},
    {0x1D583, 7041, 1, 1},
    {0x1D584, 7042, 1, 1},
    {0x1D585, 7043, 1, 1},
    {0x1D586, 7044, 1, 1},
    {0x1D587, 7045, 1, 1},
    {0x1D588, 7046, 1, 1},
    {0x1D589, 7047, 1, 1},
    {0x1D58A, 7048, 1, 1},
    {0x1D58B, 7049, 1, 1},
    {0x1D58C, 7050, 1, 1},
    {0x1D58D, 7051, 1, 1},
    {0x1D58E, 7052, 1, 1},
    {0x1D58F, 7053, 1, 1},
    {0x1D590, 7054, 1, 1},
    {0x1D591, 7055, 1, 1},
    {0x1D592, 7056, 1, 1},
    {0x1D593, 7057, 1, 1},
    {0x1D594, 7058, 1, 1},
    {0x1D595, 7059, 1, 1},
    {0x1D596, 7060, 1, 1},
    {0x1D597, 7061, 1, 1},
    {0x1D598, 7062, 1, 1},
    {0x1D599, 7063, 1, 1},
    {0x1D59A, 7064, 1, 1},
    {0x1D59B, 7065, 1, 1},
    {0x1D59C, 7066, 1, 1},
    {0x1D59D, 7067, 1, 1},
    {0x1D59E, 7068, 1, 1},
    {0x1D59F, 7069, 1, 1},
    {0x1D5A0, 7070, 1, 1},
    {0x1D5A1, 7071, 1, 1},
    {0x1D5A2, 7072, 1, 1},
    {0x1D5A3, 7073, 1, 1},
    {0x1D5A4, 7074, 1, 1},
    {0x1D5A5, 7075, 1, 1},
    {0x1D5A6, 7076, 1, 1},
    {0x1D5A7, 7077, 1, 1},
    {0x1D5A8, 7078, 1, 1},
    {0x1D5A9, 7079, 1, 1},
    {0x1D5AA, 7080, 1, 1},
    {0x1D5AB, 7081, 1, 1},
    {0x1D5AC, 7082, 1, 1},
    {0x1D5AD, 7083, 1, 1},
    {0x1D5AE, 7084, 1, 1},
    {0x1D5AF, 7085, 1, 1},
    {0x1D5B0, 7086, 1, 1},
    {0x1D5B1, 7087, 1, 1},
    {0x1D5B2, 7088, 1, 1},
    {0x1D5B3, 7089, 1, 1},
    {0x1D5B4, 7090, 1, 1},
    {0x1D5B5, 7091, 1, 1},
    {0x1D5B6, 7092, 1, 1},
    {0x1D5B7, 7093, 1, 1},
    {0x1D5B8, 7094, 1, 1},
    {0x1D5B9, 7095, 1, 1},
    {0x1D5BA, 7096, 1, 1},
    {0x1D5BB, 7097, 1, 1},
    {0x1D5BC, 7098, 1, 1},
    {0x1D5BD, 7099, 1, 1},
    {0x1D5BE, 7100, 1, 1},
    {0x1D5BF, 7101, 1, 1},
    {0x1D5C0, 7102, 1, 1},
    {0x1D5C1, 7103, 1, 1},
    {0x1D5C2, 7104, 1, 1},
    {0x1D5C3, 7105, 1, 1},
    {0x1D5C4, 7106, 1, 1},
    {0x1D5C5, 7107, 1, 1},
    {0x1D5C6, 7108, 1, 1},
    {0x1D5C7, 7109, 1, 1},
    {0x1D5C8, 7110, 1, 1},
    {0x1D5C9, 7111, 1, 1},
    {0x1D5CA, 7112, 1, 1},
    {0x1D5CB, 7113, 1, 1},
    {0x1D5CC, 7114, 1, 1},
    {0x1D5CD, 7115, 1, 1},
    {0x1D5CE, 7116, 1, 1},
    {0x1D5CF, 7117, 1, 1},
    {0x1D5D0, 7118, 1, 1},
    {0x1D5D1, 7119, 1, 1},
    {0x1D5D2, 7120, 1, 1},
    {0x1D5D3, 7121, 1, 1},
    {0x1D5D4, 7122, 1, 1},
    {0x1D5D5, 7123, 1, 1},
    {0x1D5D6, 7124, 1, 1},
    {0x1D5D7, 7125, 1, 1},
    {0x1D5D8, 7126, 1, 1},
    {0x1D5D9, 7127, 1, 1},
    {0x1D5DA, 7128, 1, 1},
    {0x1D5DB, 7129, 1, 1},
    {0x1D5DC, 7130, 1, 1},
    {0x1D5DD, 7131, 1, 1},
    {0x1D5DE, 7132, 1, 1},
    {0x1D5DF, 7133, 1, 1},
    {0x1D5E0, 7134, 1, 1},
    {0x1D5E1, 7135, 1, 1},
    {0x1D5E2, 7136, 1, 1},
    {0x1D5E3, 7137, 1, 1},
    {0x1D5E4, 7138, 1, 1},
    {0x1D5E5, 7139, 1, 1},
    {0x1D5E6, 7140, 1, 1},
    {0x1D5E7, 7141, 1, 1},
    {0x1D5E8, 7142, 1, 1},
    {0x1D5E9, 7143, 1, 1},
    {0x1D5EA, 7144, 1, 1},
    {0x1D5EB, 7145, 1, 1},
    {0x1D5EC, 7146, 1, 1},
    {0x1D5ED, 7147, 1, 1},
    {0x1D5EE, 7148, 1, 1},
    {0x1D5EF, 7149, 1, 1},
    {0x1D5F0, 7150, 1, 1},
    {0x1D5F1, 7151, 1, 1},
    {0x1D5F2, 7152, 1, 1},
    {0x1D5F3, 7153, 1, 1},
    {0x1D5F4, 7154, 1, 1},
    {0x1D5F5, 7155, 1, 1},
    {0x1D5F6, 7156, 1, 1},
    {0x1D5F7, 7157, 1, 1},
    {0x1D5F8, 7158, 1, 1},
    {0x1D5F9, 7159, 1, 1},
    {0x1D5FA, 7160, 1, 1},
    {0x1D5FB, 7161, 1, 1},
    {0x1D5FC, 7162, 1, 1},
    {0x1D5FD, 7163, 1, 1},
    {0x1D5FE, 7164, 1, 1},
    {0x1D5FF, 7165, 1, 1},
    {0x1D600, 7166, 1, 1},
    {0x1D601, 7167, 1, 1},
    {0x1D602, 7168, 1, 1},
    {0x1D603, 7169, 1, 1},
    {0x1D604, 7170, 1, 1},
    {0x1D605, 7171, 1, 1},
    {0x1D606, 7172, 1, 1},
    {0x1D607, 7173, 1, 1},
    {0x1D608, 7174, 1, 1},
    {0x1D609, 7175, 1, 1},
    {0x1D60A, 7176, 1, 1},
    {0x1D60B, 7177, 1, 1},
    {0x1D60C, 7178, 1, 1},
    {0x1D60D, 7179, 1, 1},
    {0x1D60E, 7180, 1, 1},
    {0x1D60F, 7181, 1, 1},
    {0x1D610, 7182, 1, 1},
    {0x1D611, 7183, 1, 1},
    {0x1D612, 7184, 1, 1},
    {0x1D613, 7185, 1, 1},
    {0x1D614, 7186, 1, 1},
    {0x1D615, 7187, 1, 1},
    {0x1D616, 7188, 1, 1},
    {0x1D617, 7189, 1, 1},
    {0x1D618, 7190, 1, 1},
    {0x1D619, 7191, 1, 1},
    {0x1D61A, 7192, 1, 1},
    {0x1D61B, 7193, 1, 1},
    {0x1D61C, 7194, 1, 1},
    {0x1D61D, 7195, 1, 1},
    {0x1D61E, 7196, 1, 1},
    {0x1D61F, 7197, 1, 1},
    {0x1D620, 7198, 1, 1},
    {0x1D621, 7199, 1, 1},
    {0x1D622, 7200, 1, 1},
    {0x1D623, 7201, 1, 1},
    {0x1D624, 7202, 1, 1},
    {0x1D625, 7203, 1, 1},
    {0x1D626, 7204, 1, 1},
    {0x1D627, 7205, 1, 1},
    {0x1D628, 7206, 1, 1},
    {0x1D629, 7207, 1, 1},
    {0x1D62A, 7208, 1, 1},
    {0x1D62B, 7209, 1, 1},
    {0x1D62C, 7210, 1, 1},
    {0x1D62D, 7211, 1, 1},
    {0x1D62E, 7212, 1, 1},
    {0x1D62F, 7213, 1, 1},
    {0x1D630, 7214, 1, 1},
    {0x1D631, 7215, 1, 1},
    {0x1D632, 7216, 1, 1},
    {0x1D633, 7217, 1, 1},
    {0x1D634, 7218, 1, 1},
    {0x1D635, 7219, 1, 1},
    {0x1D636, 7220, 1, 1},
    {0x1D637, 7221, 1, 1},
    {0x1D638, 7222, 1, 1},
    {0x1D639, 7223, 1, 1},
    {0x1D63A, 7224, 1, 1},
    {0x1D63B, 7225, 1, 1},
    {0x1D63C, 7226, 1, 1},
    {0x1D63D, 7227, 1, 1},
    {0x1D63E, 7228, 1, 1},
    {0x1D63F, 7229, 1, 1},
    {0x1D640, 7230, 1, 1},
    {0x1D641, 7231, 1, 1},
    {0x1D642, 7232, 1, 1},
    {0x1D643, 7233, 1, 1},
    {0x1D644, 7234, 1, 1},
    {0x1D645, 7235, 1, 1},
    {0x1D646, 7236, 1, 1},
    {0x1D647, 7237, 1, 1},
    {0x1D648, 7238, 1, 1},
    {0x1D649, 7239, 1, 1},
    {0x1D64A, 7240, 1, 1},
    {0x1D64B, 7241, 1, 1},
    {0x1D64C, 7242, 1, 1},
    {0x1D64D, 7243, 1, 1},
    {0x1D64E, 7244, 1, 1},
    {0x1D64F, 7245, 1, 1},
    {0x1D650, 7246, 1, 1},
    {0x1D651, 7247, 1, 1},
    {0x1D652, 7248, 1, 1},
    {0x1D653, 7249, 1, 1},
    {0x1D654, 7250, 1, 1},
    {0x1D655, 7251, 1, 1},
    {0x1D656, 7252, 1, 1},
    {0x1D657, 7253, 1, 1},
    {0x1D658, 7254, 1, 1},
    {0x1D659, 7255, 1, 1},
    {0x1D65A, 7256, 1, 1},
    {0x1D65B, 7257, 1, 1},
    {0x1D65C, 7258, 1, 1},
    {0x1D65D, 7259, 1, 1},
    {0x1D65E, 7260, 1, 1},
    {0x1D65F, 7261, 1, 1},
    {0x1D660, 7262, 1, 1},
    {0x1D661, 7263, 1, 1},
    {0x1D662, 7264, 1, 1},
    {0x1D663, 7265, 1, 1},
    {0x1D664, 7266, 1, 1},
    {0x1D665, 7267, 1, 1},
    {0x1D666, 7268, 1, 1},
    {0x1D667, 7269, 1, 1},
    {0x1D668, 7270, 1, 1},
    {0x1D669, 7271, 1, 1},
    {0x1D66A, 7272, 1, 1},
    {0x1D66B, 7273, 1, 1},
    {0x1D66C, 7274, 1, 1},
    {0x1D66D, 7275, 1, 1},
    {0x1D66E, 7276, 1, 1},
    {0x1D66F, 7277, 1, 1},
    {0x1D670, 7278, 1, 1},
    {0x1D671, 7279, 1, 1},
    {0x1D672, 7280, 1, 1},
    {0x1D673, 7281, 1, 1},
    {0x1D674, 7282, 1, 1},
    {0x1D675, 7283, 1, 1},
    {0x1D676, 7284, 1, 1},
    {0x1D677, 7285, 1, 1},
    {0x1D678, 7286, 1, 1},
    {0x1D679, 7287, 1, 1},
    {0x1D67A, 7288, 1, 1},
    {0x1D67B, 7289, 1, 1},
    {0x1D67C, 7290, 1, 1},
    {0x1D67D, 7291, 1, 1},
    {0x1D67E, 7292, 1, 1},
    {0x1D67F, 7293, 1, 1},
    {0x1D680, 7294, 1, 1},
    {0x1D681, 7295, 1, 1},
    {0x1D682, 7296, 1, 1},
    {0x1D683, 7297, 1, 1},
    {0x1D684, 7298, 1, 1},
    {0x1D685, 7299, 1, 1},
    {0x1D686, 7300, 1, 1},
    {0x1D687, 7301, 1, 1},
    {0x1D688, 7302, 1, 1},
    {0x1D689, 7303, 1, 1},
    {0x1D68A, 7304, 1, 1},
    {0x1D68B, 7305, 1, 1},
    {0x1D68C, 7306, 1, 1},
    {0x1D68D, 7307, 1, 1},
    {0x1D68E, 7308, 1, 1},
    {0x1D68F, 7309, 1, 1},
    {0x1D690, 7310, 1, 1},
    {0x1D691, 7311, 1, 1},
    {0x1D692, 7312, 1, 1},
    {0x1D693, 7313, 1, 1},
    {0x1D694, 7314, 1, 1},
    {0x1D695, 7315, 1, 1},
    {0x1D696, 7316, 1, 1},
    {0x1D697, 7317, 1, 1},
    {0x1D698, 7318, 1, 1},
    {0x1D699, 7319, 1, 1},
    {0x1D69A, 7320, 1, 1},
    {0x1D69B, 7321, 1, 1},
    {0x1D69C, 7322, 1, 1},
    {0x1D69D, 7323, 1, 1},
    {0x1D69E, 7324, 1, 1},
    {0x1D69F, 7325, 1, 1},
    {0x1D6A0, 7326, 1, 1},
    {0x1D6A1, 7327, 1, 1},
    {0x1D6A2, 7328, 1, 1},
    {0x1D6A3, 7329, 1, 1},
    {0x1D6A4, 7330, 1, 1},
    {0x1D6A5, 7331, 1, 1},
    {0x1D6A8, 7332, 1, 1},
    {0x1D6A9, 7333, 1, 1},
    {0x1D6AA, 7334, 1, 1},
    {0x1D6AB, 7335, 1, 1},
    {0x1D6AC, 7336, 1, 1},
    {0x1D6AD, 7337, 1, 1},
    {0x1D6AE, 7338, 1, 1},
    {0x1D6AF, 7339, 1, 1},
    {0x1D6B0, 7340, 1, 1},
    {0x1D6B1, 7341, 1, 1},
    {0x1D6B2, 7342, 1, 1},
    {0x1D6B3, 7343, 1, 1},
    {0x1D6B4, 7344, 1, 1},
    {0x1D6B5, 7345, 1, 1},
    {0x1D6B6, 7346, 1, 1},
    {0x1D6B7, 7347, 1, 1},
    {0x1D6B8, 7348, 1, 1},
    {0x1D6B9, 7349, 1, 1},
    {0x1D6BA, 7350, 1, 1},
    {0x1D6BB, 7351, 1, 1},
    {0x1D6BC, 7352, 1, 1},
    {0x1D6BD, 7353, 1, 1},
    {0x1D6BE, 7354, 1, 1},
    {0x1D6BF, 7355, 1, 1},
    {0x1D6C0, 7356, 1, 1},
    {0x1D6C1, 7357, 1, 1},
    {0x1D6C2, 7358, 1, 1},
    {0x1D6C3, 7359, 1, 1},
    {0x1D6C4, 7360, 1, 1},
    {0x1D6C5, 7361, 1, 1},
    {0x1D6C6, 7362, 1, 1},
    {0x1D6C7, 7363, 1, 1},
    {0x1D6C8, 7364, 1, 1},
    {0x1D6C9, 7365, 1, 1},
    {0x1D6CA, 7366, 1, 1},
    {0x1D6CB, 7367, 1, 1},
    {0x1D6CC, 7368, 1, 1},
    {0x1D6CD, 7369, 1, 1},
    {0x1D6CE, 7370, 1, 1},
    {0x1D6CF, 7371, 1, 1},
    {0x1D6D0, 7372, 1, 1},
    {0x1D6D1, 7373, 1, 1},
    {0x1D6D2, 7374, 1, 1},
    {0x1D6D3, 7375, 1, 1},
    {0x1D6D4, 7376, 1, 1},
    {0x1D6D5, 7377, 1, 1},
    {0x1D6D6, 7378, 1, 1},
    {0x1D6D7, 7379, 1, 1},
    {0x1D6D8, 7380, 1, 1},
    {0x1D6D9, 7381, 1, 1},
    {0x1D6DA, 7382, 1, 1},
    {0x1D6DB, 7383, 1, 1},
    {0x1D6DC, 7384, 1, 1},
    {0x1D6DD, 7385, 1, 1},
    {0x1D6DE, 7386, 1, 1},
    {0x1D6DF, 7387, 1, 1},
    {0x1D6E0, 7388, 1, 1},
    {0x1D6E1, 7389, 1, 1},
    {0x1D6E2, 7390, 1, 1},
    {0x1D6E3, 7391, 1, 1},
    {0x1D6E4, 7392, 1, 1},
    {0x1D6E5, 7393, 1, 1},
    {0x1D6E6, 7394, 1, 1},
    {0x1D6E7, 7395, 1, 1},
    {0x1D6E8, 7396, 1, 1},
    {0x1D6E9, 7397, 1, 1},
    {0x1D6EA, 7398, 1, 1},
    {0x1D6EB, 7399, 1, 1},
    {0x1D6EC, 7400, 1, 1},
    {0x1D6ED, 7401, 1, 1},
    {0x1D6EE, 7402, 1, 1},
    {0x1D6EF, 7403, 1, 1},
    {0x1D6F0, 7404, 1, 1},
    {0x1D6F1, 7405, 1, 1},
    {0x1D6F2, 7406, 1, 1},
    {0x1D6F3, 7407, 1, 1},
    {0x1D6F4, 7408, 1, 1},
    {0x1D6F5, 7409, 1, 1},
    {0x1D6F6, 7410, 1, 1},
    {0x1D6F7, 7411, 1, 1},
    {0x1D6F8, 7412, 1, 1},
    {0x1D6F9, 7413, 1, 1},
    {0x1D6FA, 7414, 1, 1},
    {0x1D6FB, 7415, 1, 1},
    {0x1D6FC, 7416, 1, 1},
    {0x1D6FD, 7417, 1, 1},
    {0x1D6FE, 7418, 1, 1},
    {0x1D6FF, 7419, 1, 1},
    {0x1D700, 7420, 1, 1},
    {0x1D701, 7421, 1, 1},
    {0x1D702, 7422, 1, 1},
    {0x1D703, 7423, 1, 1},
    {0x1D704, 7424, 1, 1},
    {0x1D705, 7425, 1, 1},
    {0x1D706, 7426, 1, 1},
    {0x1D707, 7427, 1, 1},
    {0x1D708, 7428, 1, 1},
    {0x1D709, 7429, 1, 1},
    {0x1D70A, 7430, 1, 1},
    {0x1D70B, 7431, 1, 1},
    {0x1D70C, 7432, 1, 1},
    {0x1D70D, 7433, 1, 1},
    {0x1D70E, 7434, 1, 1},
    {0x1D70F, 7435, 1, 1},
    {0x1D710, 7436, 1, 1},
    {0x1D711, 7437, 1, 1},
    {0x1D712, 7438, 1, 1},
    {0x1D713, 7439, 1, 1},
    {0x1D714, 7440, 1, 1},
    {0x1D715, 7441, 1, 1},
    {0x1D716, 7442, 1, 1},
    {0x1D717, 7443, 1, 1},
    {0x1D718, 7444, 1, 1},
    {0x1D719, 7445, 1, 1},
    {0x1D71A, 7446, 1, 1},
    {0x1D71B, 7447, 1, 1},
    {0x1D71C, 7448, 1, 1},
    {0x1D71D, 7449, 1, 1},
    {0x1D71E, 7450, 1, 1},
    {0x1D71F, 7451, 1, 1},
    {0x1D720, 7452, 1, 1},
    {0x1D721, 7453, 1, 1},
    {0x1D722, 7454, 1, 1},
    {0x1D723, 7455, 1, 1},
    {0x1D724, 7456, 1, 1},
    {0x1D725, 7457, 1, 1},
    {0x1D726, 7458, 1, 1},
    {0x1D727, 7459, 1, 1},
    {0x1D728, 7460, 1, 1},
    {0x1D729, 7461, 1, 1},
    {0x1D72A, 7462, 1, 1},
    {0x1D72B, 7463, 1, 1},
    {0x1D72C, 7464, 1, 1},
    {0x1D72D, 7465, 1, 1},
    {0x1D72E, 7466, 1, 1},
    {0x1D72F, 7467, 1, 1},
    {0x1D730, 7468, 1, 1},
    {0x1D731, 7469, 1, 1},
    {0x1D732, 7470, 1, 1},
    {0x1D733, 7471, 1, 1},
    {0x1D734, 7472, 1, 1},
    {0x1D735, 7473, 1, 1},
    {0x1D736, 7474, 1, 1},
    {0x1D737, 7475, 1, 1},
    {0x1D738, 7476, 1, 1},
    {0x1D739, 7477, 1, 1},
    {0x1D73A, 7478, 1, 1},
    {0x1D73B, 7479, 1, 1},
    {0x1D73C, 7480, 1, 1},
    {0x1D73D, 7481, 1, 1},
    {0x1D73E, 7482, 1, 1},
    {0x1D73F, 7483, 1, 1},
    {0x1D740, 7484, 1, 1},
    {0x1D741, 7485, 1, 1},
    {0x1D742, 7486, 1, 1},
    {0x1D743, 7487, 1, 1},
    {0x1D744, 7488, 1, 1},
    {0x1D745, 7489, 1, 1},
    {0x1D746, 7490, 1, 1},
    {0x1D747, 7491, 1, 1},
    {0x1D748, 7492, 1, 1},
    {0x1D749, 7493, 1, 1},
    {0x1D74A, 7494, 1, 1},
    {0x1D74B, 7495, 1, 1},
    {0x1D74C, 7496, 1, 1},
    {0x1D74D, 7497, 1, 1},
    {0x1D74E, 7498, 1, 1},
    {0x1D74F, 7499, 1, 1},
    {0x1D750, 7500, 1, 1},
    {0x1D751, 7501, 1, 1},
    {0x1D752, 7502, 1, 1},
    {0x1D753, 7503, 1, 1},
    {0x1D754, 7504, 1, 1},
    {0x1D755, 7505, 1, 1},
    {0x1D756, 7506, 1, 1},
    {0x1D757, 7507, 1, 1},
    {0x1D758, 7508, 1, 1},
    {0x1D759, 7509, 1, 1},
    {0x1D75A, 7510, 1, 1},
    {0x1D75B, 7511, 1, 1},
    {0x1D75C, 7512, 1, 1},
    {0x1D75D, 7513, 1, 1},
    {0x1D75E, 7514, 1, 1},
    {0x1D75F, 7515, 1, 1},
    {0x1D760, 7516, 1, 1},
    {0x1D761, 7517, 1, 1},
    {0x1D762, 7518, 1, 1},
    {0x1D763, 7519, 1, 1},
    {0x1D764, 7520, 1, 1},
    {0x1D765, 7521, 1, 1},
    {0x1D766, 7522, 1, 1},
    {0x1D767, 7523, 1, 1},
    {0x1D768, 7524, 1, 1},
    {0x1D769, 7525, 1, 1},
    {0x1D76A, 7526, 1, 1},
    {0x1D76B, 7527, 1, 1},
    {0x1D76C, 7528, 1, 1},
    {0x1D76D, 7529, 1, 1},
    {0x1D76E, 7530, 1, 1},
    {0x1D76F, 7531, 1, 1},
    {0x1D770, 7532, 1, 1},
    {0x1D771, 7533, 1, 1},
    {0x1D772, 7534, 1, 1},
    {0x1D773, 7535, 1, 1},
    {0x1D774, 7536, 1, 1},
    {0x1D775, 7537, 1, 1},
    {0x1D776, 7538, 1, 1},
    {0x1D777, 7539, 1, 1},
    {0x1D778, 7540, 1, 1},
    {0x1D779, 7541, 1, 1},
    {0x1D77A, 7542, 1, 1},
    {0x1D77B, 7543, 1, 1},
    {0x1D77C, 7544, 1, 1},
    {0x1D77D, 7545, 1, 1},
    {0x1D77E, 7546, 1, 1},
    {0x1D77F, 7547, 1, 1},
    {0x1D780, 7548, 1, 1},
    {0x1D781, 7549, 1, 1},
    {0x1D782, 7550, 1, 1},
    {0x1D783, 7551, 1, 1},
    {0x1D784, 7552, 1, 1},
    {0x1D785, 7553, 1, 1},
    {0x1D786, 7554, 1, 1},
    {0x1D787, 7555, 1, 1},
    {0x1D788, 7556, 1, 1},
    {0x1D789, 7557, 1, 1},
    {0x1D78A, 7558, 1, 1},
    {0x1D78B, 7559, 1, 1},
    {0x1D78C, 7560, 1, 1},
    {0x1D78D, 7561, 1, 1},
    {0x1D78E, 7562, 1, 1},
    {0x1D78F, 7563, 1, 1},
    {0x1D790, 7564, 1, 1},
    {0x1D791, 7565, 1, 1},
    {0x1D792, 7566, 1, 1},
    {0x1D793, 7567, 1, 1},
    {0x1D794, 7568, 1, 1},
    {0x1D795, 7569, 1, 1},
    {0x1D796, 7570, 1, 1},
    {0x1D797, 7571, 1, 1},
    {0x1D798, 7572, 1, 1},
    {0x1D799, 7573, 1, 1},
    {0x1D79A, 7574, 1, 1},
    {0x1D79B, 7575, 1, 1},
    {0x1D79C, 7576, 1, 1},
    {0x1D79D, 7577, 1, 1},
    {0x1D79E, 7578, 1, 1},
    {0x1D79F, 7579, 1, 1},
    {0x1D7A0, 7580, 1, 1},
    {0x1D7A1, 7581, 1, 1},
    {0x1D7A2, 7582, 1, 1},
    {0x1D7A3, 7583, 1, 1},
    {0x1D7A4, 7584, 1, 1},
    {0x1D7A5, 7585, 1, 1},
    {0x1D7A6, 7586, 1, 1},
    {0x1D7A7, 7587, 1, 1},
    {0x1D7A8, 7588, 1, 1},
    {0x1D7A9, 7589, 1, 1},
    {0x1D7AA, 7590, 1, 1},
    {0x1D7AB, 7591, 1, 1},
    {0x1D7AC, 7592, 1, 1},
    {0x1D7AD, 7593, 1, 1},
    {0x1D7AE, 7594, 1, 1},
    {0x1D7AF, 7595, 1, 1},
    {0x1D7B0, 7596, 1, 1},
    {0x1D7B1, 7597, 1, 1},
    {0x1D7B2, 7598, 1, 1},
    {0x1D7B3, 7599, 1, 1},
    {0x1D7B4, 7600, 1, 1},
    {0x1D7B5, 7601, 1, 1},
    {0x1D7B6, 7602, 1, 1},
    {0x1D7B7, 7603, 1, 1},
    {0x1D7B8, 7604, 1, 1},
    {0x1D7B9, 7605, 1, 1},
    {0x1D7BA, 7606, 1, 1},
    {0x1D7BB, 7607, 1, 1},
    {0x1D7BC, 7608, 1, 1},
    {0x1D7BD, 7609, 1, 1},
    {0x1D7BE, 7610, 1, 1},
    {0x1D7BF, 7611, 1, 1},
    {0x1D7C0, 7612, 1, 1},
    {0x1D7C1, 7613, 1, 1},
    {0x1D7C2, 7614, 1, 1},
    {0x1D7C3, 7615, 1, 1},
    {0x1D7C4, 7616, 1, 1},
    {0x1D7C5, 7617, 1, 1},
    {0x1D7C6, 7618, 1, 1},
    {0x1D7C7, 7619, 1, 1},
    {0x1D7C8, 7620, 1, 1},
    {0x1D7C9, 7621, 1, 1},
    {0x1D7CA, 7622, 1, 1},
    {0x1D7CB, 7623, 1, 1},
    {0x1D7CE, 7624, 1, 1},
    {0x1D7CF, 7625, 1, 1},
    {0x1D7D0, 7626, 1, 1},
    {0x1D7D1, 7627, 1, 1},
    {0x1D7D2, 7628, 1, 1},
    {0x1D7D3, 7629, 1, 1},
    {0x1D7D4, 7630, 1, 1},
    {0x1D7D5, 7631, 1, 1},
    {0x1D7D6, 7632, 1, 1},
    {0x1D7D7, 7633, 1, 1},
    {0x1D7D8, 7634, 1, 1},
    {0x1D7D9, 7635, 1, 1},
    {0x1D7DA, 7636, 1, 1},
    {0x1D7DB, 7637, 1, 1},
    {0x1D7DC, 7638, 1, 1},
    {0x1D7DD, 7639, 1, 1},
    {0x1D7DE, 7640, 1, 1},
    {0x1D7DF, 7641, 1, 1},
    {0x1D7E0, 7642, 1, 1},
    {0x1D7E1, 7643, 1, 1},
    {0x1D7E2, 7644, 1, 1},
    {0x1D7E3, 7645, 1, 1},
    {0x1D7E4, 7646, 1, 1},
    {0x1D7E5, 7647, 1, 1},
    {0x1D7E6, 7648, 1, 1},
    {0x1D7E7, 7649, 1, 1},
    {0x1D7E8, 7650, 1, 1},
    {0x1D7E9, 7651, 1, 1},
    {0x1D7EA, 7652, 1, 1},
    {0x1D7EB, 7653, 1, 1},
    {0x1D7EC, 7654, 1, 1},
    {0x1D7ED, 7655, 1, 1},
    {0x1D7EE, 7656, 1, 1},
    {0x1D7EF, 7657, 1, 1},
    {0x1D7F0, 7658, 1, 1},
    {0x1D7F1, 7659, 1, 1},
    {0x1D7F2, 7660, 1, 1},
    {0x1D7F3, 7661, 1, 1},
    {0x1D7F4, 7662, 1, 1},
    {0x1D7F5, 7663, 1, 1},
    {0x1D7F6, 7664, 1, 1},
    {0x1D7F7, 7665, 1, 1},
    {0x1D7F8, 7666, 1, 1},
    {0x1D7F9, 7667, 1, 1},
    {0x1D7FA, 7668, 1, 1},
    {0x1D7FB, 7669, 1, 1},
    {0x1D7FC, 7670, 1, 1},
    {0x1D7FD, 7671, 1, 1},
    {0x1D7FE, 7672, 1, 1},
    {0x1D7FF, 7673, 1, 1},
    {0x1E030, 7674, 1, 1},
    {0x1E031, 7675, 1, 1},
    {0x1E032, 7676, 1, 1},
    {0x1E033, 7677, 1, 1},
    {0x1E034, 7678, 1, 1},
    {0x1E035, 7679, 1, 1},
    {0x1E036, 7680, 1, 1},
    {0x1E037, 7681, 1, 1},
    {0x1E038, 7682, 1, 1},
    {0x1E039, 7683, 1, 1},
    {0x1E03A, 7684, 1, 1},
    {0x1E03B, 7685, 1, 1},
    {0x1E03C, 7686, 1, 1},
    {0x1E03D, 7687, 1, 1},
    {0x1E03E, 7688, 1, 1},
    {0x1E03F, 7689, 1, 1},
    {0x1E040, 7690, 1, 1},
    {0x1E041, 7691, 1, 1},
    {0x1E042, 7692, 1, 1},
    {0x1E043, 7693, 1, 1},
    {0x1E044, 7694, 1, 1},
    {0x1E045, 7695, 1, 1},
    {0x1E046, 7696, 1, 1},
    {0x1E047, 7697, 1, 1},
    {0x1E048, 7698, 1, 1},
    {0x1E049, 7699, 1, 1},
    {0x1E04A, 7700, 1, 1},
    {0x1E04B, 7701, 1, 1},
    {0x1E04C, 7702, 1, 1},
    {0x1E04D, 7703, 1, 1},
    {0x1E04E, 7704, 1, 1},
    {0x1E04F, 7705, 1, 1},
    {0x1E050, 7706, 1, 1},
    {0x1E051, 7707, 1, 1},
    {0x1E052, 7708, 1, 1},
    {0x1E053, 7709, 1, 1},
    {0x1E054, 7710, 1, 1},
    {0x1E055, 7711, 1, 1},
    {0x1E056, 7712, 1, 1},
    {0x1E057, 7713, 1, 1},
    {0x1E058, 7714, 1, 1},
    {0x1E059, 7715, 1, 1},
    {0x1E05A, 7716, 1, 1},
    {0x1E05B, 7717, 1, 1},
    {0x1E05C, 7718, 1, 1},
    {0x1E05D, 7719, 1, 1},
    {0x1E05E, 7720, 1, 1},
    {0x1E05F, 7721, 1, 1},
    {0x1E060, 7722, 1, 1},
    {0x1E061, 7723, 1, 1},
    {0x1E062, 7724, 1, 1},
    {0x1E063, 7725, 1, 1},
    {0x1E064, 7726, 1, 1},
    {0x1E065, 7727, 1, 1},
    {0x1E066, 7728, 1, 1},
    {0x1E067, 7729, 1, 1},
    {0x1E068, 7730, 1, 1},
    {0x1E069, 7731, 1, 1},
    {0x1E06A, 7732, 1, 1},
    {0x1E06B, 7733, 1, 1},
    {0x1E06C, 7734, 1, 1},
    {0x1E06D, 7735, 1, 1},
    {0x1EE00, 7736, 1, 1},
    {0x1EE01, 7737, 1, 1},
    {0x1EE02, 7738, 1, 1},
    {0x1EE03, 7739, 1, 1},
    {0x1EE05, 7740, 1, 1},
    {0x1EE06, 7741, 1, 1},
    {0x1EE07, 7742, 1, 1},
    {0x1EE08, 7743, 1, 1},
    {0x1EE09, 7744, 1, 1},
    {0x1EE0A, 7745, 1, 1},
    {0x1EE0B, 7746, 1, 1},
    {0x1EE0C, 7747, 1, 1},
    {0x1EE0D, 7748, 1, 1},
    {0x1EE0E, 7749, 1, 1},
    {0x1EE0F, 7750, 1, 1},
    {0x1EE10, 7751, 1, 1},
    {0x1EE11, 7752, 1, 1},
    {0x1EE12, 7753, 1, 1},
    {0x1EE13, 7754, 1, 1},
    {0x1EE14, 7755, 1, 1},
    {0x1EE15, 7756, 1, 1},
    {0x1EE16, 7757, 1, 1},
    {0x1EE17, 7758, 1, 1},
    {0x1EE18, 7759, 1, 1},
    {0x1EE19, 7760, 1, 1},
    {0x1EE1A, 7761, 1, 1},
    {0x1EE1B, 7762, 1, 1},
    {0x1EE1C, 7763, 1, 1},
    {0x1EE1D, 7764, 1, 1},
    {0x1EE1E, 7765, 1, 1},
    {0x1EE1F, 7766, 1, 1},
    {0x1EE21, 7767, 1, 1},
    {0x1EE22, 7768, 1, 1},
    {0x1EE24, 7769, 1, 1},
    {0x1EE27, 7770, 1, 1},
    {0x1EE29, 7771, 1, 1},
    {0x1EE2A, 7772, 1, 1},
    {0x1EE2B, 7773, 1, 1},
    {0x1EE2C, 7774, 1, 1},
    {0x1EE2D, 7775, 1, 1},
    {0x1EE2E, 7776, 1, 1},
    {0x1EE2F, 7777, 1, 1},
    {0x1EE30, 7778, 1, 1},
    {0x1EE31, 7779, 1, 1},
    {0x1EE32, 7780, 1, 1},
    {0x1EE34, 7781, 1, 1},
    {0x1EE35, 7782, 1, 1},
    {0x1EE36, 7783, 1, 1},
    {0x1EE37, 7784, 1, 1},
    {0x1EE39, 7785, 1, 1},
    {0x1EE3B, 7786, 1, 1},
    {0x1EE42, 7787, 1, 1},
    {0x1EE47, 7788, 1, 1},
    {0x1EE49, 7789, 1, 1},
    {0x1EE4B, 7790, 1, 1},
    {0x1EE4D, 7791, 1, 1},
    {0x1EE4E, 7792, 1, 1},
    {0x1EE4F, 7793, 1, 1},
    {0x1EE51, 7794, 1, 1},
    {0x1EE52, 7795, 1, 1},
    {0x1EE54, 7796, 1, 1},
    {0x1EE57, 7797, 1, 1},
    {0x1EE59, 7798, 1, 1},
    {0x1EE5B, 7799, 1, 1},
    {0x1EE5D, 7800, 1, 1},
    {0x1EE5F, 7801, 1, 1},
    {0x1EE61, 7802, 1, 1},
    {0x1EE62, 7803, 1, 1},
    {0x1EE64, 7804, 1, 1},
    {0x1EE67, 7805, 1, 1},
    {0x1EE68, 7806, 1, 1},
    {0x1EE69, 7807, 1, 1},
    {0x1EE6A, 7808, 1, 1},
    {0x1EE6C, 7809, 1, 1},
    {0x1EE6D, 7810, 1, 1},
    {0x1EE6E, 7811, 1, 1},
    {0x1EE6F, 7812, 1, 1},
    {0x1EE70, 7813, 1, 1},
    {0x1EE71, 7814, 1, 1},
    {0x1EE72, 7815, 1, 1},
    {0x1EE74, 7816, 1, 1},
    {0x1EE75, 7817, 1, 1},
    {0x1EE76, 7818, 1, 1},
    {0x1EE77, 7819, 1, 1},
    {0x1EE79, 7820, 1, 1},
    {0x1EE7A, 7821, 1, 1},
    {0x1EE7B, 7822, 1, 1},
    {0x1EE7C, 7823, 1, 1},
    {0x1EE7E, 7824, 1, 1},
    {0x1EE80, 7825, 1, 1},
    {0x1EE81, 7826, 1, 1},
    {0x1EE82, 7827, 1, 1},
    {0x1EE83, 7828, 1, 1},
    {0x1EE84, 7829, 1, 1},
    {0x1EE85, 7830, 1, 1},
    {0x1EE86, 7831, 1, 1},
    {0x1EE87, 7832, 1, 1},
    {0x1EE88, 7833, 1, 1},
    {0x1EE89, 7834, 1, 1},
    {0x1EE8B, 7835, 1, 1},
    {0x1EE8C, 7836, 1, 1},
    {0x1EE8D, 7837, 1, 1},
    {0x1EE8E, 7838, 1, 1},
    {0x1EE8F, 7839, 1, 1},
    {0x1EE90, 7840, 1, 1},
    {0x1EE91, 7841, 1, 1},
    {0x1EE92, 7842, 1, 1},
    {0x1EE93, 7843, 1, 1},
    {0x1EE94, 7844, 1, 1},
    {0x1EE95, 7845, 1, 1},
    {0x1EE96, 7846, 1, 1},
    {0x1EE97, 7847, 1, 1},
    {0x1EE98, 7848, 1, 1},
    {0x1EE99, 7849, 1, 1},
    {0x1EE9A, 7850, 1, 1},
    {0x1EE9B, 7851, 1, 1},
    {0x1EEA1, 7852, 1, 1},
    {0x1EEA2, 7853, 1, 1},
    {0x1EEA3, 7854, 1, 1},
    {0x1EEA5, 7855, 1, 1},
    {0x1EEA6, 7856, 1, 1},
    {0x1EEA7, 7857, 1, 1},
    {0x1EEA8, 7858, 1, 1},
    {0x1EEA9, 7859, 1, 1},
    {0x1EEAB, 7860, 1, 1},
    {0x1EEAC, 7861, 1, 1},
    {0x1EEAD, 7862, 1, 1},
    {0x1EEAE, 7863, 1, 1},
    {0x1EEAF, 7864, 1, 1},
    {0x1EEB0, 7865, 1, 1},
    {0x1EEB1, 7866, 1, 1},
    {0x1EEB2, 7867, 1, 1},
    {0x1EEB3, 7868, 1, 1},
    {0x1EEB4, 7869, 1, 1},
    {0x1EEB5, 7870, 1, 1},
    {0x1EEB6, 7871, 1, 1},
    {0x1EEB7, 7872, 1, 1},
    {0x1EEB8, 7873, 1, 1},
    {0x1EEB9, 7874, 1, 1},
    {0x1EEBA, 7875, 1, 1},
    {0x1EEBB, 7876, 1, 1},
    {0x1F100, 7877, 2, 1},
    {0x1F101, 7879, 2, 1},
    {0x1F102, 7881, 2, 1},
    {0x1F103, 7883, 2, 1},
    {0x1F104, 7885, 2, 1},
    {0x1F105, 7887, 2, 1},
    {0x1F106, 7889, 2, 1},
    {0x1F107, 7891, 2, 1},
    {0x1F108, 7893, 2, 1},
    {0x1F109, 7895, 2, 1},
    {0x1F10A, 7897, 2, 1},
    {0x1F110, 7899, 3, 1},
    {0x1F111, 7902, 3, 1},
    {0x1F112, 7905, 3, 1},
    {0x1F113, 7908, 3, 1},
    {0x1F114, 7911, 3, 1},
    {0x1F115, 7914, 3, 1},
    {0x1F116, 7917, 3, 1},
    {0x1F117, 7920, 3, 1},
    {0x1F118, 7923, 3, 1},
    {0x1F119, 7926, 3, 1},
    {0x1F11A, 7929, 3, 1},
    {0x1F11B, 7932, 3, 1},
    {0x1F11C, 7935, 3, 1},
    {0x1F11D, 7938, 3, 1},
    {0x1F11E, 7941, 3, 1},
    {0x1F11F, 7944, 3, 1},
    {0x1F120, 7947, 3, 1},
    {0x1F121, 7950, 3, 1},
    {0x1F122, 7953, 3, 1},
    {0x1F123, 7956, 3, 1},
    {0x1F124, 7959, 3, 1},
    {0x1F125, 7962, 3, 1},
    {0x1F126, 7965, 3, 1},
    {0x1F127, 7968, 3, 1},
    {0x1F128, 7971, 3, 1},
    {0x1F129, 7974, 3, 1},
    {0x1F12A, 7977, 3, 1},
    {0x1F12B, 7980, 1, 1},
    {0x1F12C, 7981, 1, 1},
    {0x1F12D, 7982, 2, 1},
    {0x1F12E, 7984, 2, 1},
    {0x1F130, 7986, 1, 1},
    {0x1F131, 7987, 1, 1},
    {0x1F132, 7988, 1, 1},
    {0x1F133, 7989, 1, 1},
    {0x1F134, 7990, 1, 1},
    {0x1F135, 7991, 1, 1},
    {0x1F136, 7992, 1, 1},
    {0x1F137, 7993, 1, 1},
    {0x1F138, 7994, 1, 1},
    {0x1F139, 7995, 1, 1},
    {0x1F13A, 7996, 1, 1},
    {0x1F13B, 7997, 1, 1},
    {0x1F13C, 7998, 1, 1},
    {0x1F13D, 7999, 1, 1},
    {0x1F13E, 8000, 1, 1},
    {0x1F13F, 8001, 1, 1},
    {0x1F140, 8002, 1, 1},
    {0x1F141, 8003, 1, 1},
    {0x1F142, 8004, 1, 1},
    {0x1F143, 8005, 1, 1},
    {0x1F144, 8006, 1, 1},
    {0x1F145, 8007, 1, 1},
    {0x1F146, 8008, 1, 1},
    {0x1F147, 8009, 1, 1},
    {0x1F148, 8010, 1, 1},
    {0x1F149, 8011, 1, 1},
    {0x1F14A, 8012, 2, 1},
    {0x1F14B, 8014, 2, 1},
    {0x1F14C, 8016, 2, 1},
    {0x1F14D, 8018, 2, 1},
    {0x1F14E, 8020, 3, 1},
    {0x1F14F, 8023, 2, 1},
    {0x1F16A, 8025, 2, 1},
    {0x1F16B, 8027, 2, 1},
    {0x1F16C, 8029, 2, 1},
    {0x1F190, 8031, 2, 1},
    {0x1F200, 8033, 2, 1},
    {0x1F201, 8035, 2, 1},
    {0x1F202, 8037, 1, 1},
    {0x1F210, 8038, 1, 1},
    {0x1F211, 8039, 1, 1},
    {0x1F212, 8040, 1, 1},
    {0x1F213, 8041, 1, 1},
    {0x1F214, 8042, 1, 1},
    {0x1F215, 8043, 1, 1},
    {0x1F216, 8044, 1, 1},
    {0x1F217, 8045, 1, 1},
    {0x1F218, 8046, 1, 1},
    {0x1F219, 8047, 1, 1},
    {0x1F21A, 8048, 1, 1},
    {0x1F21B, 8049, 1, 1},
    {0x1F21C, 8050, 1, 1},
    {0x1F21D, 8051, 1, 1},
    {0x1F21E, 8052, 1, 1},
    {0x1F21F, 8053, 1, 1},
    {0x1F220, 8054, 1, 1},
    {0x1F221, 8055, 1, 1},
    {0x1F222, 8056, 1, 1},
    {0x1F223, 8057, 1, 1},
    {0x1F224, 8058, 1, 1},
    {0x1F225, 8059, 1, 1},
    {0x1F226, 8060, 1, 1},
    {0x1F227, 8061, 1, 1},
    {0x1F228, 8062, 1, 1},
    {0x1F229, 8063, 1, 1},
    {0x1F22A, 8064, 1, 1},
    {0x1F22B, 8065, 1, 1},
    {0x1F22C, 8066, 1, 1},
    {0x1F22D, 8067, 1, 1},
    {0x1F22E, 8068, 1, 1},
    {0x1F22F, 8069, 1, 1},
    {0x1F230, 8070, 1, 1},
    {0x1F231, 8071, 1, 1},
    {0x1F232, 8072, 1, 1},
    {0x1F233, 8073, 1, 1},
    {0x1F234, 8074, 1, 1},
    {0x1F235, 8075, 1, 1},
    {0x1F236, 8076, 1, 1},
    {0x1F237, 8077, 1, 1},
    {0x1F238, 8078, 1, 1},
    {0x1F239, 8079, 1, 1},
    {0x1F23A, 8080, 1, 1},
    {0x1F23B, 8081, 1, 1},
    {0x1F240, 8082, 3, 1},
    {0x1F241, 8085, 3, 1},
    {0x1F242, 8088, 3, 1},
    {0x1F243, 8091, 3, 1},
    {0x1F244, 8094, 3, 1},
    {0x1F245, 8097, 3, 1},
    {0x1F246, 8100, 3, 1},
    {0x1F247, 8103, 3, 1},
    {0x1F248, 8106, 3, 1},
    {0x1F250, 8109, 1, 1},
    {0x1F251, 8110, 1, 1},
    {0x1FBF0, 8111, 1, 1},
    {0x1FBF1, 8112, 1, 1},
    {0x1FBF2, 8113, 1, 1},
    {0x1FBF3, 8114, 1, 1},
    {0x1FBF4, 8115, 1, 1},
    {0x1FBF5, 8116, 1, 1},
    {0x1FBF6, 8117, 1, 1},
    {0x1FBF7, 8118, 1, 1},
    {0x1FBF8, 8119, 1, 1},
    {0x1FBF9, 8120, 1, 1},
    {0x2F800, 8121, 1, 0},
    {0x2F801, 8122, 1, 0},
    {0x2F802, 8123, 1, 0},
    {0x2F803, 8124, 1, 0},
    {0x2F804, 8125, 1, 0},
    {0x2F805, 8126, 1, 0},
    {0x2F806, 8127, 1, 0},
    {0x2F807, 8128, 1, 0},
    {0x2F808, 8129, 1, 0},
    {0x2F809, 8130, 1, 0},
    {0x2F80A, 8131, 1, 0},
    {0x2F80B, 8132, 1, 0},
    {0x2F80C, 8133, 1, 0},
    {0x2F80D, 8134, 1, 0},
    {0x2F80E, 8135, 1, 0},
    {0x2F80F, 8136, 1, 0},
    {0x2F810, 8137, 1, 0},
    {0x2F811, 8138, 1, 0},
    {0x2F812, 8139, 1, 0},
    {0x2F813, 8140, 1, 0},
    {0x2F814, 8141, 1, 0},
    {0x2F815, 8142, 1, 0},
    {0x2F816, 8143, 1, 0},
    {0x2F817, 8144, 1, 0},
    {0x2F818, 8145, 1, 0},
    {0x2F819, 8146, 1, 0},
    {0x2F81A, 8147, 1, 0},
    {0x2F81B, 8148, 1, 0},
    {0x2F81C, 8149, 1, 0},
    {0x2F81D, 8150, 1, 0},
    {0x2F81E, 8151, 1, 0},
    {0x2F81F, 8152, 1, 0},
    {0x2F820, 8153, 1, 0},
    {0x2F821, 8154, 1, 0},
    {0x2F822, 8155, 1, 0},
    {0x2F823, 8156, 1, 0},
    {0x2F824, 8157, 1, 0},
    {0x2F825, 8158, 1, 0},
    {0x2F826, 8159, 1, 0},
    {0x2F827, 8160, 1, 0},
    {0x2F828, 8161, 1, 0},
    {0x2F829, 8162, 1, 0},
    {0x2F82A, 8163, 1, 0},
    {0x2F82B, 8164, 1, 0},
    {0x2F82C, 8165, 1, 0},
    {0x2F82D, 8166, 1, 0},
    {0x2F82E, 8167, 1, 0},
    {0x2F82F, 8168, 1, 0},
    {0x2F830, 8169, 1, 0},
    {0x2F831, 8170, 1, 0},
    {0x2F832, 8171, 1, 0},
    {0x2F833, 8172, 1, 0},
    {0x2F834, 8173, 1, 0},
    {0x2F835, 8174, 1, 0},
    {0x2F836, 8175, 1, 0},
    {0x2F837, 8176, 1, 0},
    {0x2F838, 8177, 1, 0},
    {0x2F839, 8178, 1, 0},
    {0x2F83A, 8179, 1, 0},
    {0x2F83B, 8180, 1, 0},
    {0x2F83C, 8181, 1, 0},
    {0x2F83D, 8182, 1, 0},
    {0x2F83E, 8183, 1, 0},
    {0x2F83F, 8184, 1, 0},
    {0x2F840, 8185, 1, 0},
    {0x2F841, 8186, 1, 0},
    {0x2F842, 8187, 1, 0},
    {0x2F843, 8188, 1, 0},
    {0x2F844, 8189, 1, 0},
    {0x2F845, 8190, 1, 0},
    {0x2F846, 8191, 1, 0},
    {0x2F847, 8192, 1, 0},
    {0x2F848, 8193, 1, 0},
    {0x2F849, 8194, 1, 0},
    {0x2F84A, 8195, 1, 0},
    {0x2F84B, 8196, 1, 0},
    {0x2F84C, 8197, 1, 0},
    {0x2F84D, 8198, 1, 0},
    {0x2F84E, 8199, 1, 0},
    {0x2F84F, 8200, 1, 0},
    {0x2F850, 8201, 1, 0},
    {0x2F851, 8202, 1, 0},
    {0x2F852, 8203, 1, 0},
    {0x2F853, 8204, 1, 0},
    {0x2F854, 8205, 1, 0},
    {0x2F855, 8206, 1, 0},
    {0x2F856, 8207, 1, 0},
    {0x2F857, 8208, 1, 0},
    {0x2F858, 8209, 1, 0},
    {0x2F859, 8210, 1, 0},
    {0x2F85A, 8211, 1, 0},
    {0x2F85B, 8212, 1, 0},
    {0x2F85C, 8213, 1, 0},
    {0x2F85D, 8214, 1, 0},
    {0x2F85E, 8215, 1, 0},
    {0x2F85F, 8216, 1, 0},
    {0x2F860, 8217, 1, 0},
    {0x2F861, 8218, 1, 0},
    {0x2F862, 8219, 1, 0},
    {0x2F863, 8220, 1, 0},
    {0x2F864, 8221, 1, 0},
    {0x2F865, 8222, 1, 0},
    {0x2F866, 8223, 1, 0},
    {0x2F867, 8224, 1, 0},
    {0x2F868, 8225, 1, 0},
    {0x2F869, 8226, 1, 0},
    {0x2F86A, 8227, 1, 0},
    {0x2F86B, 8228, 1, 0},
    {0x2F86C, 8229, 1, 0},
    {0x2F86D, 8230, 1, 0},
    {0x2F86E, 8231, 1, 0},
    {0x2F86F, 8232, 1, 0},
    {0x2F870, 8233, 1, 0},
    {0x2F871, 8234, 1, 0},
    {0x2F872, 8235, 1, 0},
    {0x2F873, 8236, 1, 0},
    {0x2F874, 8237, 1, 0},
    {0x2F875, 8238, 1, 0},
    {0x2F876, 8239, 1, 0},
    {0x2F877, 8240, 1, 0},
    {0x2F878, 8241, 1, 0},
    {0x2F879, 8242, 1, 0},
    {0x2F87A, 8243, 1, 0},
    {0x2F87B, 8244, 1, 0},
    {0x2F87C, 8245, 1, 0},
    {0x2F87D, 8246, 1, 0},
    {0x2F87E, 8247, 1, 0},
    {0x2F87F, 8248, 1, 0},
    {0x2F880, 8249, 1, 0},
    {0x2F881, 8250, 1, 0},
    {0x2F882, 8251, 1, 0},
    {0x2F883, 8252, 1, 0},
    {0x2F884, 8253, 1, 0},
    {0x2F885, 8254, 1, 0},
    {0x2F886, 8255, 1, 0},
    {0x2F887, 8256, 1, 0},
    {0x2F888, 8257, 1, 0},
    {0x2F889, 8258, 1, 0},
    {0x2F88A, 8259, 1, 0},
    {0x2F88B, 8260, 1, 0},
    {0x2F88C, 8261, 1, 0},
    {0x2F88D, 8262, 1, 0},
    {0x2F88E, 8263, 1, 0},
    {0x2F88F, 8264, 1, 0},
    {0x2F890, 8265, 1, 0},
    {0x2F891, 8266, 1, 0},
    {0x2F892, 8267, 1, 0},
    {0x2F893, 8268, 1, 0},
    {0x2F894, 8269, 1, 0},
    {0x2F895, 8270, 1, 0},
    {0x2F896, 8271, 1, 0},
    {0x2F897, 8272, 1, 0},
    {0x2F898, 8273, 1, 0},
    {0x2F899, 8274, 1, 0},
    {0x2F89A, 8275, 1, 0},
    {0x2F89B, 8276, 1, 0},
    {0x2F89C, 8277, 1, 0},
    {0x2F89D, 8278, 1, 0},
    {0x2F89E, 8279, 1, 0},
    {0x2F89F, 8280, 1, 0},
    {0x2F8A0, 8281, 1, 0},
    {0x2F8A1, 8282, 1, 0},
    {0x2F8A2, 8283, 1, 0},
    {0x2F8A3, 8284, 1, 0},
    {0x2F8A4, 8285, 1, 0},
    {0x2F8A5, 8286, 1, 0},
    {0x2F8A6, 8287, 1, 0},
    {0x2F8A7, 8288, 1, 0},
    {0x2F8A8, 8289, 1, 0},
    {0x2F8A9, 8290, 1, 0},
    {0x2F8AA, 8291, 1, 0},
    {0x2F8AB, 8292, 1, 0},
    {0x2F8AC, 8293, 1, 0},
    {0x2F8AD, 8294, 1, 0},
    {0x2F8AE, 8295, 1, 0},
    {0x2F8AF, 8296, 1, 0},
    {0x2F8B0, 8297, 1, 0},
    {0x2F8B1, 8298, 1, 0},
    {0x2F8B2, 8299, 1, 0},
    {0x2F8B3, 8300, 1, 0},
    {0x2F8B4, 8301, 1, 0},
    {0x2F8B5, 8302, 1, 0},
    {0x2F8B6, 8303, 1, 0},
    {0x2F8B7, 8304, 1, 0},
    {0x2F8B8, 8305, 1, 0},
    {0x2F8B9, 8306, 1, 0},
    {0x2F8BA, 8307, 1, 0},
    {0x2F8BB, 8308, 1, 0},
    {0x2F8BC, 8309, 1, 0},
    {0x2F8BD, 8310, 1, 0},
    {0x2F8BE, 8311, 1, 0},
    {0x2F8BF, 8312, 1, 0},
    {0x2F8C0, 8313, 1, 0},
    {0x2F8C1, 8314, 1, 0},
    {0x2F8C2, 8315, 1, 0},
    {0x2F8C3, 8316, 1, 0},
    {0x2F8C4, 8317, 1, 0},
    {0x2F8C5, 8318, 1, 0},
    {0x2F8C6, 8319, 1, 0},
    {0x2F8C7, 8320, 1, 0},
    {0x2F8C8, 8321, 1, 0},
    {0x2F8C9, 8322, 1, 0},
    {0x2F8CA, 8323, 1, 0},
    {0x2F8CB, 8324, 1, 0},
    {0x2F8CC, 8325, 1, 0},
    {0x2F8CD, 8326, 1, 0},
    {0x2F8CE, 8327, 1, 0},
    {0x2F8CF, 8328, 1, 0},
    {0x2F8D0, 8329, 1, 0},
    {0x2F8D1, 8330, 1, 0},
    {0x2F8D2, 8331, 1, 0},
    {0x2F8D3, 8332, 1, 0},
    {0x2F8D4, 8333, 1, 0},
    {0x2F8D5, 8334, 1, 0},
    {0x2F8D6, 8335, 1, 0},
    {0x2F8D7, 8336, 1, 0},
    {0x2F8D8, 8337, 1, 0},
    {0x2F8D9, 8338, 1, 0},
    {0x2F8DA, 8339, 1, 0},
    {0x2F8DB, 8340, 1, 0},
    {0x2F8DC, 8341, 1, 0},
    {0x2F8DD, 8342, 1, 0},
    {0x2F8DE, 8343, 1, 0},
    {0x2F8DF, 8344, 1, 0},
    {0x2F8E0, 8345, 1, 0},
    {0x2F8E1, 8346, 1, 0},
    {0x2F8E2, 8347, 1, 0},
    {0x2F8E3, 8348, 1, 0},
    {0x2F8E4, 8349, 1, 0},
    {0x2F8E5, 8350, 1, 0},
    {0x2F8E6, 8351, 1, 0},
    {0x2F8E7, 8352, 1, 0},
    {0x2F8E8, 8353, 1, 0},
    {0x2F8E9, 8354, 1, 0},
    {0x2F8EA, 8355, 1, 0},
    {0x2F8EB, 8356, 1, 0},
    {0x2F8EC, 8357, 1, 0},
    {0x2F8ED, 8358, 1, 0},
    {0x2F8EE, 8359, 1, 0},
    {0x2F8EF, 8360, 1, 0},
    {0x2F8F0, 8361, 1, 0},
    {0x2F8F1, 8362, 1, 0},
    {0x2F8F2, 8363, 1, 0},
    {0x2F8F3, 8364, 1, 0},
    {0x2F8F4, 8365, 1, 0},
    {0x2F8F5, 8366, 1, 0},
    {0x2F8F6, 8367, 1, 0},
    {0x2F8F7, 8368, 1, 0},
    {0x2F8F8, 8369, 1, 0},
    {0x2F8F9, 8370, 1, 0},
    {0x2F8FA, 8371, 1, 0},
    {0x2F8FB, 8372, 1, 0},
    {0x2F8FC, 8373, 1, 0},
    {0x2F8FD, 8374, 1, 0},
    {0x2F8FE, 8375, 1, 0},
    {0x2F8FF, 8376, 1, 0},
    {0x2F900, 8377, 1, 0},
    {0x2F901, 8378, 1, 0},
    {0x2F902, 8379, 1, 0},
    {0x2F903, 8380, 1, 0},
    {0x2F904, 8381, 1, 0},
    {0x2F905, 8382, 1, 0},
    {0x2F906, 8383, 1, 0},
    {0x2F907, 8384, 1, 0},
    {0x2F908, 8385, 1, 0},
    {0x2F909, 8386, 1, 0},
    {0x2F90A, 8387, 1, 0},
    {0x2F90B, 8388, 1, 0},
    {0x2F90C, 8389, 1, 0},
    {0x2F90D, 8390, 1, 0},
    {0x2F90E, 8391, 1, 0},
    {0x2F90F, 8392, 1, 0},
    {0x2F910, 8393, 1, 0},
    {0x2F911, 8394, 1, 0},
    {0x2F912, 8395, 1, 0},
    {0x2F913, 8396, 1, 0},
    {0x2F914, 8397, 1, 0},
    {0x2F915, 8398, 1, 0},
    {0x2F916, 8399, 1, 0},
    {0x2F917, 8400, 1, 0},
    {0x2F918, 8401, 1, 0},
    {0x2F919, 8402, 1, 0},
    {0x2F91A, 8403, 1, 0},
    {0x2F91B, 8404, 1, 0},
    {0x2F91C, 8405, 1, 0},
    {0x2F91D, 8406, 1, 0},
    {0x2F91E, 8407, 1, 0},
    {0x2F91F, 8408, 1, 0},
    {0x2F920, 8409, 1, 0},
    {0x2F921, 8410, 1, 0},
    {0x2F922, 8411, 1, 0},
    {0x2F923, 8412, 1, 0},
    {0x2F924, 8413, 1, 0},
    {0x2F925, 8414, 1, 0},
    {0x2F926, 8415, 1, 0},
    {0x2F927, 8416, 1, 0},
    {0x2F928, 8417, 1, 0},
    {0x2F929, 8418, 1, 0},
    {0x2F92A, 8419, 1, 0},
    {0x2F92B, 8420, 1, 0},
    {0x2F92C, 8421, 1, 0},
    {0x2F92D, 8422, 1, 0},
    {0x2F92E, 8423, 1, 0},
    {0x2F92F, 8424, 1, 0},
    {0x2F930, 8425, 1, 0},
    {0x2F931, 8426, 1, 0},
    {0x2F932, 8427, 1, 0},
    {0x2F933, 8428, 1, 0},
    {0x2F934, 8429, 1, 0},
    {0x2F935, 8430, 1, 0},
    {0x2F936, 8431, 1, 0},
    {0x2F937, 8432, 1, 0},
    {0x2F938, 8433, 1, 0},
    {0x2F939, 8434, 1, 0},
    {0x2F93A, 8435, 1, 0},
    {0x2F93B, 8436, 1, 0},
    {0x2F93C, 8437, 1, 0},
    {0x2F93D, 8438, 1, 0},
    {0x2F93E, 8439, 1, 0},
    {0x2F93F, 8440, 1, 0},
    {0x2F940, 8441, 1, 0},
    {0x2F941, 8442, 1, 0},
    {0x2F942, 8443, 1, 0},
    {0x2F943, 8444, 1, 0},
    {0x2F944, 8445, 1, 0},
    {0x2F945, 8446, 1, 0},
    {0x2F946, 8447, 1, 0},
    {0x2F947, 8448, 1, 0},
    {0x2F948, 8449, 1, 0},
    {0x2F949, 8450, 1, 0},
    {0x2F94A, 8451, 1, 0},
    {0x2F94B, 8452, 1, 0},
    {0x2F94C, 8453, 1, 0},
    {0x2F94D, 8454, 1, 0},
    {0x2F94E, 8455, 1, 0},
    {0x2F94F, 8456, 1, 0},
    {0x2F950, 8457, 1, 0},
    {0x2F951, 8458, 1, 0},
    {0x2F952, 8459, 1, 0},
    {0x2F953, 8460, 1, 0},
    {0x2F954, 8461, 1, 0},
    {0x2F955, 8462, 1, 0},
    {0x2F956, 8463, 1, 0},
    {0x2F957, 8464, 1, 0},
    {0x2F958, 8465, 1, 0},
    {0x2F959, 8466, 1, 0},
    {0x2F95A, 8467, 1, 0},
    {0x2F95B, 8468, 1, 0},
    {0x2F95C, 8469, 1, 0},
    {0x2F95D, 8470, 1, 0},
    {0x2F95E, 8471, 1, 0},
    {0x2F95F, 8472, 1, 0},
    {0x2F960, 8473, 1, 0},
    {0x2F961, 8474, 1, 0},
    {0x2F962, 8475, 1, 0},
    {0x2F963, 8476, 1, 0},
    {0x2F964, 8477, 1, 0},
    {0x2F965, 8478, 1, 0},
    {0x2F966, 8479, 1, 0},
    {0x2F967, 8480, 1, 0},
    {0x2F968, 8481, 1, 0},
    {0x2F969, 8482, 1, 0},
    {0x2F96A, 8483, 1, 0},
    {0x2F96B, 8484, 1, 0},
    {0x2F96C, 8485, 1, 0},
    {0x2F96D, 8486, 1, 0},
    {0x2F96E, 8487, 1, 0},
    {0x2F96F, 8488, 1, 0},
    {0x2F970, 8489, 1, 0},
    {0x2F971, 8490, 1, 0},
    {0x2F972, 8491, 1, 0},
    {0x2F973, 8492, 1, 0},
    {0x2F974, 8493, 1, 0},
    {0x2F975, 8494, 1, 0},
    {0x2F976, 8495, 1, 0},
    {0x2F977, 8496, 1, 0},
    {0x2F978, 8497, 1, 0},
    {0x2F979, 8498, 1, 0},
    {0x2F97A, 8499, 1, 0},
    {0x2F97B, 8500, 1, 0},
    {0x2F97C, 8501, 1, 0},
    {0x2F97D, 8502, 1, 0},
    {0x2F97E, 8503, 1, 0},
    {0x2F97F, 8504, 1, 0},
    {0x2F980, 8505, 1, 0},
    {0x2F981, 8506, 1, 0},
    {0x2F982, 8507, 1, 0},
    {0x2F983, 8508, 1, 0},
    {0x2F984, 8509, 1, 0},
    {0x2F985, 8510, 1, 0},
    {0x2F986, 8511, 1, 0},
    {0x2F987, 8512, 1, 0},
    {0x2F988, 8513, 1, 0},
    {0x2F989, 8514, 1, 0},
    {0x2F98A, 8515, 1, 0},
    {0x2F98B, 8516, 1, 0},
    {0x2F98C, 8517, 1, 0},
    {0x2F98D, 8518, 1, 0},
    {0x2F98E, 8519, 1, 0},
    {0x2F98F, 8520, 1, 0},
    {0x2F990, 8521, 1, 0},
    {0x2F991, 8522, 1, 0},
    {0x2F992, 8523, 1, 0},
    {0x2F993, 8524, 1, 0},
    {0x2F994, 8525, 1, 0},
    {0x2F995, 8526, 1, 0},
    {0x2F996, 8527, 1, 0},
    {0x2F997, 8528, 1, 0},
    {0x2F998, 8529, 1, 0},
    {0x2F999, 8530, 1, 0},
    {0x2F99A, 8531, 1, 0},
    {0x2F99B, 8532, 1, 0},
    {0x2F99C, 8533, 1, 0},
    {0x2F99D, 8534, 1, 0},
    {0x2F99E, 8535, 1, 0},
    {0x2F99F, 8536, 1, 0},
    {0x2F9A0, 8537, 1, 0},
    {0x2F9A1, 8538, 1, 0},
    {0x2F9A2, 8539, 1, 0},
    {0x2F9A3, 8540, 1, 0},
    {0x2F9A4, 8541, 1, 0},
    {0x2F9A5, 8542, 1, 0},
    {0x2F9A6, 8543, 1, 0},
    {0x2F9A7, 8544, 1, 0},
    {0x2F9A8, 8545, 1, 0},
    {0x2F9A9, 8546, 1, 0},
    {0x2F9AA, 8547, 1, 0},
    {0x2F9AB, 8548, 1, 0},
    {0x2F9AC, 8549, 1, 0},
    {0x2F9AD, 8550, 1, 0},
    {0x2F9AE, 8551, 1, 0},
    {0x2F9AF, 8552, 1, 0},
    {0x2F9B0, 8553, 1, 0},
    {0x2F9B1, 8554, 1, 0},
    {0x2F9B2, 8555, 1, 0},
    {0x2F9B3, 8556, 1, 0},
    {0x2F9B4, 8557, 1, 0},
    {0x2F9B5, 8558, 1, 0},
    {0x2F9B6, 8559, 1, 0},
    {0x2F9B7, 8560, 1, 0},
    {0x2F9B8, 8561, 1, 0},
    {0x2F9B9, 8562, 1, 0},
    {0x2F9BA, 8563, 1, 0},
    {0x2F9BB, 8564, 1, 0},
    {0x2F9BC, 8565, 1, 0},
    {0x2F9BD, 8566, 1, 0},
    {0x2F9BE, 8567, 1, 0},
    {0x2F9BF, 8568, 1, 0},
    {0x2F9C0, 8569, 1, 0},
    {0x2F9C1, 8570, 1, 0},
    {0x2F9C2, 8571, 1, 0},
    {0x2F9C3, 8572, 1, 0},
    {0x2F9C4, 8573, 1, 0},
    {0x2F9C5, 8574, 1, 0},
    {0x2F9C6, 8575, 1, 0},
    {0x2F9C7, 8576, 1, 0},
    {0x2F9C8, 8577, 1, 0},
    {0x2F9C9, 8578, 1, 0},
    {0x2F9CA, 8579, 1, 0},
    {0x2F9CB, 8580, 1, 0},
    {0x2F9CC, 8581, 1, 0},
    {0x2F9CD, 8582, 1, 0},
    {0x2F9CE, 8583, 1, 0},
    {0x2F9CF, 8584, 1, 0},
    {0x2F9D0, 8585, 1, 0},
    {0x2F9D1, 8586, 1, 0},
    {0x2F9D2, 8587, 1, 0},
    {0x2F9D3, 8588, 1, 0},
    {0x2F9D4, 8589, 1, 0},
    {0x2F9D5, 8590, 1, 0},
    {0x2F9D6, 8591, 1, 0},
    {0x2F9D7, 8592, 1, 0},
    {0x2F9D8, 8593, 1, 0},
    {0x2F9D9, 8594, 1, 0},
    {0x2F9DA, 8595, 1, 0},
    {0x2F9DB, 8596, 1, 0},
    {0x2F9DC, 8597, 1, 0},
    {0x2F9DD, 8598, 1, 0},
    {0x2F9DE, 8599, 1, 0},
    {0x2F9DF, 8600, 1, 0},
    {0x2F9E0, 8601, 1, 0},
    {0x2F9E1, 8602, 1, 0},
    {0x2F9E2, 8603, 1, 0},
    {0x2F9E3, 8604, 1, 0},
    {0x2F9E4, 8605, 1, 0},
    {0x2F9E5, 8606, 1, 0},
    {0x2F9E6, 8607, 1, 0},
    {0x2F9E7, 8608, 1, 0},
    {0x2F9E8, 8609, 1, 0},
    {0x2F9E9, 8610, 1, 0},
    {0x2F9EA, 8611, 1, 0},
    {0x2F9EB, 8612, 1, 0},
    {0x2F9EC, 8613, 1, 0},
    {0x2F9ED, 8614, 1, 0},
    {0x2F9EE, 8615, 1, 0},
    {0x2F9EF, 8616, 1, 0},
    {0x2F9F0, 8617, 1, 0},
    {0x2F9F1, 8618, 1, 0},
    {0x2F9F2, 8619, 1, 0},
    {0x2F9F3, 8620, 1, 0},
    {0x2F9F4, 8621, 1, 0},
    {0x2F9F5, 8622, 1, 0},
    {0x2F9F6, 8623, 1, 0},
    {0x2F9F7, 8624, 1, 0},
    {0x2F9F8, 8625, 1, 0},
    {0x2F9F9, 8626, 1, 0},
    {0x2F9FA, 8627, 1, 0},
    {0x2F9FB, 8628, 1, 0},
    {0x2F9FC, 8629, 1, 0},
    {0x2F9FD, 8630, 1, 0},
    {0x2F9FE, 8631, 1, 0},
    {0x2F9FF, 8632, 1, 0},
    {0x2FA00, 8633, 1, 0},
    {0x2FA01, 8634, 1, 0},
    {0x2FA02, 8635, 1, 0},
    {0x2FA03, 8636, 1, 0},
    {0x2FA04, 8637, 1, 0},
    {0x2FA05, 8638, 1, 0},
    {0x2FA06, 8639, 1, 0},
    {0x2FA07, 8640, 1, 0},
    {0x2FA08, 8641, 1, 0},
    {0x2FA09, 8642, 1, 0},
    {0x2FA0A, 8643, 1, 0},
    {0x2FA0B, 8644, 1, 0},
    {0x2FA0C, 8645, 1, 0},
    {0x2FA0D, 8646, 1, 0},
    {0x2FA0E, 8647, 1, 0},
    {0x2FA0F, 8648, 1, 0},
    {0x2FA10, 8649, 1, 0},
    {0x2FA11, 8650, 1, 0},
    {0x2FA12, 8651, 1, 0},
    {0x2FA13, 8652, 1, 0},
    {0x2FA14, 8653, 1, 0},
    {0x2FA15, 8654, 1, 0},
    {0x2FA16, 8655, 1, 0},
    {0x2FA17, 8656, 1, 0},
    {0x2FA18, 8657, 1, 0},
    {0x2FA19, 8658, 1, 0},
    {0x2FA1A, 8659, 1, 0},
    {0x2FA1B, 8660, 1, 0},
    {0x2FA1C, 8661, 1, 0},
    {0x2FA1D, 8662, 1, 0},
};

static const unicode_ccc_entry unicode_ccc_table[] = {
    {0x0300, 230},
    {0x0301, 230},
    {0x0302, 230},
    {0x0303, 230},
    {0x0304, 230},
    {0x0305, 230},
    {0x0306, 230},
    {0x0307, 230},
    {0x0308, 230},
    {0x0309, 230},
    {0x030A, 230},
    {0x030B, 230},
    {0x030C, 230},
    {0x030D, 230},
    {0x030E, 230},
    {0x030F, 230},
    {0x0310, 230},
    {0x0311, 230},
    {0x0312, 230},
    {0x0313, 230},
    {0x0314, 230},
    {0x0315, 232},
    {0x0316, 220},
    {0x0317, 220},
    {0x0318, 220},
    {0x0319, 220},
    {0x031A, 232},
    {0x031B, 216},
    {0x031C, 220},
    {0x031D, 220},
    {0x031E, 220},
    {0x031F, 220},
    {0x0320, 220},
    {0x0321, 202},
    {0x0322, 202},
    {0x0323, 220},
    {0x0324, 220},
    {0x0325, 220},
    {0x0326, 220},
    {0x0327, 202},
    {0x0328, 202},
    {0x0329, 220},
    {0x032A, 220},
    {0x032B, 220},
    {0x032C, 220},
    {0x032D, 220},
    {0x032E, 220},
    {0x032F, 220},
    {0x0330, 220},
    {0x0331, 220},
    {0x0332, 220},
    {0x0333, 220},
    {0x0334, 1},
    {0x0335, 1},
    {0x0336, 1},
    {0x0337, 1},
    {0x0338, 1},
    {0x0339, 220},
    {0x033A, 220},
    {0x033B, 220},
    {0x033C, 220},
    {0x033D, 230},
    {0x033E, 230},
    {0x033F, 230},
    {0x0340, 230},
    {0x0341, 230},
    {0x0342, 230},
    {0x0343, 230},
    {0x0344, 230},
    {0x0345, 240},
    {0x0346, 230},
    {0x0347, 220},
    {0x0348, 220},
    {0x0349, 220},
    {0x034A, 230},
    {0x034B, 230},
    {0x034C, 230},
    {0x034D, 220},
    {0x034E, 220},
    {0x0350, 230},
    {0x0351, 230},
    {0x0352, 230},
    {0x0353, 220},
    {0x0354, 220},
    {0x0355, 220},
    {0x0356, 220},
    {0x0357, 230},
    {0x0358, 232},
    {0x0359, 220},
    {0x035A, 220},
    {0x035B, 230},
    {0x035C, 233},
    {0x035D, 234},
    {0x035E, 234},
    {0x035F, 233},
    {0x0360, 234},
    {0x0361, 234},
    {0x0362, 233},
    {0x0363, 230},
    {0x0364, 230},
    {0x0365, 230},
    {0x0366, 230},
    {0x0367, 230},
    {0x0368, 230},
    {0x0369, 230},
    {0x036A, 230},
    {0x036B, 230},
    {0x036C, 230},
    {0x036D, 230},
    {0x036E, 230},
    {0x036F, 230},
    {0x0483, 230},
    {0x0484, 230},
    {0x0485, 230},
    {0x0486, 230},
    {0x0487, 230},
    {0x0591, 220},
    {0x0592, 230},
    {0x0593, 230},
    {0x0594, 230},
    {0x0595, 230},
    {0x0596, 220},
    {0x0597, 230},
    {0x0598, 230},
    {0x0599, 230},
    {0x059A, 222},
    {0x059B, 220},
    {0x059C, 230},
    {0x059D, 230},
    {0x059E, 230},
    {0x059F, 230},
    {0x05A0, 230},
    {0x05A1, 230},
    {0x05A2, 220},
    {0x05A3, 220},
    {0x05A4, 220},
    {0x05A5, 220},
    {0x05A6, 220},
    {0x05A7, 220},
    {0x05A8, 230},
    {0x05A9, 230},
    {0x05AA, 220},
    {0x05AB, 230},
    {0x05AC, 230},
    {0x05AD, 222},
    {0x05AE, 228},
    {0x05AF, 230},
    {0x05B0, 10},
    {0x05B1, 11},
    {0x05B2, 12},
    {0x05B3, 13},
    {0x05B4, 14},
    {0x05B5, 15},
    {0x05B6, 16},
    {0x05B7, 17},
    {0x05B8, 18},
    {0x05B9, 19},
    {0x05BA, 19},
    {0x05BB, 20},
    {0x05BC, 21},
    {0x05BD, 22},
    {0x05BF, 23},
    {0x05C1, 24},
    {0x05C2, 25},
    {0x05C4, 230},
    {0x05C5, 220},
    {0x05C7, 18},
    {0x0610, 230},
    {0x0611, 230},
    {0x0612, 230},
    {0x0613, 230},
    {0x0614, 230},
    {0x0615, 230},
    {0x0616, 230},
    {0x0617, 230},
    {0x0618, 30},
    {0x0619, 31},
    {0x061A, 32},
    {0x064B, 27},
    {0x064C, 28},
    {0x064D, 29},
    {0x064E, 30},
    {0x064F, 31},
    {0x0650, 32},
    {0x0651, 33},
    {0x0652, 34},
    {0x0653, 230},
    {0x0654, 230},
    {0x0655, 220},
    {0x0656, 220},
    {0x0657, 230},
    {0x0658, 230},
    {0x0659, 230},
    {0x065A, 230},
    {0x065B, 230},
    {0x065C, 220},
    {0x065D, 230},
    {0x065E, 230},
    {0x065F, 220},
    {0x0670, 35},
    {0x06D6, 230},
    {0x06D7, 230},
    {0x06D8, 230},
    {0x06D9, 230},
    {0x06DA, 230},
    {0x06DB, 230},
    {0x06DC, 230},
    {0x06DF, 230},
    {0x06E0, 230},
    {0x06E1, 230},
    {0x06E2, 230},
    {0x06E3, 220},
    {0x06E4, 230},
    {0x06E7, 230},
    {0x06E8, 230},
    {0x06EA, 220},
    {0x06EB, 230},
    {0x06EC, 230},
    {0x06ED, 220},
    {0x0711, 36},
    {0x0730, 230},
    {0x0731, 220},
    {0x0732, 230},
    {0x0733, 230},
    {0x0734, 220},
    {0x0735, 230},
    {0x0736, 230},
    {0x0737, 220},
    {0x0738, 220},
    {0x0739, 220},
    {0x073A, 230},
    {0x073B, 220},
    {0x073C, 220},
    {0x073D, 230},
    {0x073E, 220},
    {0x073F, 230},
    {0x0740, 230},
    {0x0741, 230},
    {0x0742, 220},
    {0x0743, 230},
    {0x0744, 220},
    {0x0745, 230},
    {0x0746, 220},
    {0x0747, 230},
    {0x0748, 220},
    {0x0749, 230},
    {0x074A, 230},
    {0x07EB, 230},
    {0x07EC, 230},
    {0x07ED, 230},
    {0x07EE, 230},
    {0x07EF, 230},
    {0x07F0, 230},
    {0x07F1, 230},
    {0x07F2, 220},
    {0x07F3, 230},
    {0x07FD, 220},
    {0x0816, 230},
    {0x0817, 230},
    {0x0818, 230},
    {0x0819, 230},
    {0x081B, 230},
    {0x081C, 230},
    {0x081D, 230},
    {0x081E, 230},
    {0x081F, 230},
    {0x0820, 230},
    {0x0821, 230},
    {0x0822, 230},
    {0x0823, 230},
    {0x0825, 230},
    {0x0826, 230},
    {0x0827, 230},
    {0x0829, 230},
    {0x082A, 230},
    {0x082B, 230},
    {0x082C, 230},
    {0x082D, 230},
    {0x0859, 220},
    {0x085A, 220},
    {0x085B, 220},
    {0x0898, 230},
    {0x0899, 220},
    {0x089A, 220},
    {0x089B, 220},
    {0x089C, 230},
    {0x089D, 230},
    {0x089E, 230},
    {0x089F, 230},
    {0x08CA, 230},
    {0x08CB, 230},
    {0x08CC, 230},
    {0x08CD, 230},
    {0x08CE, 230},
    {0x08CF, 220},
    {0x08D0, 220},
    {0x08D1, 220},
    {0x08D2, 220},
    {0x08D3, 220},
    {0x08D4, 230},
    {0x08D5, 230},
    {0x08D6, 230},
    {0x08D7, 230},
    {0x08D8, 230},
    {0x08D9, 230},
    {0x08DA, 230},
    {0x08DB, 230},
    {0x08DC, 230},
    {0x08DD, 230},
    {0x08DE, 230},
    {0x08DF, 230},
    {0x08E0, 230},
    {0x08E1, 230},
    {0x08E3, 220},
    {0x08E4, 230},
    {0x08E5, 230},
    {0x08E6, 220},
    {0x08E7, 230},
    {0x08E8, 230},
    {0x08E9, 220},
    {0x08EA, 230},
    {0x08EB, 230},
    {0x08EC, 230},
    {0x08ED, 220},
    {0x08EE, 220},
    {0x08EF, 220},
    {0x08F0, 27},
    {0x08F1, 28},
    {0x08F2, 29},
    {0x08F3, 230},
    {0x08F4, 230},
    {0x08F5, 230},
    {0x08F6, 220},
    {0x08F7, 230},
    {0x08F8, 230},
    {0x08F9, 220},
    {0x08FA, 220},
    {0x08FB, 230},
    {0x08FC, 230},
    {0x08FD, 230},
    {0x08FE, 230},
    {0x08FF, 230},
    {0x093C, 7},
    {0x094D, 9},
    {0x0951, 230},
    {0x0952, 220},
    {0x0953, 230},
    {0x0954, 230},
    {0x09BC, 7},
    {0x09CD, 9},
    {0x09FE, 230},
    {0x0A3C, 7},
    {0x0A4D, 9},
    {0x0ABC, 7},
    {0x0ACD, 9},
    {0x0B3C, 7},
    {0x0B4D, 9},
    {0x0BCD, 9},
    {0x0C3C, 7},
    {0x0C4D, 9},
    {0x0C55, 84},
    {0x0C56, 91},
    {0x0CBC, 7},
    {0x0CCD, 9},
    {0x0D3B, 9},
    {0x0D3C, 9},
    {0x0D4D, 9},
    {0x0DCA, 9},
    {0x0E38, 103},
    {0x0E39, 103},
    {0x0E3A, 9},
    {0x0E48, 107},
    {0x0E49, 107},
    {0x0E4A, 107},
    {0x0E4B, 107},
    {0x0EB8, 118},
    {0x0EB9, 118},
    {0x0EBA, 9},
    {0x0EC8, 122},
    {0x0EC9, 122},
    {0x0ECA, 122},
    {0x0ECB, 122},
    {0x0F18, 220},
    {0x0F19, 220},
    {0x0F35, 220},
    {0x0F37, 220},
    {0x0F39, 216},
    {0x0F71, 129},
    {0x0F72, 130},
    {0x0F74, 132},
    {0x0F7A, 130},
    {0x0F7B, 130},
    {0x0F7C, 130},
    {0x0F7D, 130},
    {0x0F80, 130},
    {0x0F82, 230},
    {0x0F83, 230},
    {0x0F84, 9},
    {0x0F86, 230},
    {0x0F87, 230},
    {0x0FC6, 220},
    {0x1037, 7},
    {0x1039, 9},
    {0x103A, 9},
    {0x108D, 220},
    {0x135D, 230},
    {0x135E, 230},
    {0x135F, 230},
    {0x1714, 9},
    {0x1715, 9},
    {0x1734, 9},
    {0x17D2, 9},
    {0x17DD, 230},
    {0x18A9, 228},
    {0x1939, 222},
    {0x193A, 230},
    {0x193B, 220},
    {0x1A17, 230},
    {0x1A18, 220},
    {0x1A60, 9},
    {0x1A75, 230},
    {0x1A76, 230},
    {0x1A77, 230},
    {0x1A78, 230},
    {0x1A79, 230},
    {0x1A7A, 230},
    {0x1A7B, 230},
    {0x1A7C, 230},
    {0x1A7F, 220},
    {0x1AB0, 230},
    {0x1AB1, 230},
    {0x1AB2, 230},
    {0x1AB3, 230},
    {0x1AB4, 230},
    {0x1AB5, 220},
    {0x1AB6, 220},
    {0x1AB7, 220},
    {0x1AB8, 220},
    {0x1AB9, 220},
    {0x1ABA, 220},
    {0x1ABB, 230},
    {0x1ABC, 230},
    {0x1ABD, 220},
    {0x1ABF, 220},
    {0x1AC0, 220},
    {0x1AC1, 230},
    {0x1AC2, 230},
    {0x1AC3, 220},
    {0x1AC4, 220},
    {0x1AC5, 230},
    {0x1AC6, 230},
    {0x1AC7, 230},
    {0x1AC8, 230},
    {0x1AC9, 230},
    {0x1ACA, 220},
    {0x1ACB, 230},
    {0x1ACC, 230},
    {0x1ACD, 230},
    {0x1ACE, 230},
    {0x1B34, 7},
    {0x1B44, 9},
    {0x1B6B, 230},
    {0x1B6C, 220},
    {0x1B6D, 230},
    {0x1B6E, 230},
    {0x1B6F, 230},
    {0x1B70, 230},
    {0x1B71, 230},
    {0x1B72, 230},
    {0x1B73, 230},
    {0x1BAA, 9},
    {0x1BAB, 9},
    {0x1BE6, 7},
    {0x1BF2, 9},
    {0x1BF3, 9},
    {0x1C37, 7},
    {0x1CD0, 230},
    {0x1CD1, 230},
    {0x1CD2, 230},
    {0x1CD4, 1},
    {0x1CD5, 220},
    {0x1CD6, 220},
    {0x1CD7, 220},
    {0x1CD8, 220},
    {0x1CD9, 220},
    {0x1CDA, 230},
    {0x1CDB, 230},
    {0x1CDC, 220},
    {0x1CDD, 220},
    {0x1CDE, 220},
    {0x1CDF, 220},
    {0x1CE0, 230},
    {0x1CE2, 1},
    {0x1CE3, 1},
    {0x1CE4, 1},
    {0x1CE5, 1},
    {0x1CE6, 1},
    {0x1CE7, 1},
    {0x1CE8, 1},
    {0x1CED, 220},
    {0x1CF4, 230},
    {0x1CF8, 230},
    {0x1CF9, 230},
    {0x1DC0, 230},
    {0x1DC1, 230},
    {0x1DC2, 220},
    {0x1DC3, 230},
    {0x1DC4, 230},
    {0x1DC5, 230},
    {0x1DC6, 230},
    {0x1DC7, 230},
    {0x1DC8, 230},
    {0x1DC9, 230},
    {0x1DCA, 220},
    {0x1DCB, 230},
    {0x1DCC, 230},
    {0x1DCD, 234},
    {0x1DCE, 214},
    {0x1DCF, 220},
    {0x1DD0, 202},
    {0x1DD1, 230},
    {0x1DD2, 230},
    {0x1DD3, 230},
    {0x1DD4, 230},
    {0x1DD5, 230},
    {0x1DD6, 230},
    {0x1DD7, 230},
    {0x1DD8, 230},
    {0x1DD9, 230},
    {0x1DDA, 230},
    {0x1DDB, 230},
    {0x1DDC, 230},
    {0x1DDD, 230},
    {0x1DDE, 230},
    {0x1DDF, 230},
    {0x1DE0, 230},
    {0x1DE1, 230},
    {0x1DE2, 230},
    {0x1DE3, 230},
    {0x1DE4, 230},
    {0x1DE5, 230},
    {0x1DE6, 230},
    {0x1DE7, 230},
    {0x1DE8, 230},
    {0x1DE9, 230},
    {0x1DEA, 230},
    {0x1DEB, 230},
    {0x1DEC, 230},
    {0x1DED, 230},
    {0x1DEE, 230},
    {0x1DEF, 230},
    {0x1DF0, 230},
    {0x1DF1, 230},
    {0x1DF2, 230},
    {0x1DF3, 230},
    {0x1DF4, 230},
    {0x1DF5, 230},
    {0x1DF6, 232},
    {0x1DF7, 228},
    {0x1DF8, 228},
    {0x1DF9, 220},
    {0x1DFA, 218},
    {0x1DFB, 230},
    {0x1DFC, 233},
    {0x1DFD, 220},
    {0x1DFE, 230},
    {0x1DFF, 220},
    {0x20D0, 230},
    {0x20D1, 230},
    {0x20D2, 1},
    {0x20D3, 1},
    {0x20D4, 230},
    {0x20D5, 230},
    {0x20D6, 230},
    {0x20D7, 230},
    {0x20D8, 1},
    {0x20D9, 1},
    {0x20DA, 1},
    {0x20DB, 230},
    {0x20DC, 230},
    {0x20E1, 230},
    {0x20E5, 1},
    {0x20E6, 1},
    {0x20E7, 230},
    {0x20E8, 220},
    {0x20E9, 230},
    {0x20EA, 1},
    {0x20EB, 1},
    {0x20EC, 220},
    {0x20ED, 220},
    {0x20EE, 220},
    {0x20EF, 220},
    {0x20F0, 230},
    {0x2CEF, 230},
    {0x2CF0, 230},
    {0x2CF1, 230},
    {0x2D7F, 9},
    {0x2DE0, 230},
    {0x2DE1, 230},
    {0x2DE2, 230},
    {0x2DE3, 230},
    {0x2DE4, 230},
    {0x2DE5, 230},
    {0x2DE6, 230},
    {0x2DE7, 230},
    {0x2DE8, 230},
    {0x2DE9, 230},
    {0x2DEA, 230},
    {0x2DEB, 230},
    {0x2DEC, 230},
    {0x2DED, 230},
    {0x2DEE, 230},
    {0x2DEF, 230},
    {0x2DF0, 230},
    {0x2DF1, 230},
    {0x2DF2, 230},
    {0x2DF3, 230},
    {0x2DF4, 230},
    {0x2DF5, 230},
    {0x2DF6, 230},
    {0x2DF7, 230},
    {0x2DF8, 230},
    {0x2DF9, 230},
    {0x2DFA, 230},
    {0x2DFB, 230},
    {0x2DFC, 230},
    {0x2DFD, 230},
    {0x2DFE, 230},
    {0x2DFF, 230},
    {0x302A, 218},
    {0x302B, 228},
    {0x302C, 232},
    {0x302D, 222},
    {0x302E, 224},
    {0x302F, 224},
    {0x3099, 8},
    {0x309A, 8},
    {0xA66F, 230},
    {0xA674, 230},
    {0xA675, 230},
    {0xA676, 230},
    {0xA677, 230},
    {0xA678, 230},
    {0xA679, 230},
    {0xA67A, 230},
    {0xA67B, 230},
    {0xA67C, 230},
    {0xA67D, 230},
    {0xA69E, 230},
    {0xA69F, 230},
    {0xA6F0, 230},
    {0xA6F1, 230},
    {0xA806, 9},
    {0xA82C, 9},
    {0xA8C4, 9},
    {0xA8E0, 230},
    {0xA8E1, 230},
    {0xA8E2, 230},
    {0xA8E3, 230},
    {0xA8E4, 230},
    {0xA8E5, 230},
    {0xA8E6, 230},
    {0xA8E7, 230},
    {0xA8E8, 230},
    {0xA8E9, 230},
    {0xA8EA, 230},
    {0xA8EB, 230},
    {0xA8EC, 230},
    {0xA8ED, 230},
    {0xA8EE, 230},
    {0xA8EF, 230},
    {0xA8F0, 230},
    {0xA8F1, 230},
    {0xA92B, 220},
    {0xA92C, 220},
    {0xA92D, 220},
    {0xA953, 9},
    {0xA9B3, 7},
    {0xA9C0, 9},
    {0xAAB0, 230},
    {0xAAB2, 230},
    {0xAAB3, 230},
    {0xAAB4, 220},
    {0xAAB7, 230},
    {0xAAB8, 230},
    {0xAABE, 230},
    {0xAABF, 230},
    {0xAAC1, 230},
    {0xAAF6, 9},
    {0xABED, 9},
    {0xFB1E, 26},
    {0xFE20, 230},
    {0xFE21, 230},
    {0xFE22, 230},
    {0xFE23, 230},
    {0xFE24, 230},
    {0xFE25, 230},
    {0xFE26, 230},
    {0xFE27, 220},
    {0xFE28, 220},
    {0xFE29, 220},
    {0xFE2A, 220},
    {0xFE2B, 220},
    {0xFE2C, 220},
    {0xFE2D, 220},
    {0xFE2E, 230},
    {0xFE2F, 230},
    {0x101FD, 220},
    {0x102E0, 220},
    {0x10376, 230},
    {0x10377, 230},
    {0x10378, 230},
    {0x10379, 230},
    {0x1037A, 230},
    {0x10A0D, 220},
    {0x10A0F, 230},
    {0x10A38, 230},
    {0x10A39, 1},
    {0x10A3A, 220},
    {0x10A3F, 9},
    {0x10AE5, 230},
    {0x10AE6, 220},
    {0x10D24, 230},
    {0x10D25, 230},
    {0x10D26, 230},
    {0x10D27, 230},
    {0x10EAB, 230},
    {0x10EAC, 230},
    {0x10EFD, 220},
    {0x10EFE, 220},
    {0x10EFF, 220},
    {0x10F46, 220},
    {0x10F47, 220},
    {0x10F48, 230},
    {0x10F49, 230},
    {0x10F4A, 230},
    {0x10F4B, 220},
    {0x10F4C, 230},
    {0x10F4D, 220},
    {0x10F4E, 220},
    {0x10F4F, 220},
    {0x10F50, 220},
    {0x10F82, 230},
    {0x10F83, 220},
    {0x10F84, 230},
    {0x10F85, 220},
    {0x11046, 9},
    {0x11070, 9},
    {0x1107F, 9},
    {0x110B9, 9},
    {0x110BA, 7},
    {0x11100, 230},
    {0x11101, 230},
    {0x11102, 230},
    {0x11133, 9},
    {0x11134, 9},
    {0x11173, 7},
    {0x111C0, 9},
    {0x111CA, 7},
    {0x11235, 9},
    {0x11236, 7},
    {0x112E9, 7},
    {0x112EA, 9},
    {0x1133B, 7},
    {0x1133C, 7},
    {0x1134D, 9},
    {0x11366, 230},
    {0x11367, 230},
    {0x11368, 230},
    {0x11369, 230},
    {0x1136A, 230},
    {0x1136B, 230},
    {0x1136C, 230},
    {0x11370, 230},
    {0x11371, 230},
    {0x11372, 230},
    {0x11373, 230},
    {0x11374, 230},
    {0x11442, 9},
    {0x11446, 7},
    {0x1145E, 230},
    {0x114C2, 9},
    {0x114C3, 7},
    {0x115BF, 9},
    {0x115C0, 7},
    {0x1163F, 9},
    {0x116B6, 9},
    {0x116B7, 7},
    {0x1172B, 9},
    {0x11839, 9},
    {0x1183A, 7},
    {0x1193D, 9},
    {0x1193E, 9},
    {0x11943, 7},
    {0x119E0, 9},
    {0x11A34, 9},
    {0x11A47, 9},
    {0x11A99, 9},
    {0x11C3F, 9},
    {0x11D42, 7},
    {0x11D44, 9},
    {0x11D45, 9},
    {0x11D97, 9},
    {0x11F41, 9},
    {0x11F42, 9},
    {0x16AF0, 1},
    {0x16AF1, 1},
    {0x16AF2, 1},
    {0x16AF3, 1},
    {0x16AF4, 1},
    {0x16B30, 230},
    {0x16B31, 230},
    {0x16B32, 230},
    {0x16B33, 230},
    {0x16B34, 230},
    {0x16B35, 230},
    {0x16B36, 230},
    {0x16FF0, 6},
    {0x16FF1, 6},
    {0x1BC9E, 1},
    {0x1D165, 216},
    {0x1D166, 216},
    {0x1D167, 1},
    {0x1D168, 1},
    {0x1D169, 1},
    {0x1D16D, 226},
    {0x1D16E, 216},
    {0x1D16F, 216},
    {0x1D170, 216},
    {0x1D171, 216},
    {0x1D172, 216},
    {0x1D17B, 220},
    {0x1D17C, 220},
    {0x1D17D, 220},
    {0x1D17E, 220},
    {0x1D17F, 220},
    {0x1D180, 220},
    {0x1D181, 220},
    {0x1D182, 220},
    {0x1D185, 230},
    {0x1D186, 230},
    {0x1D187, 230},
    {0x1D188, 230},
    {0x1D189, 230},
    {0x1D18A, 220},
    {0x1D18B, 220},
    {0x1D1AA, 230},
    {0x1D1AB, 230},
    {0x1D1AC, 230},
    {0x1D1AD, 230},
    {0x1D242, 230},
    {0x1D243, 230},
    {0x1D244, 230},
    {0x1E000, 230},
    {0x1E001, 230},
    {0x1E002, 230},
    {0x1E003, 230},
    {0x1E004, 230},
    {0x1E005, 230},
    {0x1E006, 230},
    {0x1E008, 230},
    {0x1E009, 230},
    {0x1E00A, 230},
    {0x1E00B, 230},
    {0x1E00C, 230},
    {0x1E00D, 230},
    {0x1E00E, 230},
    {0x1E00F, 230},
    {0x1E010, 230},
    {0x1E011, 230},
    {0x1E012, 230},
    {0x1E013, 230},
    {0x1E014, 230},
    {0x1E015, 230},
    {0x1E016, 230},
    {0x1E017, 230},
    {0x1E018, 230},
    {0x1E01B, 230},
    {0x1E01C, 230},
    {0x1E01D, 230},
    {0x1E01E, 230},
    {0x1E01F, 230},
    {0x1E020, 230},
    {0x1E021, 230},
    {0x1E023, 230},
    {0x1E024, 230},
    {0x1E026, 230},
    {0x1E027, 230},
    {0x1E028, 230},
    {0x1E029, 230},
    {0x1E02A, 230},
    {0x1E08F, 230},
    {0x1E130, 230},
    {0x1E131, 230},
    {0x1E132, 230},
    {0x1E133, 230},
    {0x1E134, 230},
    {0x1E135, 230},
    {0x1E136, 230},
    {0x1E2AE, 230},
    {0x1E2EC, 230},
    {0x1E2ED, 230},
    {0x1E2EE, 230},
    {0x1E2EF, 230},
    {0x1E4EC, 232},
    {0x1E4ED, 232},
    {0x1E4EE, 220},
    {0x1E4EF, 230},
    {0x1E8D0, 220},
    {0x1E8D1, 220},
    {0x1E8D2, 220},
    {0x1E8D3, 220},
    {0x1E8D4, 220},
    {0x1E8D5, 220},
    {0x1E8D6, 220},
    {0x1E944, 230},
    {0x1E945, 230},
    {0x1E946, 230},
    {0x1E947, 230},
    {0x1E948, 230},
    {0x1E949, 230},
    {0x1E94A, 7},
};

static const unicode_compose_entry unicode_compose_table[] = {
    {0x003C, 0x0338, 0x226E},
    {0x003D, 0x0338, 0x2260},
    {0x003E, 0x0338, 0x226F},
    {0x0041, 0x0300, 0x00C0},
    {0x0041, 0x0301, 0x00C1},
    {0x0041, 0x0302, 0x00C2},
    {0x0041, 0x0303, 0x00C3},
    {0x0041, 0x0304, 0x0100},
    {0x0041, 0x0306, 0x0102},
    {0x0041, 0x0307, 0x0226},
    {0x0041, 0x0308, 0x00C4},
    {0x0041, 0x0309, 0x1EA2},
    {0x0041, 0x030A, 0x00C5},
    {0x0041, 0x030C, 0x01CD},
    {0x0041, 0x030F, 0x0200},
    {0x0041, 0x0311, 0x0202},
    {0x0041, 0x0323, 0x1EA0},
    {0x0041, 0x0325, 0x1E00},
    {0x0041, 0x0328, 0x0104},
    {0x0042, 0x0307, 0x1E02},
    {0x0042, 0x0323, 0x1E04},
    {0x0042, 0x0331, 0x1E06},
    {0x0043, 0x0301, 0x0106},
    {0x0043, 0x0302, 0x0108},
    {0x0043, 0x0307, 0x010A},
    {0x0043, 0x030C, 0x010C},
    {0x0043, 0x0327, 0x00C7},
    {0x0044, 0x0307, 0x1E0A},
    {0x0044, 0x030C, 0x010E},
    {0x0044, 0x0323, 0x1E0C},
    {0x0044, 0x0327, 0x1E10},
    {0x0044, 0x032D, 0x1E12},
    {0x0044, 0x0331, 0x1E0E},
    {0x0045, 0x0300, 0x00C8},
    {0x0045, 0x0301, 0x00C9},
    {0x0045, 0x0302, 0x00CA},
    {0x0045, 0x0303, 0x1EBC},
    {0x0045, 0x0304, 0x0112},
    {0x0045, 0x0306, 0x0114},
    {0x0045, 0x0307, 0x0116},
    {0x0045, 0x0308, 0x00CB},
    {0x0045, 0x0309, 0x1EBA},
    {0x0045, 0x030C, 0x011A},
    {0x0045, 0x030F, 0x0204},
    {0x0045, 0x0311, 0x0206},
    {0x0045, 0x0323, 0x1EB8},
    {0x0045, 0x0327, 0x0228},
    {0x0045, 0x0328, 0x0118},
    {0x0045, 0x032D, 0x1E18},
    {0x0045, 0x0330, 0x1E1A},
    {0x0046, 0x0307, 0x1E1E},
    {0x0047, 0x0301, 0x01F4},
    {0x0047, 0x0302, 0x011C},
    {0x0047, 0x0304, 0x1E20},
    {0x0047, 0x0306, 0x011E},
    {0x0047, 0x0307, 0x0120},
    {0x0047, 0x030C, 0x01E6},
    {0x0047, 0x0327, 0x0122},
    {0x0048, 0x0302, 0x0124},
    {0x0048, 0x0307, 0x1E22},
    {0x0048, 0x0308, 0x1E26},
    {0x0048, 0x030C, 0x021E},
    {0x0048, 0x0323, 0x1E24},
    {0x0048, 0x0327, 0x1E28},
    {0x0048, 0x032E, 0x1E2A},
    {0x0049, 0x0300, 0x00CC},
    {0x0049, 0x0301, 0x00CD},
    {0x0049, 0x0302, 0x00CE},
    {0x0049, 0x0303, 0x0128},
    {0x0049, 0x0304, 0x012A},
    {0x0049, 0x0306, 0x012C},
    {0x0049, 0x0307, 0x0130},
    {0x0049, 0x0308, 0x00CF},
    {0x0049, 0x0309, 0x1EC8},
    {0x0049, 0x030C, 0x01CF},
    {0x0049, 0x030F, 0x0208},
    {0x0049, 0x0311, 0x020A},
    {0x0049, 0x0323, 0x1ECA},
    {0x0049, 0x0328, 0x012E},
    {0x0049, 0x0330, 0x1E2C},
    {0x004A, 0x0302, 0x0134},
    {0x004B, 0x0301, 0x1E30},
    {0x004B, 0x030C, 0x01E8},
    {0x004B, 0x0323, 0x1E32},
    {0x004B, 0x0327, 0x0136},
    {0x004B, 0x0331, 0x1E34},
    {0x004C, 0x0301, 0x0139},
    {0x004C, 0x030C, 0x013D},
    {0x004C, 0x0323, 0x1E36},
    {0x004C, 0x0327, 0x013B},
    {0x004C, 0x032D, 0x1E3C},
    {0x004C, 0x0331, 0x1E3A},
    {0x004D, 0x0301, 0x1E3E},
    {0x004D, 0x0307, 0x1E40},
    {0x004D, 0x0323, 0x1E42},
    {0x004E, 0x0300, 0x01F8},
    {0x004E, 0x0301, 0x0143},
    {0x004E, 0x0303, 0x00D1},
    {0x004E, 0x0307, 0x1E44},
    {0x004E, 0x030C, 0x0147},
    {0x004E, 0x0323, 0x1E46},
    {0x004E, 0x0327, 0x0145},
    {0x004E, 0x032D, 0x1E4A},
    {0x004E, 0x0331, 0x1E48},
    {0x004F, 0x0300, 0x00D2},
    {0x004F, 0x0301, 0x00D3},
    {0x004F, 0x0302, 0x00D4},
    {0x004F, 0x0303, 0x00D5},
    {0x004F, 0x0304, 0x014C},
    {0x004F, 0x0306, 0x014E},
    {0x004F, 0x0307, 0x022E},
    {0x004F, 0x0308, 0x00D6},
    {0x004F, 0x0309, 0x1ECE},
    {0x004F, 0x030B, 0x0150},
    {0x004F, 0x030C, 0x01D1},
    {0x004F, 0x030F, 0x020C},
    {0x004F, 0x0311, 0x020E},
    {0x004F, 0x031B, 0x01A0},
    {0x004F, 0x0323, 0x1ECC},
    {0x004F, 0x0328, 0x01EA},
    {0x0050, 0x0301, 0x1E54},
    {0x0050, 0x0307, 0x1E56},
    {0x0052, 0x0301, 0x0154},
    {0x0052, 0x0307, 0x1E58},
    {0x0052, 0x030C, 0x0158},
    {0x0052, 0x030F, 0x0210},
    {0x0052, 0x0311, 0x0212},
    {0x0052, 0x0323, 0x1E5A},
    {0x0052, 0x0327, 0x0156},
    {0x0052, 0x0331, 0x1E5E},
    {0x0053, 0x0301, 0x015A},
    {0x0053, 0x0302, 0x015C},
    {0x0053, 0x0307, 0x1E60},
    {0x0053, 0x030C, 0x0160},
    {0x0053, 0x0323, 0x1E62},
    {0x0053, 0x0326, 0x0218},
    {0x0053, 0x0327, 0x015E},
    {0x0054, 0x0307, 0x1E6A},
    {0x0054, 0x030C, 0x0164},
    {0x0054, 0x0323, 0x1E6C},
    {0x0054, 0x0326, 0x021A},
    {0x0054, 0x0327, 0x0162},
    {0x0054, 0x032D, 0x1E70},
    {0x0054, 0x0331, 0x1E6E},
    {0x0055, 0x0300, 0x00D9},
    {0x0055, 0x0301, 0x00DA},
    {0x0055, 0x0302, 0x00DB},
    {0x0055, 0x0303, 0x0168},
    {0x0055, 0x0304, 0x016A},
    {0x0055, 0x0306, 0x016C},
    {0x0055, 0x0308, 0x00DC},
    {0x0055, 0x0309, 0x1EE6},
    {0x0055, 0x030A, 0x016E},
    {0x0055, 0x030B, 0x0170},
    {0x0055, 0x030C, 0x01D3},
    {0x0055, 0x030F, 0x0214},
    {0x0055, 0x0311, 0x0216},
    {0x0055, 0x031B, 0x01AF},
    {0x0055, 0x0323, 0x1EE4},
    {0x0055, 0x0324, 0x1E72},
    {0x0055, 0x0328, 0x0172},
    {0x0055, 0x032D, 0x1E76},
    {0x0055, 0x0330, 0x1E74},
    {0x0056, 0x0303, 0x1E7C},
    {0x0056, 0x0323, 0x1E7E},
    {0x0057, 0x0300, 0x1E80},
    {0x0057, 0x0301, 0x1E82},
    {0x0057, 0x0302, 0x0174},
    {0x0057, 0x0307, 0x1E86},
    {0x0057, 0x0308, 0x1E84},
    {0x0057, 0x0323, 0x1E88},
    {0x0058, 0x0307, 0x1E8A},
    {0x0058, 0x0308, 0x1E8C},
    {0x0059, 0x0300, 0x1EF2},
    {0x0059, 0x0301, 0x00DD},
    {0x0059, 0x0302, 0x0176},
    {0x0059, 0x0303, 0x1EF8},
    {0x0059, 0x0304, 0x0232},
    {0x0059, 0x0307, 0x1E8E},
    {0x0059, 0x0308, 0x0178},
    {0x0059, 0x0309, 0x1EF6},
    {0x0059, 0x0323, 0x1EF4},
    {0x005A, 0x0301, 0x0179},
    {0x005A, 0x0302, 0x1E90},
    {0x005A, 0x0307, 0x017B},
    {0x005A, 0x030C, 0x017D},
    {0x005A, 0x0323, 0x1E92},
    {0x005A, 0x0331, 0x1E94},
    {0x0061, 0x0300, 0x00E0},
    {0x0061, 0x0301, 0x00E1},
    {0x0061, 0x0302, 0x00E2},
    {0x0061, 0x0303, 0x00E3},
    {0x0061, 0x0304, 0x0101},
    {0x0061, 0x0306, 0x0103},
    {0x0061, 0x0307, 0x0227},
    {0x0061, 0x0308, 0x00E4},
    {0x0061, 0x0309, 0x1EA3},
    {0x0061, 0x030A, 0x00E5},
    {0x0061, 0x030C, 0x01CE},
    {0x0061, 0x030F, 0x0201},
    {0x0061, 0x0311, 0x0203},
    {0x0061, 0x0323, 0x1EA1},
    {0x0061, 0x0325, 0x1E01},
    {0x0061, 0x0328, 0x0105},
    {0x0062, 0x0307, 0x1E03},
    {0x0062, 0x0323, 0x1E05},
    {0x0062, 0x0331, 0x1E07},
    {0x0063, 0x0301, 0x0107},
    {0x0063, 0x0302, 0x0109},
    {0x0063, 0x0307, 0x010B},
    {0x0063, 0x030C, 0x010D},
    {0x0063, 0x0327, 0x00E7},
    {0x0064, 0x0307, 0x1E0B},
    {0x0064, 0x030C, 0x010F},
    {0x0064, 0x0323, 0x1E0D},
    {0x0064, 0x0327, 0x1E11},
    {0x0064, 0x032D, 0x1E13},
    {0x0064, 0x0331, 0x1E0F},
    {0x0065, 0x0300, 0x00E8},
    {0x0065, 0x0301, 0x00E9},
    {0x0065, 0x0302, 0x00EA},
    {0x0065, 0x0303, 0x1EBD},
    {0x0065, 0x0304, 0x0113},
    {0x0065, 0x0306, 0x0115},
    {0x0065, 0x0307, 0x0117},
    {0x0065, 0x0308, 0x00EB},
    {0x0065, 0x0309, 0x1EBB},
    {0x0065, 0x030C, 0x011B},
    {0x0065, 0x030F, 0x0205},
    {0x0065, 0x0311, 0x0207},
    {0x0065, 0x0323, 0x1EB9},
    {0x0065, 0x0327, 0x0229},
    {0x0065, 0x0328, 0x0119},
    {0x0065, 0x032D, 0x1E19},
    {0x0065, 0x0330, 0x1E1B},
    {0x0066, 0x0307, 0x1E1F},
    {0x0067, 0x0301, 0x01F5},
    {0x0067, 0x0302, 0x011D},
    {0x0067, 0x0304, 0x1E21},
    {0x0067, 0x0306, 0x011F},
    {0x0067, 0x0307, 0x0121},
    {0x0067, 0x030C, 0x01E7},
    {0x0067, 0x0327, 0x0123},
    {0x0068, 0x0302, 0x0125},
    {0x0068, 0x0307, 0x1E23},
    {0x0068, 0x0308, 0x1E27},
    {0x0068, 0x030C, 0x021F},
    {0x0068, 0x0323, 0x1E25},
    {0x0068, 0x0327, 0x1E29},
    {0x0068, 0x032E, 0x1E2B},
    {0x0068, 0x0331, 0x1E96},
    {0x0069, 0x0300, 0x00EC},
    {0x0069, 0x0301, 0x00ED},
    {0x0069, 0x0302, 0x00EE},
    {0x0069, 0x0303, 0x0129},
    {0x0069, 0x0304, 0x012B},
    {0x0069, 0x0306, 0x012D},
    {0x0069, 0x0308, 0x00EF},
    {0x0069, 0x0309, 0x1EC9},
    {0x0069, 0x030C, 0x01D0},
    {0x0069, 0x030F, 0x0209},
    {0x0069, 0x0311, 0x020B},
    {0x0069, 0x0323, 0x1ECB},
    {0x0069, 0x0328, 0x012F},
    {0x0069, 0x0330, 0x1E2D},
    {0x006A, 0x0302, 0x0135},
    {0x006A, 0x030C, 0x01F0},
    {0x006B, 0x0301, 0x1E31},
    {0x006B, 0x030C, 0x01E9},
    {0x006B, 0x0323, 0x1E33},
    {0x006B, 0x0327, 0x0137},
    {0x006B, 0x0331, 0x1E35},
    {0x006C, 0x0301, 0x013A},
    {0x006C, 0x030C, 0x013E},
    {0x006C, 0x0323, 0x1E37},
    {0x006C, 0x0327, 0x013C},
    {0x006C, 0x032D, 0x1E3D},
    {0x006C, 0x0331, 0x1E3B},
    {0x006D, 0x0301, 0x1E3F},
    {0x006D, 0x0307, 0x1E41},
    {0x006D, 0x0323, 0x1E43},
    {0x006E, 0x0300, 0x01F9},
    {0x006E, 0x0301, 0x0144},
    {0x006E, 0x0303, 0x00F1},
    {0x006E, 0x0307, 0x1E45},
    {0x006E, 0x030C, 0x0148},
    {0x006E, 0x0323, 0x1E47},
    {0x006E, 0x0327, 0x0146},
    {0x006E, 0x032D, 0x1E4B},
    {0x006E, 0x0331, 0x1E49},
    {0x006F, 0x0300, 0x00F2},
    {0x006F, 0x0301, 0x00F3},
    {0x006F, 0x0302, 0x00F4},
    {0x006F, 0x0303, 0x00F5},
    {0x006F, 0x0304, 0x014D},
    {0x006F, 0x0306, 0x014F},
    {0x006F, 0x0307, 0x022F},
    {0x006F, 0x0308, 0x00F6},
    {0x006F, 0x0309, 0x1ECF},
    {0x006F, 0x030B, 0x0151},
    {0x006F, 0x030C, 0x01D2},
    {0x006F, 0x030F, 0x020D},
    {0x006F, 0x0311, 0x020F},
    {0x006F, 0x031B, 0x01A1},
    {0x006F, 0x0323, 0x1ECD},
    {0x006F, 0x0328, 0x01EB},
    {0x0070, 0x0301, 0x1E55},
    {0x0070, 0x0307, 0x1E57},
    {0x0072, 0x0301, 0x0155},
    {0x0072, 0x0307, 0x1E59},
    {0x0072, 0x030C, 0x0159},
    {0x0072, 0x030F, 0x0211},
    {0x0072, 0x0311, 0x0213},
    {0x0072, 0x0323, 0x1E5B},
    {0x0072, 0x0327, 0x0157},
    {0x0072, 0x0331, 0x1E5F},
    {0x0073, 0x0301, 0x015B},
    {0x0073, 0x0302, 0x015D},
    {0x0073, 0x0307, 0x1E61},
    {0x0073, 0x030C, 0x0161},
    {0x0073, 0x0323, 0x1E63},
    {0x0073, 0x0326, 0x0219},
    {0x0073, 0x0327, 0x015F},
    {0x0074, 0x0307, 0x1E6B},
    {0x0074, 0x0308, 0x1E97},
    {0x0074, 0x030C, 0x0165},
    {0x0074, 0x0323, 0x1E6D},
    {0x0074, 0x0326, 0x021B},
    {0x0074, 0x0327, 0x0163},
    {0x0074, 0x032D, 0x1E71},
    {0x0074, 0x0331, 0x1E6F},
    {0x0075, 0x0300, 0x00F9},
    {0x0075, 0x0301, 0x00FA},
    {0x0075, 0x0302, 0x00FB},
    {0x0075, 0x0303, 0x0169},
    {0x0075, 0x0304, 0x016B},
    {0x0075, 0x0306, 0x016D},
    {0x0075, 0x0308, 0x00FC},
    {0x0075, 0x0309, 0x1EE7},
    {0x0075, 0x030A, 0x016F},
    {0x0075, 0x030B, 0x0171},
    {0x0075, 0x030C, 0x01D4},
    {0x0075, 0x030F, 0x0215},
    {0x0075, 0x0311, 0x0217},
    {0x0075, 0x031B, 0x01B0},
    {0x0075, 0x0323, 0x1EE5},
    {0x0075, 0x0324, 0x1E73},
    {0x0075, 0x0328, 0x0173},
    {0x0075, 0x032D, 0x1E77},
    {0x0075, 0x0330, 0x1E75},
    {0x0076, 0x0303, 0x1E7D},
    {0x0076, 0x0323, 0x1E7F},
    {0x0077, 0x0300, 0x1E81},
    {0x0077, 0x0301, 0x1E83},
    {0x0077, 0x0302, 0x0175},
    {0x0077, 0x0307, 0x1E87},
    {0x0077, 0x0308, 0x1E85},
    {0x0077, 0x030A, 0x1E98},
    {0x0077, 0x0323, 0x1E89},
    {0x0078, 0x0307, 0x1E8B},
    {0x0078, 0x0308, 0x1E8D},
    {0x0079, 0x0300, 0x1EF3},
    {0x0079, 0x0301, 0x00FD},
    {0x0079, 0x0302, 0x0177},
    {0x0079, 0x0303, 0x1EF9},
    {0x0079, 0x0304, 0x0233},
    {0x0079, 0x0307, 0x1E8F},
    {0x0079, 0x0308, 0x00FF},
    {0x0079, 0x0309, 0x1EF7},
    {0x0079, 0x030A, 0x1E99},
    {0x0079, 0x0323, 0x1EF5},
    {0x007A, 0x0301, 0x017A},
    {0x007A, 0x0302, 0x1E91},
    {0x007A, 0x0307, 0x017C},
    {0x007A, 0x030C, 0x017E},
    {0x007A, 0x0323, 0x1E93},
    {0x007A, 0x0331, 0x1E95},
    {0x00A8, 0x0300, 0x1FED},
    {0x00A8, 0x0301, 0x0385},
    {0x00A8, 0x0342, 0x1FC1},
    {0x00C2, 0x0300, 0x1EA6},
    {0x00C2, 0x0301, 0x1EA4},
    {0x00C2, 0x0303, 0x1EAA},
    {0x00C2, 0x0309, 0x1EA8},
    {0x00C4, 0x0304, 0x01DE},
    {0x00C5, 0x0301, 0x01FA},
    {0x00C6, 0x0301, 0x01FC},
    {0x00C6, 0x0304, 0x01E2},
    {0x00C7, 0x0301, 0x1E08},
    {0x00CA, 0x0300, 0x1EC0},
    {0x00CA, 0x0301, 0x1EBE},
    {0x00CA, 0x0303, 0x1EC4},
    {0x00CA, 0x0309, 0x1EC2},
    {0x00CF, 0x0301, 0x1E2E},
    {0x00D4, 0x0300, 0x1ED2},
    {0x00D4, 0x0301, 0x1ED0},
    {0x00D4, 0x0303, 0x1ED6},
    {0x00D4, 0x0309, 0x1ED4},
    {0x00D5, 0x0301, 0x1E4C},
    {0x00D5, 0x0304, 0x022C},
    {0x00D5, 0x0308, 0x1E4E},
    {0x00D6, 0x0304, 0x022A},
    {0x00D8, 0x0301, 0x01FE},
    {0x00DC, 0x0300, 0x01DB},
    {0x00DC, 0x0301, 0x01D7},
    {0x00DC, 0x0304, 0x01D5},
    {0x00DC, 0x030C, 0x01D9},
    {0x00E2, 0x0300, 0x1EA7},
    {0x00E2, 0x0301, 0x1EA5},
    {0x00E2, 0x0303, 0x1EAB},
    {0x00E2, 0x0309, 0x1EA9},
    {0x00E4, 0x0304, 0x01DF},
    {0x00E5, 0x0301, 0x01FB},
    {0x00E6, 0x0301, 0x01FD},
    {0x00E6, 0x0304, 0x01E3},
    {0x00E7, 0x0301, 0x1E09},
    {0x00EA, 0x0300, 0x1EC1},
    {0x00EA, 0x0301, 0x1EBF},
    {0x00EA, 0x0303, 0x1EC5},
    {0x00EA, 0x0309, 0x1EC3},
    {0x00EF, 0x0301, 0x1E2F},
    {0x00F4, 0x0300, 0x1ED3},
    {0x00F4, 0x0301, 0x1ED1},
    {0x00F4, 0x0303, 0x1ED7},
    {0x00F4, 0x0309, 0x1ED5},
    {0x00F5, 0x0301, 0x1E4D},
    {0x00F5, 0x0304, 0x022D},
    {0x00F5, 0x0308, 0x1E4F},
    {0x00F6, 0x0304, 0x022B},
    {0x00F8, 0x0301, 0x01FF},
    {0x00FC, 0x0300, 0x01DC},
    {0x00FC, 0x0301, 0x01D8},
    {0x00FC, 0x0304, 0x01D6},
    {0x00FC, 0x030C, 0x01DA},
    {0x0102, 0x0300, 0x1EB0},
    {0x0102, 0x0301, 0x1EAE},
    {0x0102, 0x0303, 0x1EB4},
    {0x0102, 0x0309, 0x1EB2},
    {0x0103, 0x0300, 0x1EB1},
    {0x0103, 0x0301, 0x1EAF},
    {0x0103, 0x0303, 0x1EB5},
    {0x0103, 0x0309, 0x1EB3},
    {0x0112, 0x0300, 0x1E14},
    {0x0112, 0x0301, 0x1E16},
    {0x0113, 0x0300, 0x1E15},
    {0x0113, 0x0301, 0x1E17},
    {0x014C, 0x0300, 0x1E50},
    {0x014C, 0x0301, 0x1E52},
    {0x014D, 0x0300, 0x1E51},
    {0x014D, 0x0301, 0x1E53},
    {0x015A, 0x0307, 0x1E64},
    {0x015B, 0x0307, 0x1E65},
    {0x0160, 0x0307, 0x1E66},
    {0x0161, 0x0307, 0x1E67},
    {0x0168, 0x0301, 0x1E78},
    {0x0169, 0x0301, 0x1E79},
    {0x016A, 0x0308, 0x1E7A},
    {0x016B, 0x0308, 0x1E7B},
    {0x017F, 0x0307, 0x1E9B},
    {0x01A0, 0x0300, 0x1EDC},
    {0x01A0, 0x0301, 0x1EDA},
    {0x01A0, 0x0303, 0x1EE0},
    {0x01A0, 0x0309, 0x1EDE},
    {0x01A0, 0x0323, 0x1EE2},
    {0x01A1, 0x0300, 0x1EDD},
    {0x01A1, 0x0301, 0x1EDB},
    {0x01A1, 0x0303, 0x1EE1},
    {0x01A1, 0x0309, 0x1EDF},
    {0x01A1, 0x0323, 0x1EE3},
    {0x01AF, 0x0300, 0x1EEA},
    {0x01AF, 0x0301, 0x1EE8},
    {0x01AF, 0x0303, 0x1EEE},
    {0x01AF, 0x0309, 0x1EEC},
    {0x01AF, 0x0323, 0x1EF0},
    {0x01B0, 0x0300, 0x1EEB},
    {0x01B0, 0x0301, 0x1EE9},
    {0x01B0, 0x0303, 0x1EEF},
    {0x01B0, 0x0309, 0x1EED},
    {0x01B0, 0x0323, 0x1EF1},
    {0x01B7, 0x030C, 0x01EE},
    {0x01EA, 0x0304, 0x01EC},
    {0x01EB, 0x0304, 0x01ED},
    {0x0226, 0x0304, 0x01E0},
    {0x0227, 0x0304, 0x01E1},
    {0x0228, 0x0306, 0x1E1C},
    {0x0229, 0x0306, 0x1E1D},
    {0x022E, 0x0304, 0x0230},
    {0x022F, 0x0304, 0x0231},
    {0x0292, 0x030C, 0x01EF},
    {0x0391, 0x0300, 0x1FBA},
    {0x0391, 0x0301, 0x0386},
    {0x0391, 0x0304, 0x1FB9},
    {0x0391, 0x0306, 0x1FB8},
    {0x0391, 0x0313, 0x1F08},
    {0x0391, 0x0314, 0x1F09},
    {0x0391, 0x0345, 0x1FBC},
    {0x0395, 0x0300, 0x1FC8},
    {0x0395, 0x0301, 0x0388},
    {0x0395, 0x0313, 0x1F18},
    {0x0395, 0x0314, 0x1F19},
    {0x0397, 0x0300, 0x1FCA},
    {0x0397, 0x0301, 0x0389},
    {0x0397, 0x0313, 0x1F28},
    {0x0397, 0x0314, 0x1F29},
    {0x0397, 0x0345, 0x1FCC},
    {0x0399, 0x0300, 0x1FDA},
    {0x0399, 0x0301, 0x038A},
    {0x0399, 0x0304, 0x1FD9},
    {0x0399, 0x0306, 0x1FD8},
    {0x0399, 0x0308, 0x03AA},
    {0x0399, 0x0313, 0x1F38},
    {0x0399, 0x0314, 0x1F39},
    {0x039F, 0x0300, 0x1FF8},
    {0x039F, 0x0301, 0x038C},
    {0x039F, 0x0313, 0x1F48},
    {0x039F, 0x0314, 0x1F49},
    {0x03A1, 0x0314, 0x1FEC},
    {0x03A5, 0x0300, 0x1FEA},
    {0x03A5, 0x0301, 0x038E},
    {0x03A5, 0x0304, 0x1FE9},
    {0x03A5, 0x0306, 0x1FE8},
    {0x03A5, 0x0308, 0x03AB},
    {0x03A5, 0x0314, 0x1F59},
    {0x03A9, 0x0300, 0x1FFA},
    {0x03A9, 0x0301, 0x038F},
    {0x03A9, 0x0313, 0x1F68},
    {0x03A9, 0x0314, 0x1F69},
    {0x03A9, 0x0345, 0x1FFC},
    {0x03AC, 0x0345, 0x1FB4},
    {0x03AE, 0x0345, 0x1FC4},
    {0x03B1, 0x0300, 0x1F70},
    {0x03B1, 0x0301, 0x03AC},
    {0x03B1, 0x0304, 0x1FB1},
    {0x03B1, 0x0306, 0x1FB0},
    {0x03B1, 0x0313, 0x1F00},
    {0x03B1, 0x0314, 0x1F01},
    {0x03B1, 0x0342, 0x1FB6},
    {0x03B1, 0x0345, 0x1FB3},
    {0x03B5, 0x0300, 0x1F72},
    {0x03B5, 0x0301, 0x03AD},
    {0x03B5, 0x0313, 0x1F10},
    {0x03B5, 0x0314, 0x1F11},
    {0x03B7, 0x0300, 0x1F74},
    {0x03B7, 0x0301, 0x03AE},
    {0x03B7, 0x0313, 0x1F20},
    {0x03B7, 0x0314, 0x1F21},
    {0x03B7, 0x0342, 0x1FC6},
    {0x03B7, 0x0345, 0x1FC3},
    {0x03B9, 0x0300, 0x1F76},
    {0x03B9, 0x0301, 0x03AF},
    {0x03B9, 0x0304, 0x1FD1},
    {0x03B9, 0x0306, 0x1FD0},
    {0x03B9, 0x0308, 0x03CA},
    {0x03B9, 0x0313, 0x1F30},
    {0x03B9, 0x0314, 0x1F31},
    {0x03B9, 0x0342, 0x1FD6},
    {0x03BF, 0x0300, 0x1F78},
    {0x03BF, 0x0301, 0x03CC},
    {0x03BF, 0x0313, 0x1F40},
    {0x03BF, 0x0314, 0x1F41},
    {0x03C1, 0x0313, 0x1FE4},
    {0x03C1, 0x0314, 0x1FE5},
    {0x03C5, 0x0300, 0x1F7A},
    {0x03C5, 0x0301, 0x03CD},
    {0x03C5, 0x0304, 0x1FE1},
    {0x03C5, 0x0306, 0x1FE0},
    {0x03C5, 0x0308, 0x03CB},
    {0x03C5, 0x0313, 0x1F50},
    {0x03C5, 0x0314, 0x1F51},
    {0x03C5, 0x0342, 0x1FE6},
    {0x03C9, 0x0300, 0x1F7C},
    {0x03C9, 0x0301, 0x03CE},
    {0x03C9, 0x0313, 0x1F60},
    {0x03C9, 0x0314, 0x1F61},
    {0x03C9, 0x0342, 0x1FF6},
    {0x03C9, 0x0345, 0x1FF3},
    {0x03CA, 0x0300, 0x1FD2},
    {0x03CA, 0x0301, 0x0390},
    {0x03CA, 0x0342, 0x1FD7},
    {0x03CB, 0x0300, 0x1FE2},
    {0x03CB, 0x0301, 0x03B0},
    {0x03CB, 0x0342, 0x1FE7},
    {0x03CE, 0x0345, 0x1FF4},
    {0x03D2, 0x0301, 0x03D3},
    {0x03D2, 0x0308, 0x03D4},
    {0x0406, 0x0308, 0x0407},
    {0x0410, 0x0306, 0x04D0},
    {0x0410, 0x0308, 0x04D2},
    {0x0413, 0x0301, 0x0403},
    {0x0415, 0x0300, 0x0400},
    {0x0415, 0x0306, 0x04D6},
    {0x0415, 0x0308, 0x0401},
    {0x0416, 0x0306, 0x04C1},
    {0x0416, 0x0308, 0x04DC},
    {0x0417, 0x0308, 0x04DE},
    {0x0418, 0x0300, 0x040D},
    {0x0418, 0x0304, 0x04E2},
    {0x0418, 0x0306, 0x0419},
    {0x0418, 0x0308, 0x04E4},
    {0x041A, 0x0301, 0x040C},
    {0x041E, 0x0308, 0x04E6},
    {0x0423, 0x0304, 0x04EE},
    {0x0423, 0x0306, 0x040E},
    {0x0423, 0x0308, 0x04F0},
    {0x0423, 0x030B, 0x04F2},
    {0x0427, 0x0308, 0x04F4},
    {0x042B, 0x0308, 0x04F8},
    {0x042D, 0x0308, 0x04EC},
    {0x0430, 0x0306, 0x04D1},
    {0x0430, 0x0308, 0x04D3},
    {0x0433, 0x0301, 0x0453},
    {0x0435, 0x0300, 0x0450},
    {0x0435, 0x0306, 0x04D7},
    {0x0435, 0x0308, 0x0451},
    {0x0436, 0x0306, 0x04C2},
    {0x0436, 0x0308, 0x04DD},
    {0x0437, 0x0308, 0x04DF},
    {0x0438, 0x0300, 0x045D},
    {0x0438, 0x0304, 0x04E3},
    {0x0438, 0x0306, 0x0439},
    {0x0438, 0x0308, 0x04E5},
    {0x043A, 0x0301, 0x045C},
    {0x043E, 0x0308, 0x04E7},
    {0x0443, 0x0304, 0x04EF},
    {0x0443, 0x0306, 0x045E},
    {0x0443, 0x0308, 0x04F1},
    {0x0443, 0x030B, 0x04F3},
    {0x0447, 0x0308, 0x04F5},
    {0x044B, 0x0308, 0x04F9},
    {0x044D, 0x0308, 0x04ED},
    {0x0456, 0x0308, 0x0457},
    {0x0474, 0x030F, 0x0476},
    {0x0475, 0x030F, 0x0477},
    {0x04D8, 0x0308, 0x04DA},
    {0x04D9, 0x0308, 0x04DB},
    {0x04E8, 0x0308, 0x04EA},
    {0x04E9, 0x0308, 0x04EB},
    {0x0627, 0x0653, 0x0622},
    {0x0627, 0x0654, 0x0623},
    {0x0627, 0x0655, 0x0625},
    {0x0648, 0x0654, 0x0624},
    {0x064A, 0x0654, 0x0626},
    {0x06C1, 0x0654, 0x06C2},
    {0x06D2, 0x0654, 0x06D3},
    {0x06D5, 0x0654, 0x06C0},
    {0x0928, 0x093C, 0x0929},
    {0x0930, 0x093C, 0x0931},
    {0x0933, 0x093C, 0x0934},
    {0x09C7, 0x09BE, 0x09CB},
    {0x09C7, 0x09D7, 0x09CC},
    {0x0B47, 0x0B3E, 0x0B4B},
    {0x0B47, 0x0B56, 0x0B48},
    {0x0B47, 0x0B57, 0x0B4C},
    {0x0B92, 0x0BD7, 0x0B94},
    {0x0BC6, 0x0BBE, 0x0BCA},
    {0x0BC6, 0x0BD7, 0x0BCC},
    {0x0BC7, 0x0BBE, 0x0BCB},
    {0x0C46, 0x0C56, 0x0C48},
    {0x0CBF, 0x0CD5, 0x0CC0},
    {0x0CC6, 0x0CC2, 0x0CCA},
    {0x0CC6, 0x0CD5, 0x0CC7},
    {0x0CC6, 0x0CD6, 0x0CC8},
    {0x0CCA, 0x0CD5, 0x0CCB},
    {0x0D46, 0x0D3E, 0x0D4A},
    {0x0D46, 0x0D57, 0x0D4C},
    {0x0D47, 0x0D3E, 0x0D4B},
    {0x0DD9, 0x0DCA, 0x0DDA},
    {0x0DD9, 0x0DCF, 0x0DDC},
    {0x0DD9, 0x0DDF, 0x0DDE},
    {0x0DDC, 0x0DCA, 0x0DDD},
    {0x1025, 0x102E, 0x1026},
    {0x1B05, 0x1B35, 0x1B06},
    {0x1B07, 0x1B35, 0x1B08},
    {0x1B09, 0x1B35, 0x1B0A},
    {0x1B0B, 0x1B35, 0x1B0C},
    {0x1B0D, 0x1B35, 0x1B0E},
    {0x1B11, 0x1B35, 0x1B12},
    {0x1B3A, 0x1B35, 0x1B3B},
    {0x1B3C, 0x1B35, 0x1B3D},
    {0x1B3E, 0x1B35, 0x1B40},
    {0x1B3F, 0x1B35, 0x1B41},
    {0x1B42, 0x1B35, 0x1B43},
    {0x1E36, 0x0304, 0x1E38},
    {0x1E37, 0x0304, 0x1E39},
    {0x1E5A, 0x0304, 0x1E5C},
    {0x1E5B, 0x0304, 0x1E5D},
    {0x1E62, 0x0307, 0x1E68},
    {0x1E63, 0x0307, 0x1E69},
    {0x1EA0, 0x0302, 0x1EAC},
    {0x1EA0, 0x0306, 0x1EB6},
    {0x1EA1, 0x0302, 0x1EAD},
    {0x1EA1, 0x0306, 0x1EB7},
    {0x1EB8, 0x0302, 0x1EC6},
    {0x1EB9, 0x0302, 0x1EC7},
    {0x1ECC, 0x0302, 0x1ED8},
    {0x1ECD, 0x0302, 0x1ED9},
    {0x1F00, 0x0300, 0x1F02},
    {0x1F00, 0x0301, 0x1F04},
    {0x1F00, 0x0342, 0x1F06},
    {0x1F00, 0x0345, 0x1F80},
    {0x1F01, 0x0300, 0x1F03},
    {0x1F01, 0x0301, 0x1F05},
    {0x1F01, 0x0342, 0x1F07},
    {0x1F01, 0x0345, 0x1F81},
    {0x1F02, 0x0345, 0x1F82},
    {0x1F03, 0x0345, 0x1F83},
    {0x1F04, 0x0345, 0x1F84},
    {0x1F05, 0x0345, 0x1F85},
    {0x1F06, 0x0345, 0x1F86},
    {0x1F07, 0x0345, 0x1F87},
    {0x1F08, 0x0300, 0x1F0A},
    {0x1F08, 0x0301, 0x1F0C},
    {0x1F08, 0x0342, 0x1F0E},
    {0x1F08, 0x0345, 0x1F88},
    {0x1F09, 0x0300, 0x1F0B},
    {0x1F09, 0x0301, 0x1F0D},
    {0x1F09, 0x0342, 0x1F0F},
    {0x1F09, 0x0345, 0x1F89},
    {0x1F0A, 0x0345, 0x1F8A},
    {0x1F0B, 0x0345, 0x1F8B},
    {0x1F0C, 0x0345, 0x1F8C},
    {0x1F0D, 0x0345, 0x1F8D},
    {0x1F0E, 0x0345, 0x1F8E},
    {0x1F0F, 0x0345, 0x1F8F},
    {0x1F10, 0x0300, 0x1F12},
    {0x1F10, 0x0301, 0x1F14},
    {0x1F11, 0x0300, 0x1F13},
    {0x1F11, 0x0301, 0x1F15},
    {0x1F18, 0x0300, 0x1F1A},
    {0x1F18, 0x0301, 0x1F1C},
    {0x1F19, 0x0300, 0x1F1B},
    {0x1F19, 0x0301, 0x1F1D},
    {0x1F20, 0x0300, 0x1F22},
    {0x1F20, 0x0301, 0x1F24},
    {0x1F20, 0x0342, 0x1F26},
    {0x1F20, 0x0345, 0x1F90},
    {0x1F21, 0x0300, 0x1F23},
    {0x1F21, 0x0301, 0x1F25},
    {0x1F21, 0x0342, 0x1F27},
    {0x1F21, 0x0345, 0x1F91},
    {0x1F22, 0x0345, 0x1F92},
    {0x1F23, 0x0345, 0x1F93},
    {0x1F24, 0x0345, 0x1F94},
    {0x1F25, 0x0345, 0x1F95},
    {0x1F26, 0x0345, 0x1F96},
    {0x1F27, 0x0345, 0x1F97},
    {0x1F28, 0x0300, 0x1F2A},
    {0x1F28, 0x0301, 0x1F2C},
    {0x1F28, 0x0342, 0x1F2E},
    {0x1F28, 0x0345, 0x1F98},
    {0x1F29, 0x0300, 0x1F2B},
    {0x1F29, 0x0301, 0x1F2D},
    {0x1F29, 0x0342, 0x1F2F},
    {0x1F29, 0x0345, 0x1F99},
    {0x1F2A, 0x0345, 0x1F9A},
    {0x1F2B, 0x0345, 0x1F9B},
    {0x1F2C, 0x0345, 0x1F9C},
    {0x1F2D, 0x0345, 0x1F9D},
    {0x1F2E, 0x0345, 0x1F9E},
    {0x1F2F, 0x0345, 0x1F9F},
    {0x1F30, 0x0300, 0x1F32},
    {0x1F30, 0x0301, 0x1F34},
    {0x1F30, 0x0342, 0x1F36},
    {0x1F31, 0x0300, 0x1F33},
    {0x1F31, 0x0301, 0x1F35},
    {0x1F31, 0x0342, 0x1F37},
    {0x1F38, 0x0300, 0x1F3A},
    {0x1F38, 0x0301, 0x1F3C},
    {0x1F38, 0x0342, 0x1F3E},
    {0x1F39, 0x0300, 0x1F3B},
    {0x1F39, 0x0301, 0x1F3D},
    {0x1F39, 0x0342, 0x1F3F},
    {0x1F40, 0x0300, 0x1F42},
    {0x1F40, 0x0301, 0x1F44},
    {0x1F41, 0x0300, 0x1F43},
    {0x1F41, 0x0301, 0x1F45},
    {0x1F48, 0x0300, 0x1F4A},
    {0x1F48, 0x0301, 0x1F4C},
    {0x1F49, 0x0300, 0x1F4B},
    {0x1F49, 0x0301, 0x1F4D},
    {0x1F50, 0x0300, 0x1F52},
    {0x1F50, 0x0301, 0x1F54},
    {0x1F50, 0x0342, 0x1F56},
    {0x1F51, 0x0300, 0x1F53},
    {0x1F51, 0x0301, 0x1F55},
    {0x1F51, 0x0342, 0x1F57},
    {0x1F59, 0x0300, 0x1F5B},
    {0x1F59, 0x0301, 0x1F5D},
    {0x1F59, 0x0342, 0x1F5F},
    {0x1F60, 0x0300, 0x1F62},
    {0x1F60, 0x0301, 0x1F64},
    {0x1F60, 0x0342, 0x1F66},
    {0x1F60, 0x0345, 0x1FA0},
    {0x1F61, 0x0300, 0x1F63},
    {0x1F61, 0x0301, 0x1F65},
    {0x1F61, 0x0342, 0x1F67},
    {0x1F61, 0x0345, 0x1FA1},
    {0x1F62, 0x0345, 0x1FA2},
    {0x1F63, 0x0345, 0x1FA3},
    {0x1F64, 0x0345, 0x1FA4},
    {0x1F65, 0x0345, 0x1FA5},
    {0x1F66, 0x0345, 0x1FA6},
    {0x1F67, 0x0345, 0x1FA7},
    {0x1F68, 0x0300, 0x1F6A},
    {0x1F68, 0x0301, 0x1F6C},
    {0x1F68, 0x0342, 0x1F6E},
    {0x1F68, 0x0345, 0x1FA8},
    {0x1F69, 0x0300, 0x1F6B},
    {0x1F69, 0x0301, 0x1F6D},
    {0x1F69, 0x0342, 0x1F6F},
    {0x1F69, 0x0345, 0x1FA9},
    {0x1F6A, 0x0345, 0x1FAA},
    {0x1F6B, 0x0345, 0x1FAB},
    {0x1F6C, 0x0345, 0x1FAC},
    {0x1F6D, 0x0345, 0x1FAD},
    {0x1F6E, 0x0345, 0x1FAE},
    {0x1F6F, 0x0345, 0x1FAF},
    {0x1F70, 0x0345, 0x1FB2},
    {0x1F74, 0x0345, 0x1FC2},
    {0x1F7C, 0x0345, 0x1FF2},
    {0x1FB6, 0x0345, 0x1FB7},
    {0x1FBF, 0x0300, 0x1FCD},
    {0x1FBF, 0x0301, 0x1FCE},
    {0x1FBF, 0x0342, 0x1FCF},
    {0x1FC6, 0x0345, 0x1FC7},
    {0x1FF6, 0x0345, 0x1FF7},
    {0x1FFE, 0x0300, 0x1FDD},
    {0x1FFE, 0x0301, 0x1FDE},
    {0x1FFE, 0x0342, 0x1FDF},
    {0x2190, 0x0338, 0x219A},
    {0x2192, 0x0338, 0x219B},
    {0x2194, 0x0338, 0x21AE},
    {0x21D0, 0x0338, 0x21CD},
    {0x21D2, 0x0338, 0x21CF},
    {0x21D4, 0x0338, 0x21CE},
    {0x2203, 0x0338, 0x2204},
    {0x2208, 0x0338, 0x2209},
    {0x220B, 0x0338, 0x220C},
    {0x2223, 0x0338, 0x2224},
    {0x2225, 0x0338, 0x2226},
    {0x223C, 0x0338, 0x2241},
    {0x2243, 0x0338, 0x2244},
    {0x2245, 0x0338, 0x2247},
    {0x2248, 0x0338, 0x2249},
    {0x224D, 0x0338, 0x226D},
    {0x2261, 0x0338, 0x2262},
    {0x2264, 0x0338, 0x2270},
    {0x2265, 0x0338, 0x2271},
    {0x2272, 0x0338, 0x2274},
    {0x2273, 0x0338, 0x2275},
    {0x2276, 0x0338, 0x2278},
    {0x2277, 0x0338, 0x2279},
    {0x227A, 0x0338, 0x2280},
    {0x227B, 0x0338, 0x2281},
    {0x227C, 0x0338, 0x22E0},
    {0x227D, 0x0338, 0x22E1},
    {0x2282, 0x0338, 0x2284},
    {0x2283, 0x0338, 0x2285},
    {0x2286, 0x0338, 0x2288},
    {0x2287, 0x0338, 0x2289},
    {0x2291, 0x0338, 0x22E2},
    {0x2292, 0x0338, 0x22E3},
    {0x22A2, 0x0338, 0x22AC},
    {0x22A8, 0x0338, 0x22AD},
    {0x22A9, 0x0338, 0x22AE},
    {0x22AB, 0x0338, 0x22AF},
    {0x22B2, 0x0338, 0x22EA},
    {0x22B3, 0x0338, 0x22EB},
    {0x22B4, 0x0338, 0x22EC},
    {0x22B5, 0x0338, 0x22ED},
    {0x3046, 0x3099, 0x3094},
    {0x304B, 0x3099, 0x304C},
    {0x304D, 0x3099, 0x304E},
    {0x304F, 0x3099, 0x3050},
    {0x3051, 0x3099, 0x3052},
    {0x3053, 0x3099, 0x3054},
    {0x3055, 0x3099, 0x3056},
    {0x3057, 0x3099, 0x3058},
    {0x3059, 0x3099, 0x305A},
    {0x305B, 0x3099, 0x305C},
    {0x305D, 0x3099, 0x305E},
    {0x305F, 0x3099, 0x3060},
    {0x3061, 0x3099, 0x3062},
    {0x3064, 0x3099, 0x3065},
    {0x3066, 0x3099, 0x3067},
    {0x3068, 0x3099, 0x3069},
    {0x306F, 0x3099, 0x3070},
    {0x306F, 0x309A, 0x3071},
    {0x3072, 0x3099, 0x3073},
    {0x3072, 0x309A, 0x3074},
    {0x3075, 0x3099, 0x3076},
    {0x3075, 0x309A, 0x3077},
    {0x3078, 0x3099, 0x3079},
    {0x3078, 0x309A, 0x307A},
    {0x307B, 0x3099, 0x307C},
    {0x307B, 0x309A, 0x307D},
    {0x309D, 0x3099, 0x309E},
    {0x30A6, 0x3099, 0x30F4},
    {0x30AB, 0x3099, 0x30AC},
    {0x30AD, 0x3099, 0x30AE},
    {0x30AF, 0x3099, 0x30B0},
    {0x30B1, 0x3099, 0x30B2},
    {0x30B3, 0x3099, 0x30B4},
    {0x30B5, 0x3099, 0x30B6},
    {0x30B7, 0x3099, 0x30B8},
    {0x30B9, 0x3099, 0x30BA},
    {0x30BB, 0x3099, 0x30BC},
    {0x30BD, 0x3099, 0x30BE},
    {0x30BF, 0x3099, 0x30C0},
    {0x30C1, 0x3099, 0x30C2},
    {0x30C4, 0x3099, 0x30C5},
    {0x30C6, 0x3099, 0x30C7},
    {0x30C8, 0x3099, 0x30C9},
    {0x30CF, 0x3099, 0x30D0},
    {0x30CF, 0x309A, 0x30D1},
    {0x30D2, 0x3099, 0x30D3},
    {0x30D2, 0x309A, 0x30D4},
    {0x30D5, 0x3099, 0x30D6},
    {0x30D5, 0x309A, 0x30D7},
    {0x30D8, 0x3099, 0x30D9},
    {0x30D8, 0x309A, 0x30DA},
    {0x30DB, 0x3099, 0x30DC},
    {0x30DB, 0x309A, 0x30DD},
    {0x30EF, 0x3099, 0x30F7},
    {0x30F0, 0x3099, 0x30F8},
    {0x30F1, 0x3099, 0x30F9},
    {0x30F2, 0x3099, 0x30FA},
    {0x30FD, 0x3099, 0x30FE},
    {0x11099, 0x110BA, 0x1109A},
    {0x1109B, 0x110BA, 0x1109C},
    {0x110A5, 0x110BA, 0x110AB},
    {0x11131, 0x11127, 0x1112E},
    {0x11132, 0x11127, 0x1112F},
    {0x11347, 0x1133E, 0x1134B},
    {0x11347, 0x11357, 0x1134C},
    {0x114B9, 0x114B0, 0x114BC},
    {0x114B9, 0x114BA, 0x114BB},
    {0x114B9, 0x114BD, 0x114BE},
    {0x115B8, 0x115AF, 0x115BA},
    {0x115B9, 0x115AF, 0x115BB},
    {0x11935, 0x11930, 0x11938},
};

#endif
