/* Generated by tools/gen_unicode_char.py from Unicode 15.1.0 data. */
#ifndef UNICODE_CHAR_TABLES_H
#define UNICODE_CHAR_TABLES_H

#include <stdint.h>

typedef struct { uint32_t start; uint32_t end; } unicode_range;
typedef struct { uint32_t code; uint32_t folded; } unicode_simple_fold_entry;
typedef struct { uint32_t code; uint32_t offset; uint8_t length; } unicode_full_case_entry;

#define UNICODE_CHAR_VERSION "15.1.0"
#define UNICODE_ASSIGNED_RANGES_COUNT 707
static const unicode_range unicode_assigned_ranges[] = {
    {0x0000, 0x0377},
    {0x037A, 0x037F},
    {0x0384, 0x038A},
    {0x038C, 0x038C},
    {0x038E, 0x03A1},
    {0x03A3, 0x052F},
    {0x0531, 0x0556},
    {0x0559, 0x058A},
    {0x058D, 0x058F},
    {0x0591, 0x05C7},
    {0x05D0, 0x05EA},
    {0x05EF, 0x05F4},
    {0x0600, 0x070D},
    {0x070F, 0x074A},
    {0x074D, 0x07B1},
    {0x07C0, 0x07FA},
    {0x07FD, 0x082D},
    {0x0830, 0x083E},
    {0x0840, 0x085B},
    {0x085E, 0x085E},
    {0x0860, 0x086A},
    {0x0870, 0x088E},
    {0x0890, 0x0891},
    {0x0898, 0x0983},
    {0x0985, 0x098C},
    {0x098F, 0x0990},
    {0x0993, 0x09A8},
    {0x09AA, 0x09B0},
    {0x09B2, 0x09B2},
    {0x09B6, 0x09B9},
    {0x09BC, 0x09C4},
    {0x09C7, 0x09C8},
    {0x09CB, 0x09CE},
    {0x09D7, 0x09D7},
    {0x09DC, 0x09DD},
    {0x09DF, 0x09E3},
    {0x09E6, 0x09FE},
    {0x0A01, 0x0A03},
    {0x0A05, 0x0A0A},
    {0x0A0F, 0x0A10},
    {0x0A13, 0x0A28},
    {0x0A2A, 0x0A30},
    {0x0A32, 0x0A33},
    {0x0A35, 0x0A36},
    {0x0A38, 0x0A39},
    {0x0A3C, 0x0A3C},
    {0x0A3E, 0x0A42},
    {0x0A47, 0x0A48},
    {0x0A4B, 0x0A4D},
    {0x0A51, 0x0A51},
    {0x0A59, 0x0A5C},
    {0x0A5E, 0x0A5E},
    {0x0A66, 0x0A76},
    {0x0A81, 0x0A83},
    {0x0A85, 0x0A8D},
    {0x0A8F, 0x0A91},
    {0x0A93, 0x0AA8},
    {0x0AAA, 0x0AB0},
    {0x0AB2, 0x0AB3},
    {0x0AB5, 0x0AB9},
    {0x0ABC, 0x0AC5},
    {0x0AC7, 0x0AC9},
    {0x0ACB, 0x0ACD},
    {0x0AD0, 0x0AD0},
    {0x0AE0, 0x0AE3},
    {0x0AE6, 0x0AF1},
    {0x0AF9, 0x0AFF},
    {0x0B01, 0x0B03},
    {0x0B05, 0x0B0C},
    {0x0B0F, 0x0B10},
    {0x0B13, 0x0B28},
    {0x0B2A, 0x0B30},
    {0x0B32, 0x0B33},
    {0x0B35, 0x0B39},
    {0x0B3C, 0x0B44},
    {0x0B47, 0x0B48},
    {0x0B4B, 0x0B4D},
    {0x0B55, 0x0B57},
    {0x0B5C, 0x0B5D},
    {0x0B5F, 0x0B63},
    {0x0B66, 0x0B77},
    {0x0B82, 0x0B83},
    {0x0B85, 0x0B8A},
    {0x0B8E, 0x0B90},
    {0x0B92, 0x0B95},
    {0x0B99, 0x0B9A},
    {0x0B9C, 0x0B9C},
    {0x0B9E, 0x0B9F},
    {0x0BA3, 0x0BA4},
    {0x0BA8, 0x0BAA},
    {0x0BAE, 0x0BB9},
    {0x0BBE, 0x0BC2},
    {0x0BC6, 0x0BC8},
    {0x0BCA, 0x0BCD},
    {0x0BD0, 0x0BD0},
    {0x0BD7, 0x0BD7},
    {0x0BE6, 0x0BFA},
    {0x0C00, 0x0C0C},
    {0x0C0E, 0x0C10},
    {0x0C12, 0x0C28},
    {0x0C2A, 0x0C39},
    {0x0C3C, 0x0C44},
    {0x0C46, 0x0C48},
    {0x0C4A, 0x0C4D},
    {0x0C55, 0x0C56},
    {0x0C58, 0x0C5A},
    {0x0C5D, 0x0C5D},
    {0x0C60, 0x0C63},
    {0x0C66, 0x0C6F},
    {0x0C77, 0x0C8C},
    {0x0C8E, 0x0C90},
    {0x0C92, 0x0CA8},
    {0x0CAA, 0x0CB3},
    {0x0CB5, 0x0CB9},
    {0x0CBC, 0x0CC4},
    {0x0CC6, 0x0CC8},
    {0x0CCA, 0x0CCD},
    {0x0CD5, 0x0CD6},
    {0x0CDD, 0x0CDE},
    {0x0CE0, 0x0CE3},
    {0x0CE6, 0x0CEF},
    {0x0CF1, 0x0CF3},
    {0x0D00, 0x0D0C},
    {0x0D0E, 0x0D10},
    {0x0D12, 0x0D44},
    {0x0D46, 0x0D48},
    {0x0D4A, 0x0D4F},
    {0x0D54, 0x0D63},
    {0x0D66, 0x0D7F},
    {0x0D81, 0x0D83},
    {0x0D85, 0x0D96},
    {0x0D9A, 0x0DB1},
    {0x0DB3, 0x0DBB},
    {0x0DBD, 0x0DBD},
    {0x0DC0, 0x0DC6},
    {0x0DCA, 0x0DCA},
    {0x0DCF, 0x0DD4},
    {0x0DD6, 0x0DD6},
    {0x0DD8, 0x0DDF},
    {0x0DE6, 0x0DEF},
    {0x0DF2, 0x0DF4},
    {0x0E01, 0x0E3A},
    {0x0E3F, 0x0E5B},
    {0x0E81, 0x0E82},
    {0x0E84, 0x0E84},
    {0x0E86, 0x0E8A},
    {0x0E8C, 0x0EA3},
    {0x0EA5, 0x0EA5},
    {0x0EA7, 0x0EBD},
    {0x0EC0, 0x0EC4},
    {0x0EC6, 0x0EC6},
    {0x0EC8, 0x0ECE},
    {0x0ED0, 0x0ED9},
    {0x0EDC, 0x0EDF},
    {0x0F00, 0x0F47},
    {0x0F49, 0x0F6C},
    {0x0F71, 0x0F97},
    {0x0F99, 0x0FBC},
    {0x0FBE, 0x0FCC},
    {0x0FCE, 0x0FDA},
    {0x1000, 0x10C5},
    {0x10C7, 0x10C7},
    {0x10CD, 0x10CD},
    {0x10D0, 0x1248},
    {0x124A, 0x124D},
    {0x1250, 0x1256},
    {0x1258, 0x1258},
    {0x125A, 0x125D},
    {0x1260, 0x1288},
    {0x128A, 0x128D},
    {0x1290, 0x12B0},
    {0x12B2, 0x12B5},
    {0x12B8, 0x12BE},
    {0x12C0, 0x12C0},
    {0x12C2, 0x12C5},
    {0x12C8, 0x12D6},
    {0x12D8, 0x1310},
    {0x1312, 0x1315},
    {0x1318, 0x135A},
    {0x135D, 0x137C},
    {0x1380, 0x1399},
    {0x13A0, 0x13F5},
    {0x13F8, 0x13FD},
    {0x1400, 0x169C},
    {0x16A0, 0x16F8},
    {0x1700, 0x1715},
    {0x171F, 0x1736},
    {0x1740, 0x1753},
    {0x1760, 0x176C},
    {0x176E, 0x1770},
    {0x1772, 0x1773},
    {0x1780, 0x17DD},
    {0x17E0, 0x17E9},
    {0x17F0, 0x17F9},
    {0x1800, 0x1819},
    {0x1820, 0x1878},
    {0x1880, 0x18AA},
    {0x18B0, 0x18F5},
    {0x1900, 0x191E},
    {0x1920, 0x192B},
    {0x1930, 0x193B},
    {0x1940, 0x1940},
    {0x1944, 0x196D},
    {0x1970, 0x1974},
    {0x1980, 0x19AB},
    {0x19B0, 0x19C9},
    {0x19D0, 0x19DA},
    {0x19DE, 0x1A1B},
    {0x1A1E, 0x1A5E},
    {0x1A60, 0x1A7C},
    {0x1A7F, 0x1A89},
    {0x1A90, 0x1A99},
    {0x1AA0, 0x1AAD},
    {0x1AB0, 0x1ACE},
    {0x1B00, 0x1B4C},
    {0x1B50, 0x1B7E},
    {0x1B80, 0x1BF3},
    {0x1BFC, 0x1C37},
    {0x1C3B, 0x1C49},
    {0x1C4D, 0x1C88},
    {0x1C90, 0x1CBA},
    {0x1CBD, 0x1CC7},
    {0x1CD0, 0x1CFA},
    {0x1D00, 0x1F15},
    {0x1F18, 0x1F1D},
    {0x1F20, 0x1F45},
    {0x1F48, 0x1F4D},
    {0x1F50, 0x1F57},
    {0x1F59, 0x1F59},
    {0x1F5B, 0x1F5B},
    {0x1F5D, 0x1F5D},
    {0x1F5F, 0x1F7D},
    {0x1F80, 0x1FB4},
    {0x1FB6, 0x1FC4},
    {0x1FC6, 0x1FD3},
    {0x1FD6, 0x1FDB},
    {0x1FDD, 0x1FEF},
    {0x1FF2, 0x1FF4},
    {0x1FF6, 0x1FFE},
    {0x2000, 0x2064},
    {0x2066, 0x2071},
    {0x2074, 0x208E},
    {0x2090, 0x209C},
    {0x20A0, 0x20C0},
    {0x20D0, 0x20F0},
    {0x2100, 0x218B},
    {0x2190, 0x2426},
    {0x2440, 0x244A},
    {0x2460, 0x2B73},
    {0x2B76, 0x2B95},
    {0x2B97, 0x2CF3},
    {0x2CF9, 0x2D25},
    {0x2D27, 0x2D27},
    {0x2D2D, 0x2D2D},
    {0x2D30, 0x2D67},
    {0x2D6F, 0x2D70},
    {0x2D7F, 0x2D96},
    {0x2DA0, 0x2DA6},
    {0x2DA8, 0x2DAE},
    {0x2DB0, 0x2DB6},
    {0x2DB8, 0x2DBE},
    {0x2DC0, 0x2DC6},
    {0x2DC8, 0x2DCE},
    {0x2DD0, 0x2DD6},
    {0x2DD8, 0x2DDE},
    {0x2DE0, 0x2E5D},
    {0x2E80, 0x2E99},
    {0x2E9B, 0x2EF3},
    {0x2F00, 0x2FD5},
    {0x2FF0, 0x303F},
    {0x3041, 0x3096},
    {0x3099, 0x30FF},
    {0x3105, 0x312F},
    {0x3131, 0x318E},
    {0x3190, 0x31E3},
    {0x31EF, 0x321E},
    {0x3220, 0xA48C},
    {0xA490, 0xA4C6},
    {0xA4D0, 0xA62B},
    {0xA640, 0xA6F7},
    {0xA700, 0xA7CA},
    {0xA7D0, 0xA7D1},
    {0xA7D3, 0xA7D3},
    {0xA7D5, 0xA7D9},
    {0xA7F2, 0xA82C},
    {0xA830, 0xA839},
    {0xA840, 0xA877},
    {0xA880, 0xA8C5},
    {0xA8CE, 0xA8D9},
    {0xA8E0, 0xA953},
    {0xA95F, 0xA97C},
    {0xA980, 0xA9CD},
    {0xA9CF, 0xA9D9},
    {0xA9DE, 0xA9FE},
    {0xAA00, 0xAA36},
    {0xAA40, 0xAA4D},
    {0xAA50, 0xAA59},
    {0xAA5C, 0xAAC2},
    {0xAADB, 0xAAF6},
    {0xAB01, 0xAB06},
    {0xAB09, 0xAB0E},
    {0xAB11, 0xAB16},
    {0xAB20, 0xAB26},
    {0xAB28, 0xAB2E},
    {0xAB30, 0xAB6B},
    {0xAB70, 0xABED},
    {0xABF0, 0xABF9},
    {0xAC00, 0xD7A3},
    {0xD7B0, 0xD7C6},
    {0xD7CB, 0xD7FB},
    {0xE000, 0xFA6D},
    {0xFA70, 0xFAD9},
    {0xFB00, 0xFB06},
    {0xFB13, 0xFB17},
    {0xFB1D, 0xFB36},
    {0xFB38, 0xFB3C},
    {0xFB3E, 0xFB3E},
    {0xFB40, 0xFB41},
    {0xFB43, 0xFB44},
    {0xFB46, 0xFBC2},
    {0xFBD3, 0xFD8F},
    {0xFD92, 0xFDC7},
    {0xFDCF, 0xFDCF},
    {0xFDF0, 0xFE19},
    {0xFE20, 0xFE52},
    {0xFE54, 0xFE66},
    {0xFE68, 0xFE6B},
    {0xFE70, 0xFE74},
    {0xFE76, 0xFEFC},
    {0xFEFF, 0xFEFF},
    {0xFF01, 0xFFBE},
    {0xFFC2, 0xFFC7},
    {0xFFCA, 0xFFCF},
    {0xFFD2, 0xFFD7},
    {0xFFDA, 0xFFDC},
    {0xFFE0, 0xFFE6},
    {0xFFE8, 0xFFEE},
    {0xFFF9, 0xFFFD},
    {0x10000, 0x1000B},
    {0x1000D, 0x10026},
    {0x10028, 0x1003A},
    {0x1003C, 0x1003D},
    {0x1003F, 0x1004D},
    {0x10050, 0x1005D},
    {0x10080, 0x100FA},
    {0x10100, 0x10102},
    {0x10107, 0x10133},
    {0x10137, 0x1018E},
    {0x10190, 0x1019C},
    {0x101A0, 0x101A0},
    {0x101D0, 0x101FD},
    {0x10280, 0x1029C},
    {0x102A0, 0x102D0},
    {0x102E0, 0x102FB},
    {0x10300, 0x10323},
    {0x1032D, 0x1034A},
    {0x10350, 0x1037A},
    {0x10380, 0x1039D},
    {0x1039F, 0x103C3},
    {0x103C8, 0x103D5},
    {0x10400, 0x1049D},
    {0x104A0, 0x104A9},
    {0x104B0, 0x104D3},
    {0x104D8, 0x104FB},
    {0x10500, 0x10527},
    {0x10530, 0x10563},
    {0x1056F, 0x1057A},
    {0x1057C, 0x1058A},
    {0x1058C, 0x10592},
    {0x10594, 0x10595},
    {0x10597, 0x105A1},
    {0x105A3, 0x105B1},
    {0x105B3, 0x105B9},
    {0x105BB, 0x105BC},
    {0x10600, 0x10736},
    {0x10740, 0x10755},
    {0x10760, 0x10767},
    {0x10780, 0x10785},
    {0x10787, 0x107B0},
    {0x107B2, 0x107BA},
    {0x10800, 0x10805},
    {0x10808, 0x10808},
    {0x1080A, 0x10835},
    {0x10837, 0x10838},
    {0x1083C, 0x1083C},
    {0x1083F, 0x10855},
    {0x10857, 0x1089E},
    {0x108A7, 0x108AF},
    {0x108E0, 0x108F2},
    {0x108F4, 0x108F5},
    {0x108FB, 0x1091B},
    {0x1091F, 0x10939},
    {0x1093F, 0x1093F},
    {0x10980, 0x109B7},
    {0x109BC, 0x109CF},
    {0x109D2, 0x10A03},
    {0x10A05, 0x10A06},
    {0x10A0C, 0x10A13},
    {0x10A15, 0x10A17},
    {0x10A19, 0x10A35},
    {0x10A38, 0x10A3A},
    {0x10A3F, 0x10A48},
    {0x10A50, 0x10A58},
    {0x10A60, 0x10A9F},
    {0x10AC0, 0x10AE6},
    {0x10AEB, 0x10AF6},
    {0x10B00, 0x10B35},
    {0x10B39, 0x10B55},
    {0x10B58, 0x10B72},
    {0x10B78, 0x10B91},
    {0x10B99, 0x10B9C},
    {0x10BA9, 0x10BAF},
    {0x10C00, 0x10C48},
    {0x10C80, 0x10CB2},
    {0x10CC0, 0x10CF2},
    {0x10CFA, 0x10D27},
    {0x10D30, 0x10D39},
    {0x10E60, 0x10E7E},
    {0x10E80, 0x10EA9},
    {0x10EAB, 0x10EAD},
    {0x10EB0, 0x10EB1},
    {0x10EFD, 0x10F27},
    {0x10F30, 0x10F59},
    {0x10F70, 0x10F89},
    {0x10FB0, 0x10FCB},
    {0x10FE0, 0x10FF6},
    {0x11000, 0x1104D},
    {0x11052, 0x11075},
    {0x1107F, 0x110C2},
    {0x110CD, 0x110CD},
    {0x110D0, 0x110E8},
    {0x110F0, 0x110F9},
    {0x11100, 0x11134},
    {0x11136, 0x11147},
    {0x11150, 0x11176},
    {0x11180, 0x111DF},
    {0x111E1, 0x111F4},
    {0x11200, 0x11211},
    {0x11213, 0x11241},
    {0x11280, 0x11286},
    {0x11288, 0x11288},
    {0x1128A, 0x1128D},
    {0x1128F, 0x1129D},
    {0x1129F, 0x112A9},
    {0x112B0, 0x112EA},
    {0x112F0, 0x112F9},
    {0x11300, 0x11303},
    {0x11305, 0x1130C},
    {0x1130F, 0x11310},
    {0x11313, 0x11328},
    {0x1132A, 0x11330},
    {0x11332, 0x11333},
    {0x11335, 0x11339},
    {0x1133B, 0x11344},
    {0x11347, 0x11348},
    {0x1134B, 0x1134D},
    {0x11350, 0x11350},
    {0x11357, 0x11357},
    {0x1135D, 0x11363},
    {0x11366, 0x1136C},
    {0x11370, 0x11374},
    {0x11400, 0x1145B},
    {0x1145D, 0x11461},
    {0x11480, 0x114C7},
    {0x114D0, 0x114D9},
    {0x11580, 0x115B5},
    {0x115B8, 0x115DD},
    {0x11600, 0x11644},
    {0x11650, 0x11659},
    {0x11660, 0x1166C},
    {0x11680, 0x116B9},
    {0x116C0, 0x116C9},
    {0x11700, 0x1171A},
    {0x1171D, 0x1172B},
    {0x11730, 0x11746},
    {0x11800, 0x1183B},
    {0x118A0, 0x118F2},
    {0x118FF, 0x11906},
    {0x11909, 0x11909},
    {0x1190C, 0x11913},
    {0x11915, 0x11916},
    {0x11918, 0x11935},
    {0x11937, 0x11938},
    {0x1193B, 0x11946},
    {0x11950, 0x11959},
    {0x119A0, 0x119A7},
    {0x119AA, 0x119D7},
    {0x119DA, 0x119E4},
    {0x11A00, 0x11A47},
    {0x11A50, 0x11AA2},
    {0x11AB0, 0x11AF8},
    {0x11B00, 0x11B09},
    {0x11C00, 0x11C08},
    {0x11C0A, 0x11C36},
    {0x11C38, 0x11C45},
    {0x11C50, 0x11C6C},
    {0x11C70, 0x11C8F},
    {0x11C92, 0x11CA7},
    {0x11CA9, 0x11CB6},
    {0x11D00, 0x11D06},
    {0x11D08, 0x11D09},
    {0x11D0B, 0x11D36},
    {0x11D3A, 0x11D3A},
    {0x11D3C, 0x11D3D},
    {0x11D3F, 0x11D47},
    {0x11D50, 0x11D59},
    {0x11D60, 0x11D65},
    {0x11D67, 0x11D68},
    {0x11D6A, 0x11D8E},
    {0x11D90, 0x11D91},
    {0x11D93, 0x11D98},
    {0x11DA0, 0x11DA9},
    {0x11EE0, 0x11EF8},
    {0x11F00, 0x11F10},
    {0x11F12, 0x11F3A},
    {0x11F3E, 0x11F59},
    {0x11FB0, 0x11FB0},
    {0x11FC0, 0x11FF1},
    {0x11FFF, 0x12399},
    {0x12400, 0x1246E},
    {0x12470, 0x12474},
    {0x12480, 0x12543},
    {0x12F90, 0x12FF2},
    {0x13000, 0x13455},
    {0x14400, 0x14646},
    {0x16800, 0x16A38},
    {0x16A40, 0x16A5E},
    {0x16A60, 0x16A69},
    {0x16A6E, 0x16ABE},
    {0x16AC0, 0x16AC9},
    {0x16AD0, 0x16AED},
    {0x16AF0, 0x16AF5},
    {0x16B00, 0x16B45},
    {0x16B50, 0x16B59},
    {0x16B5B, 0x16B61},
    {0x16B63, 0x16B77},
    {0x16B7D, 0x16B8F},
    {0x16E40, 0x16E9A},
    {0x16F00, 0x16F4A},
    {0x16F4F, 0x16F87},
    {0x16F8F, 0x16F9F},
    {0x16FE0, 0x16FE4},
    {0x16FF0, 0x16FF1},
    {0x17000, 0x187F7},
    {0x18800, 0x18CD5},
    {0x18D00, 0x18D08},
    {0x1AFF0, 0x1AFF3},
    {0x1AFF5, 0x1AFFB},
    {0x1AFFD, 0x1AFFE},
    {0x1B000, 0x1B122},
    {0x1B132, 0x1B132},
    {0x1B150, 0x1B152},
    {0x1B155, 0x1B155},
    {0x1B164, 0x1B167},
    {0x1B170, 0x1B2FB},
    {0x1BC00, 0x1BC6A},
    {0x1BC70, 0x1BC7C},
    {0x1BC80, 0x1BC88},
    {0x1BC90, 0x1BC99},
    {0x1BC9C, 0x1BCA3},
    {0x1CF00, 0x1CF2D},
    {0x1CF30, 0x1CF46},
    {0x1CF50, 0x1CFC3},
    {0x1D000, 0x1D0F5},
    {0x1D100, 0x1D126},
    {0x1D129, 0x1D1EA},
    {0x1D200, 0x1D245},
    {0x1D2C0, 0x1D2D3},
    {0x1D2E0, 0x1D2F3},
    {0x1D300, 0x1D356},
    {0x1D360, 0x1D378},
    {0x1D400, 0x1D454},
    {0x1D456, 0x1D49C},
    {0x1D49E, 0x1D49F},
    {0x1D4A2, 0x1D4A2},
    {0x1D4A5, 0x1D4A6},
    {0x1D4A9, 0x1D4AC},
    {0x1D4AE, 0x1D4B9},
    {0x1D4BB, 0x1D4BB},
    {0x1D4BD, 0x1D4C3},
    {0x1D4C5, 0x1D505},
    {0x1D507, 0x1D50A},
    {0x1D50D, 0x1D514},
    {0x1D516, 0x1D51C},
    {0x1D51E, 0x1D539},
    {0x1D53B, 0x1D53E},
    {0x1D540, 0x1D544},
    {0x1D546, 0x1D546},
    {0x1D54A, 0x1D550},
    {0x1D552, 0x1D6A5},
    {0x1D6A8, 0x1D7CB},
    {0x1D7CE, 0x1DA8B},
    {0x1DA9B, 0x1DA9F},
    {0x1DAA1, 0x1DAAF},
    {0x1DF00, 0x1DF1E},
    {0x1DF25, 0x1DF2A},
    {0x1E000, 0x1E006},
    {0x1E008, 0x1E018},
    {0x1E01B, 0x1E021},
    {0x1E023, 0x1E024},
    {0x1E026, 0x1E02A},
    {0x1E030, 0x1E06D},
    {0x1E08F, 0x1E08F},
    {0x1E100, 0x1E12C},
    {0x1E130, 0x1E13D},
    {0x1E140, 0x1E149},
    {0x1E14E, 0x1E14F},
    {0x1E290, 0x1E2AE},
    {0x1E2C0, 0x1E2F9},
    {0x1E2FF, 0x1E2FF},
    {0x1E4D0, 0x1E4F9},
    {0x1E7E0, 0x1E7E6},
    {0x1E7E8, 0x1E7EB},
    {0x1E7ED, 0x1E7EE},
    {0x1E7F0, 0x1E7FE},
    {0x1E800, 0x1E8C4},
    {0x1E8C7, 0x1E8D6},
    {0x1E900, 0x1E94B},
    {0x1E950, 0x1E959},
    {0x1E95E, 0x1E95F},
    {0x1EC71, 0x1ECB4},
    {0x1ED01, 0x1ED3D},
    {0x1EE00, 0x1EE03},
    {0x1EE05, 0x1EE1F},
    {0x1EE21, 0x1EE22},
    {0x1EE24, 0x1EE24},
    {0x1EE27, 0x1EE27},
    {0x1EE29, 0x1EE32},
    {0x1EE34, 0x1EE37},
    {0x1EE39, 0x1EE39},
    {0x1EE3B, 0x1EE3B},
    {0x1EE42, 0x1EE42},
    {0x1EE47, 0x1EE47},
    {0x1EE49, 0x1EE49},
    {0x1EE4B, 0x1EE4B},
    {0x1EE4D, 0x1EE4F},
    {0x1EE51, 0x1EE52},
    {0x1EE54, 0x1EE54},
    {0x1EE57, 0x1EE57},
    {0x1EE59, 0x1EE59},
    {0x1EE5B, 0x1EE5B},
    {0x1EE5D, 0x1EE5D},
    {0x1EE5F, 0x1EE5F},
    {0x1EE61, 0x1EE62},
    {0x1EE64, 0x1EE64},
    {0x1EE67, 0x1EE6A},
    {0x1EE6C, 0x1EE72},
    {0x1EE74, 0x1EE77},
    {0x1EE79, 0x1EE7C},
    {0x1EE7E, 0x1EE7E},
    {0x1EE80, 0x1EE89},
    {0x1EE8B, 0x1EE9B},
    {0x1EEA1, 0x1EEA3},
    {0x1EEA5, 0x1EEA9},
    {0x1EEAB, 0x1EEBB},
    {0x1EEF0, 0x1EEF1},
    {0x1F000, 0x1F02B},
    {0x1F030, 0x1F093},
    {0x1F0A0, 0x1F0AE},
    {0x1F0B1, 0x1F0BF},
    {0x1F0C1, 0x1F0CF},
    {0x1F0D1, 0x1F0F5},
    {0x1F100, 0x1F1AD},
    {0x1F1E6, 0x1F202},
    {0x1F210, 0x1F23B},
    {0x1F240, 0x1F248},
    {0x1F250, 0x1F251},
    {0x1F260, 0x1F265},
    {0x1F300, 0x1F6D7},
    {0x1F6DC, 0x1F6EC},
    {0x1F6F0, 0x1F6FC},
    {0x1F700, 0x1F776},
    {0x1F77B, 0x1F7D9},
    {0x1F7E0, 0x1F7EB},
    {0x1F7F0, 0x1F7F0},
    {0x1F800, 0x1F80B},
    {0x1F810, 0x1F847},
    {0x1F850, 0x1F859},
    {0x1F860, 0x1F887},
    {0x1F890, 0x1F8AD},
    {0x1F8B0, 0x1F8B1},
    {0x1F900, 0x1FA53},
    {0x1FA60, 0x1FA6D},
    {0x1FA70, 0x1FA7C},
    {0x1FA80, 0x1FA88},
    {0x1FA90, 0x1FABD},
    {0x1FABF, 0x1FAC5},
    {0x1FACE, 0x1FADB},
    {0x1FAE0, 0x1FAE8},
    {0x1FAF0, 0x1FAF8},
    {0x1FB00, 0x1FB92},
    {0x1FB94, 0x1FBCA},
    {0x1FBF0, 0x1FBF9},
    {0x20000, 0x2A6DF},
    {0x2A700, 0x2B739},
    {0x2B740, 0x2B81D},
    {0x2B820, 0x2CEA1},
    {0x2CEB0, 0x2EBE0},
    {0x2EBF0, 0x2EE5D},
    {0x2F800, 0x2FA1D},
    {0x30000, 0x3134A},
    {0x31350, 0x323AF},
    {0xE0001, 0xE0001},
    {0xE0020, 0xE007F},
    {0xE0100, 0xE01EF},
    {0xF0000, 0xFFFFD},
    {0x100000, 0x10FFFD},
};

#define UNICODE_ALPHABETIC_RANGES_COUNT 733
static const unicode_range unicode_alphabetic_ranges[] = {
    {0x0041, 0x005A},
    {0x0061, 0x007A},
    {0x00AA, 0x00AA},
    {0x00B5, 0x00B5},
    {0x00BA, 0x00BA},
    {0x00C0, 0x00D6},
    {0x00D8, 0x00F6},
    {0x00F8, 0x02C1},
    {0x02C6, 0x02D1},
    {0x02E0, 0x02E4},
    {0x02EC, 0x02EC},
    {0x02EE, 0x02EE},
    {0x0345, 0x0345},
    {0x0370, 0x0374},
    {0x0376, 0x0377},
    {0x037A, 0x037D},
    {0x037F, 0x037F},
    {0x0386, 0x0386},
    {0x0388, 0x038A},
    {0x038C, 0x038C},
    {0x038E, 0x03A1},
    {0x03A3, 0x03F5},
    {0x03F7, 0x0481},
    {0x048A, 0x052F},
    {0x0531, 0x0556},
    {0x0559, 0x0559},
    {0x0560, 0x0588},
    {0x05B0, 0x05BD},
    {0x05BF, 0x05BF},
    {0x05C1, 0x05C2},
    {0x05C4, 0x05C5},
    {0x05C7, 0x05C7},
    {0x05D0, 0x05EA},
    {0x05EF, 0x05F2},
    {0x0610, 0x061A},
    {0x0620, 0x0657},
    {0x0659, 0x065F},
    {0x066E, 0x06D3},
    {0x06D5, 0x06DC},
    {0x06E1, 0x06E8},
    {0x06ED, 0x06EF},
    {0x06FA, 0x06FC},
    {0x06FF, 0x06FF},
    {0x0710, 0x073F},
    {0x074D, 0x07B1},
    {0x07CA, 0x07EA},
    {0x07F4, 0x07F5},
    {0x07FA, 0x07FA},
    {0x0800, 0x0817},
    {0x081A, 0x082C},
    {0x0840, 0x0858},
    {0x0860, 0x086A},
    {0x0870, 0x0887},
    {0x0889, 0x088E},
    {0x08A0, 0x08C9},
    {0x08D4, 0x08DF},
    {0x08E3, 0x08E9},
    {0x08F0, 0x093B},
    {0x093D, 0x094C},
    {0x094E, 0x0950},
    {0x0955, 0x0963},
    {0x0971, 0x0983},
    {0x0985, 0x098C},
    {0x098F, 0x0990},
    {0x0993, 0x09A8},
    {0x09AA, 0x09B0},
    {0x09B2, 0x09B2},
    {0x09B6, 0x09B9},
    {0x09BD, 0x09C4},
    {0x09C7, 0x09C8},
    {0x09CB, 0x09CC},
    {0x09CE, 0x09CE},
    {0x09D7, 0x09D7},
    {0x09DC, 0x09DD},
    {0x09DF, 0x09E3},
    {0x09F0, 0x09F1},
    {0x09FC, 0x09FC},
    {0x0A01, 0x0A03},
    {0x0A05, 0x0A0A},
    {0x0A0F, 0x0A10},
    {0x0A13, 0x0A28},
    {0x0A2A, 0x0A30},
    {0x0A32, 0x0A33},
    {0x0A35, 0x0A36},
    {0x0A38, 0x0A39},
    {0x0A3E, 0x0A42},
    {0x0A47, 0x0A48},
    {0x0A4B, 0x0A4C},
    {0x0A51, 0x0A51},
    {0x0A59, 0x0A5C},
    {0x0A5E, 0x0A5E},
    {0x0A70, 0x0A75},
    {0x0A81, 0x0A83},
    {0x0A85, 0x0A8D},
    {0x0A8F, 0x0A91},
    {0x0A93, 0x0AA8},
    {0x0AAA, 0x0AB0},
    {0x0AB2, 0x0AB3},
    {0x0AB5, 0x0AB9},
    {0x0ABD, 0x0AC5},
    {0x0AC7, 0x0AC9},
    {0x0ACB, 0x0ACC},
    {0x0AD0, 0x0AD0},
    {0x0AE0, 0x0AE3},
    {0x0AF9, 0x0AFC},
    {0x0B01, 0x0B03},
    {0x0B05, 0x0B0C},
    {0x0B0F, 0x0B10},
    {0x0B13, 0x0B28},
    {0x0B2A, 0x0B30},
    {0x0B32, 0x0B33},
    {0x0B35, 0x0B39},
    {0x0B3D, 0x0B44},
    {0x0B47, 0x0B48},
    {0x0B4B, 0x0B4C},
    {0x0B56, 0x0B57},
    {0x0B5C, 0x0B5D},
    {0x0B5F, 0x0B63},
    {0x0B71, 0x0B71},
    {0x0B82, 0x0B83},
    {0x0B85, 0x0B8A},
    {0x0B8E, 0x0B90},
    {0x0B92, 0x0B95},
    {0x0B99, 0x0B9A},
    {0x0B9C, 0x0B9C},
    {0x0B9E, 0x0B9F},
    {0x0BA3, 0x0BA4},
    {0x0BA8, 0x0BAA},
    {0x0BAE, 0x0BB9},
    {0x0BBE, 0x0BC2},
    {0x0BC6, 0x0BC8},
    {0x0BCA, 0x0BCC},
    {0x0BD0, 0x0BD0},
    {0x0BD7, 0x0BD7},
    {0x0C00, 0x0C0C},
    {0x0C0E, 0x0C10},
    {0x0C12, 0x0C28},
    {0x0C2A, 0x0C39},
    {0x0C3D, 0x0C44},
    {0x0C46, 0x0C48},
    {0x0C4A, 0x0C4C},
    {0x0C55, 0x0C56},
    {0x0C58, 0x0C5A},
    {0x0C5D, 0x0C5D},
    {0x0C60, 0x0C63},
    {0x0C80, 0x0C83},
    {0x0C85, 0x0C8C},
    {0x0C8E, 0x0C90},
    {0x0C92, 0x0CA8},
    {0x0CAA, 0x0CB3},
    {0x0CB5, 0x0CB9},
    {0x0CBD, 0x0CC4},
    {0x0CC6, 0x0CC8},
    {0x0CCA, 0x0CCC},
    {0x0CD5, 0x0CD6},
    {0x0CDD, 0x0CDE},
    {0x0CE0, 0x0CE3},
    {0x0CF1, 0x0CF3},
    {0x0D00, 0x0D0C},
    {0x0D0E, 0x0D10},
    {0x0D12, 0x0D3A},
    {0x0D3D, 0x0D44},
    {0x0D46, 0x0D48},
    {0x0D4A, 0x0D4C},
    {0x0D4E, 0x0D4E},
    {0x0D54, 0x0D57},
    {0x0D5F, 0x0D63},
    {0x0D7A, 0x0D7F},
    {0x0D81, 0x0D83},
    {0x0D85, 0x0D96},
    {0x0D9A, 0x0DB1},
    {0x0DB3, 0x0DBB},
    {0x0DBD, 0x0DBD},
    {0x0DC0, 0x0DC6},
    {0x0DCF, 0x0DD4},
    {0x0DD6, 0x0DD6},
    {0x0DD8, 0x0DDF},
    {0x0DF2, 0x0DF3},
    {0x0E01, 0x0E3A},
    {0x0E40, 0x0E46},
    {0x0E4D, 0x0E4D},
    {0x0E81, 0x0E82},
    {0x0E84, 0x0E84},
    {0x0E86, 0x0E8A},
    {0x0E8C, 0x0EA3},
    {0x0EA5, 0x0EA5},
    {0x0EA7, 0x0EB9},
    {0x0EBB, 0x0EBD},
    {0x0EC0, 0x0EC4},
    {0x0EC6, 0x0EC6},
    {0x0ECD, 0x0ECD},
    {0x0EDC, 0x0EDF},
    {0x0F00, 0x0F00},
    {0x0F40, 0x0F47},
    {0x0F49, 0x0F6C},
    {0x0F71, 0x0F83},
    {0x0F88, 0x0F97},
    {0x0F99, 0x0FBC},
    {0x1000, 0x1036},
    {0x1038, 0x1038},
    {0x103B, 0x103F},
    {0x1050, 0x108F},
    {0x109A, 0x109D},
    {0x10A0, 0x10C5},
    {0x10C7, 0x10C7},
    {0x10CD, 0x10CD},
    {0x10D0, 0x10FA},
    {0x10FC, 0x1248},
    {0x124A, 0x124D},
    {0x1250, 0x1256},
    {0x1258, 0x1258},
    {0x125A, 0x125D},
    {0x1260, 0x1288},
    {0x128A, 0x128D},
    {0x1290, 0x12B0},
    {0x12B2, 0x12B5},
    {0x12B8, 0x12BE},
    {0x12C0, 0x12C0},
    {0x12C2, 0x12C5},
    {0x12C8, 0x12D6},
    {0x12D8, 0x1310},
    {0x1312, 0x1315},
    {0x1318, 0x135A},
    {0x1380, 0x138F},
    {0x13A0, 0x13F5},
    {0x13F8, 0x13FD},
    {0x1401, 0x166C},
    {0x166F, 0x167F},
    {0x1681, 0x169A},
    {0x16A0, 0x16EA},
    {0x16EE, 0x16F8},
    {0x1700, 0x1713},
    {0x171F, 0x1733},
    {0x1740, 0x1753},
    {0x1760, 0x176C},
    {0x176E, 0x1770},
    {0x1772, 0x1773},
    {0x1780, 0x17B3},
    {0x17B6, 0x17C8},
    {0x17D7, 0x17D7},
    {0x17DC, 0x17DC},
    {0x1820, 0x1878},
    {0x1880, 0x18AA},
    {0x18B0, 0x18F5},
    {0x1900, 0x191E},
    {0x1920, 0x192B},
    {0x1930, 0x1938},
    {0x1950, 0x196D},
    {0x1970, 0x1974},
    {0x1980, 0x19AB},
    {0x19B0, 0x19C9},
    {0x1A00, 0x1A1B},
    {0x1A20, 0x1A5E},
    {0x1A61, 0x1A74},
    {0x1AA7, 0x1AA7},
    {0x1ABF, 0x1AC0},
    {0x1ACC, 0x1ACE},
    {0x1B00, 0x1B33},
    {0x1B35, 0x1B43},
    {0x1B45, 0x1B4C},
    {0x1B80, 0x1BA9},
    {0x1BAC, 0x1BAF},
    {0x1BBA, 0x1BE5},
    {0x1BE7, 0x1BF1},
    {0x1C00, 0x1C36},
    {0x1C4D, 0x1C4F},
    {0x1C5A, 0x1C7D},
    {0x1C80, 0x1C88},
    {0x1C90, 0x1CBA},
    {0x1CBD, 0x1CBF},
    {0x1CE9, 0x1CEC},
    {0x1CEE, 0x1CF3},
    {0x1CF5, 0x1CF6},
    {0x1CFA, 0x1CFA},
    {0x1D00, 0x1DBF},
    {0x1DE7, 0x1DF4},
    {0x1E00, 0x1F15},
    {0x1F18, 0x1F1D},
    {0x1F20, 0x1F45},
    {0x1F48, 0x1F4D},
    {0x1F50, 0x1F57},
    {0x1F59, 0x1F59},
    {0x1F5B, 0x1F5B},
    {0x1F5D, 0x1F5D},
    {0x1F5F, 0x1F7D},
    {0x1F80, 0x1FB4},
    {0x1FB6, 0x1FBC},
    {0x1FBE, 0x1FBE},
    {0x1FC2, 0x1FC4},
    {0x1FC6, 0x1FCC},
    {0x1FD0, 0x1FD3},
    {0x1FD6, 0x1FDB},
    {0x1FE0, 0x1FEC},
    {0x1FF2, 0x1FF4},
    {0x1FF6, 0x1FFC},
    {0x2071, 0x2071},
    {0x207F, 0x207F},
    {0x2090, 0x209C},
    {0x2102, 0x2102},
    {0x2107, 0x2107},
    {0x210A, 0x2113},
    {0x2115, 0x2115},
    {0x2119, 0x211D},
    {0x2124, 0x2124},
    {0x2126, 0x2126},
    {0x2128, 0x2128},
    {0x212A, 0x212D},
    {0x212F, 0x2139},
    {0x213C, 0x213F},
    {0x2145, 0x2149},
    {0x214E, 0x214E},
    {0x2160, 0x2188},
    {0x24B6, 0x24E9},
    {0x2C00, 0x2CE4},
    {0x2CEB, 0x2CEE},
    {0x2CF2, 0x2CF3},
    {0x2D00, 0x2D25},
    {0x2D27, 0x2D27},
    {0x2D2D, 0x2D2D},
    {0x2D30, 0x2D67},
    {0x2D6F, 0x2D6F},
    {0x2D80, 0x2D96},
    {0x2DA0, 0x2DA6},
    {0x2DA8, 0x2DAE},
    {0x2DB0, 0x2DB6},
    {0x2DB8, 0x2DBE},
    {0x2DC0, 0x2DC6},
    {0x2DC8, 0x2DCE},
    {0x2DD0, 0x2DD6},
    {0x2DD8, 0x2DDE},
    {0x2DE0, 0x2DFF},
    {0x2E2F, 0x2E2F},
    {0x3005, 0x3007},
    {0x3021, 0x3029},
    {0x3031, 0x3035},
    {0x3038, 0x303C},
    {0x3041, 0x3096},
    {0x309D, 0x309F},
    {0x30A1, 0x30FA},
    {0x30FC, 0x30FF},
    {0x3105, 0x312F},
    {0x3131, 0x318E},
    {0x31A0, 0x31BF},
    {0x31F0, 0x31FF},
    {0x3400, 0x4DBF},
    {0x4E00, 0xA48C},
    {0xA4D0, 0xA4FD},
    {0xA500, 0xA60C},
    {0xA610, 0xA61F},
    {0xA62A, 0xA62B},
    {0xA640, 0xA66E},
    {0xA674, 0xA67B},
    {0xA67F, 0xA6EF},
    {0xA717, 0xA71F},
    {0xA722, 0xA788},
    {0xA78B, 0xA7CA},
    {0xA7D0, 0xA7D1},
    {0xA7D3, 0xA7D3},
    {0xA7D5, 0xA7D9},
    {0xA7F2, 0xA805},
    {0xA807, 0xA827},
    {0xA840, 0xA873},
    {0xA880, 0xA8C3},
    {0xA8C5, 0xA8C5},
    {0xA8F2, 0xA8F7},
    {0xA8FB, 0xA8FB},
    {0xA8FD, 0xA8FF},
    {0xA90A, 0xA92A},
    {0xA930, 0xA952},
    {0xA960, 0xA97C},
    {0xA980, 0xA9B2},
    {0xA9B4, 0xA9BF},
    {0xA9CF, 0xA9CF},
    {0xA9E0, 0xA9EF},
    {0xA9FA, 0xA9FE},
    {0xAA00, 0xAA36},
    {0xAA40, 0xAA4D},
    {0xAA60, 0xAA76},
    {0xAA7A, 0xAABE},
    {0xAAC0, 0xAAC0},
    {0xAAC2, 0xAAC2},
    {0xAADB, 0xAADD},
    {0xAAE0, 0xAAEF},
    {0xAAF2, 0xAAF5},
    {0xAB01, 0xAB06},
    {0xAB09, 0xAB0E},
    {0xAB11, 0xAB16},
    {0xAB20, 0xAB26},
    {0xAB28, 0xAB2E},
    {0xAB30, 0xAB5A},
    {0xAB5C, 0xAB69},
    {0xAB70, 0xABEA},
    {0xAC00, 0xD7A3},
    {0xD7B0, 0xD7C6},
    {0xD7CB, 0xD7FB},
    {0xF900, 0xFA6D},
    {0xFA70, 0xFAD9},
    {0xFB00, 0xFB06},
    {0xFB13, 0xFB17},
    {0xFB1D, 0xFB28},
    {0xFB2A, 0xFB36},
    {0xFB38, 0xFB3C},
    {0xFB3E, 0xFB3E},
    {0xFB40, 0xFB41},
    {0xFB43, 0xFB44},
    {0xFB46, 0xFBB1},
    {0xFBD3, 0xFD3D},
    {0xFD50, 0xFD8F},
    {0xFD92, 0xFDC7},
    {0xFDF0, 0xFDFB},
    {0xFE70, 0xFE74},
    {0xFE76, 0xFEFC},
    {0xFF21, 0xFF3A},
    {0xFF41, 0xFF5A},
    {0xFF66, 0xFFBE},
    {0xFFC2, 0xFFC7},
    {0xFFCA, 0xFFCF},
    {0xFFD2, 0xFFD7},
    {0xFFDA, 0xFFDC},
    {0x10000, 0x1000B},
    {0x1000D, 0x10026},
    {0x10028, 0x1003A},
    {0x1003C, 0x1003D},
    {0x1003F, 0x1004D},
    {0x10050, 0x1005D},
    {0x10080, 0x100FA},
    {0x10140, 0x10174},
    {0x10280, 0x1029C},
    {0x102A0, 0x102D0},
    {0x10300, 0x1031F},
    {0x1032D, 0x1034A},
    {0x10350, 0x1037A},
    {0x10380, 0x1039D},
    {0x103A0, 0x103C3},
    {0x103C8, 0x103CF},
    {0x103D1, 0x103D5},
    {0x10400, 0x1049D},
    {0x104B0, 0x104D3},
    {0x104D8, 0x104FB},
    {0x10500, 0x10527},
    {0x10530, 0x10563},
    {0x10570, 0x1057A},
    {0x1057C, 0x1058A},
    {0x1058C, 0x10592},
    {0x10594, 0x10595},
    {0x10597, 0x105A1},
    {0x105A3, 0x105B1},
    {0x105B3, 0x105B9},
    {0x105BB, 0x105BC},
    {0x10600, 0x10736},
    {0x10740, 0x10755},
    {0x10760, 0x10767},
    {0x10780, 0x10785},
    {0x10787, 0x107B0},
    {0x107B2, 0x107BA},
    {0x10800, 0x10805},
    {0x10808, 0x10808},
    {0x1080A, 0x10835},
    {0x10837, 0x10838},
    {0x1083C, 0x1083C},
    {0x1083F, 0x10855},
    {0x10860, 0x10876},
    {0x10880, 0x1089E},
    {0x108E0, 0x108F2},
    {0x108F4, 0x108F5},
    {0x10900, 0x10915},
    {0x10920, 0x10939},
    {0x10980, 0x109B7},
    {0x109BE, 0x109BF},
    {0x10A00, 0x10A03},
    {0x10A05, 0x10A06},
    {0x10A0C, 0x10A13},
    {0x10A15, 0x10A17},
    {0x10A19, 0x10A35},
    {0x10A60, 0x10A7C},
    {0x10A80, 0x10A9C},
    {0x10AC0, 0x10AC7},
    {0x10AC9, 0x10AE4},
    {0x10B00, 0x10B35},
    {0x10B40, 0x10B55},
    {0x10B60, 0x10B72},
    {0x10B80, 0x10B91},
    {0x10C00, 0x10C48},
    {0x10C80, 0x10CB2},
    {0x10CC0, 0x10CF2},
    {0x10D00, 0x10D27},
    {0x10E80, 0x10EA9},
    {0x10EAB, 0x10EAC},
    {0x10EB0, 0x10EB1},
    {0x10F00, 0x10F1C},
    {0x10F27, 0x10F27},
    {0x10F30, 0x10F45},
    {0x10F70, 0x10F81},
    {0x10FB0, 0x10FC4},
    {0x10FE0, 0x10FF6},
    {0x11000, 0x11045},
    {0x11071, 0x11075},
    {0x11080, 0x110B8},
    {0x110C2, 0x110C2},
    {0x110D0, 0x110E8},
    {0x11100, 0x11132},
    {0x11144, 0x11147},
    {0x11150, 0x11172},
    {0x11176, 0x11176},
    {0x11180, 0x111BF},
    {0x111C1, 0x111C4},
    {0x111CE, 0x111CF},
    {0x111DA, 0x111DA},
    {0x111DC, 0x111DC},
    {0x11200, 0x11211},
    {0x11213, 0x11234},
    {0x11237, 0x11237},
    {0x1123E, 0x11241},
    {0x11280, 0x11286},
    {0x11288, 0x11288},
    {0x1128A, 0x1128D},
    {0x1128F, 0x1129D},
    {0x1129F, 0x112A8},
    {0x112B0, 0x112E8},
    {0x11300, 0x11303},
    {0x11305, 0x1130C},
    {0x1130F, 0x11310},
    {0x11313, 0x11328},
    {0x1132A, 0x11330},
    {0x11332, 0x11333},
    {0x11335, 0x11339},
    {0x1133D, 0x11344},
    {0x11347, 0x11348},
    {0x1134B, 0x1134C},
    {0x11350, 0x11350},
    {0x11357, 0x11357},
    {0x1135D, 0x11363},
    {0x11400, 0x11441},
    {0x11443, 0x11445},
    {0x11447, 0x1144A},
    {0x1145F, 0x11461},
    {0x11480, 0x114C1},
    {0x114C4, 0x114C5},
    {0x114C7, 0x114C7},
    {0x11580, 0x115B5},
    {0x115B8, 0x115BE},
    {0x115D8, 0x115DD},
    {0x11600, 0x1163E},
    {0x11640, 0x11640},
    {0x11644, 0x11644},
    {0x11680, 0x116B5},
    {0x116B8, 0x116B8},
    {0x11700, 0x1171A},
    {0x1171D, 0x1172A},
    {0x11740, 0x11746},
    {0x11800, 0x11838},
    {0x118A0, 0x118DF},
    {0x118FF, 0x11906},
    {0x11909, 0x11909},
    {0x1190C, 0x11913},
    {0x11915, 0x11916},
    {0x11918, 0x11935},
    {0x11937, 0x11938},
    {0x1193B, 0x1193C},
    {0x1193F, 0x11942},
    {0x119A0, 0x119A7},
    {0x119AA, 0x119D7},
    {0x119DA, 0x119DF},
    {0x119E1, 0x119E1},
    {0x119E3, 0x119E4},
    {0x11A00, 0x11A32},
    {0x11A35, 0x11A3E},
    {0x11A50, 0x11A97},
    {0x11A9D, 0x11A9D},
    {0x11AB0, 0x11AF8},
    {0x11C00, 0x11C08},
    {0x11C0A, 0x11C36},
    {0x11C38, 0x11C3E},
    {0x11C40, 0x11C40},
    {0x11C72, 0x11C8F},
    {0x11C92, 0x11CA7},
    {0x11CA9, 0x11CB6},
    {0x11D00, 0x11D06},
    {0x11D08, 0x11D09},
    {0x11D0B, 0x11D36},
    {0x11D3A, 0x11D3A},
    {0x11D3C, 0x11D3D},
    {0x11D3F, 0x11D41},
    {0x11D43, 0x11D43},
    {0x11D46, 0x11D47},
    {0x11D60, 0x11D65},
    {0x11D67, 0x11D68},
    {0x11D6A, 0x11D8E},
    {0x11D90, 0x11D91},
    {0x11D93, 0x11D96},
    {0x11D98, 0x11D98},
    {0x11EE0, 0x11EF6},
    {0x11F00, 0x11F10},
    {0x11F12, 0x11F3A},
    {0x11F3E, 0x11F40},
    {0x11FB0, 0x11FB0},
    {0x12000, 0x12399},
    {0x12400, 0x1246E},
    {0x12480, 0x12543},
    {0x12F90, 0x12FF0},
    {0x13000, 0x1342F},
    {0x13441, 0x13446},
    {0x14400, 0x14646},
    {0x16800, 0x16A38},
    {0x16A40, 0x16A5E},
    {0x16A70, 0x16ABE},
    {0x16AD0, 0x16AED},
    {0x16B00, 0x16B2F},
    {0x16B40, 0x16B43},
    {0x16B63, 0x16B77},
    {0x16B7D, 0x16B8F},
    {0x16E40, 0x16E7F},
    {0x16F00, 0x16F4A},
    {0x16F4F, 0x16F87},
    {0x16F8F, 0x16F9F},
    {0x16FE0, 0x16FE1},
    {0x16FE3, 0x16FE3},
    {0x16FF0, 0x16FF1},
    {0x17000, 0x187F7},
    {0x18800, 0x18CD5},
    {0x18D00, 0x18D08},
    {0x1AFF0, 0x1AFF3},
    {0x1AFF5, 0x1AFFB},
    {0x1AFFD, 0x1AFFE},
    {0x1B000, 0x1B122},
    {0x1B132, 0x1B132},
    {0x1B150, 0x1B152},
    {0x1B155, 0x1B155},
    {0x1B164, 0x1B167},
    {0x1B170, 0x1B2FB},
    {0x1BC00, 0x1BC6A},
    {0x1BC70, 0x1BC7C},
    {0x1BC80, 0x1BC88},
    {0x1BC90, 0x1BC99},
    {0x1BC9E, 0x1BC9E},
    {0x1D400, 0x1D454},
    {0x1D456, 0x1D49C},
    {0x1D49E, 0x1D49F},
    {0x1D4A2, 0x1D4A2},
    {0x1D4A5, 0x1D4A6},
    {0x1D4A9, 0x1D4AC},
    {0x1D4AE, 0x1D4B9},
    {0x1D4BB, 0x1D4BB},
    {0x1D4BD, 0x1D4C3},
    {0x1D4C5, 0x1D505},
    {0x1D507, 0x1D50A},
    {0x1D50D, 0x1D514},
    {0x1D516, 0x1D51C},
    {0x1D51E, 0x1D539},
    {0x1D53B, 0x1D53E},
    {0x1D540, 0x1D544},
    {0x1D546, 0x1D546},
    {0x1D54A, 0x1D550},
    {0x1D552, 0x1D6A5},
    {0x1D6A8, 0x1D6C0},
    {0x1D6C2, 0x1D6DA},
    {0x1D6DC, 0x1D6FA},
    {0x1D6FC, 0x1D714},
    {0x1D716, 0x1D734},
    {0x1D736, 0x1D74E},
    {0x1D750, 0x1D76E},
    {0x1D770, 0x1D788},
    {0x1D78A, 0x1D7A8},
    {0x1D7AA, 0x1D7C2},
    {0x1D7C4, 0x1D7CB},
    {0x1DF00, 0x1DF1E},
    {0x1DF25, 0x1DF2A},
    {0x1E000, 0x1E006},
    {0x1E008, 0x1E018},
    {0x1E01B, 0x1E021},
    {0x1E023, 0x1E024},
    {0x1E026, 0x1E02A},
    {0x1E030, 0x1E06D},
    {0x1E08F, 0x1E08F},
    {0x1E100, 0x1E12C},
    {0x1E137, 0x1E13D},
    {0x1E14E, 0x1E14E},
    {0x1E290, 0x1E2AD},
    {0x1E2C0, 0x1E2EB},
    {0x1E4D0, 0x1E4EB},
    {0x1E7E0, 0x1E7E6},
    {0x1E7E8, 0x1E7EB},
    {0x1E7ED, 0x1E7EE},
    {0x1E7F0, 0x1E7FE},
    {0x1E800, 0x1E8C4},
    {0x1E900, 0x1E943},
    {0x1E947, 0x1E947},
    {0x1E94B, 0x1E94B},
    {0x1EE00, 0x1EE03},
    {0x1EE05, 0x1EE1F},
    {0x1EE21, 0x1EE22},
    {0x1EE24, 0x1EE24},
    {0x1EE27, 0x1EE27},
    {0x1EE29, 0x1EE32},
    {0x1EE34, 0x1EE37},
    {0x1EE39, 0x1EE39},
    {0x1EE3B, 0x1EE3B},
    {0x1EE42, 0x1EE42},
    {0x1EE47, 0x1EE47},
    {0x1EE49, 0x1EE49},
    {0x1EE4B, 0x1EE4B},
    {0x1EE4D, 0x1EE4F},
    {0x1EE51, 0x1EE52},
    {0x1EE54, 0x1EE54},
    {0x1EE57, 0x1EE57},
    {0x1EE59, 0x1EE59},
    {0x1EE5B, 0x1EE5B},
    {0x1EE5D, 0x1EE5D},
    {0x1EE5F, 0x1EE5F},
    {0x1EE61, 0x1EE62},
    {0x1EE64, 0x1EE64},
    {0x1EE67, 0x1EE6A},
    {0x1EE6C, 0x1EE72},
    {0x1EE74, 0x1EE77},
    {0x1EE79, 0x1EE7C},
    {0x1EE7E, 0x1EE7E},
    {0x1EE80, 0x1EE89},
    {0x1EE8B, 0x1EE9B},
    {0x1EEA1, 0x1EEA3},
    {0x1EEA5, 0x1EEA9},
    {0x1EEAB, 0x1EEBB},
    {0x1F130, 0x1F149},
    {0x1F150, 0x1F169},
    {0x1F170, 0x1F189},
    {0x20000, 0x2A6DF},
    {0x2A700, 0x2B739},
    {0x2B740, 0x2B81D},
    {0x2B820, 0x2CEA1},
    {0x2CEB0, 0x2EBE0},
    {0x2EBF0, 0x2EE5D},
    {0x2F800, 0x2FA1D},
    {0x30000, 0x3134A},
    {0x31350, 0x323AF},
};

#define UNICODE_CASED_RANGES_COUNT 157
static const unicode_range unicode_cased_ranges[] = {
    {0x0041, 0x005A},
    {0x0061, 0x007A},
    {0x00AA, 0x00AA},
    {0x00B5, 0x00B5},
    {0x00BA, 0x00BA},
    {0x00C0, 0x00D6},
    {0x00D8, 0x00F6},
    {0x00F8, 0x01BA},
    {0x01BC, 0x01BF},
    {0x01C4, 0x0293},
    {0x0295, 0x02B8},
    {0x02C0, 0x02C1},
    {0x02E0, 0x02E4},
    {0x0345, 0x0345},
    {0x0370, 0x0373},
    {0x0376, 0x0377},
    {0x037A, 0x037D},
    {0x037F, 0x037F},
    {0x0386, 0x0386},
    {0x0388, 0x038A},
    {0x038C, 0x038C},
    {0x038E, 0x03A1},
    {0x03A3, 0x03F5},
    {0x03F7, 0x0481},
    {0x048A, 0x052F},
    {0x0531, 0x0556},
    {0x0560, 0x0588},
    {0x10A0, 0x10C5},
    {0x10C7, 0x10C7},
    {0x10CD, 0x10CD},
    {0x10D0, 0x10FA},
    {0x10FC, 0x10FF},
    {0x13A0, 0x13F5},
    {0x13F8, 0x13FD},
    {0x1C80, 0x1C88},
    {0x1C90, 0x1CBA},
    {0x1CBD, 0x1CBF},
    {0x1D00, 0x1DBF},
    {0x1E00, 0x1F15},
    {0x1F18, 0x1F1D},
    {0x1F20, 0x1F45},
    {0x1F48, 0x1F4D},
    {0x1F50, 0x1F57},
    {0x1F59, 0x1F59},
    {0x1F5B, 0x1F5B},
    {0x1F5D, 0x1F5D},
    {0x1F5F, 0x1F7D},
    {0x1F80, 0x1FB4},
    {0x1FB6, 0x1FBC},
    {0x1FBE, 0x1FBE},
    {0x1FC2, 0x1FC4},
    {0x1FC6, 0x1FCC},
    {0x1FD0, 0x1FD3},
    {0x1FD6, 0x1FDB},
    {0x1FE0, 0x1FEC},
    {0x1FF2, 0x1FF4},
    {0x1FF6, 0x1FFC},
    {0x2071, 0x2071},
    {0x207F, 0x207F},
    {0x2090, 0x209C},
    {0x2102, 0x2102},
    {0x2107, 0x2107},
    {0x210A, 0x2113},
    {0x2115, 0x2115},
    {0x2119, 0x211D},
    {0x2124, 0x2124},
    {0x2126, 0x2126},
    {0x2128, 0x2128},
    {0x212A, 0x212D},
    {0x212F, 0x2134},
    {0x2139, 0x2139},
    {0x213C, 0x213F},
    {0x2145, 0x2149},
    {0x214E, 0x214E},
    {0x2160, 0x217F},
    {0x2183, 0x2184},
    {0x24B6, 0x24E9},
    {0x2C00, 0x2CE4},
    {0x2CEB, 0x2CEE},
    {0x2CF2, 0x2CF3},
    {0x2D00, 0x2D25},
    {0x2D27, 0x2D27},
    {0x2D2D, 0x2D2D},
    {0xA640, 0xA66D},
    {0xA680, 0xA69D},
    {0xA722, 0xA787},
    {0xA78B, 0xA78E},
    {0xA790, 0xA7CA},
    {0xA7D0, 0xA7D1},
    {0xA7D3, 0xA7D3},
    {0xA7D5, 0xA7D9},
    {0xA7F2, 0xA7F6},
    {0xA7F8, 0xA7FA},
    {0xAB30, 0xAB5A},
    {0xAB5C, 0xAB69},
    {0xAB70, 0xABBF},
    {0xFB00, 0xFB06},
    {0xFB13, 0xFB17},
    {0xFF21, 0xFF3A},
    {0xFF41, 0xFF5A},
    {0x10400, 0x1044F},
    {0x104B0, 0x104D3},
    {0x104D8, 0x104FB},
    {0x10570, 0x1057A},
    {0x1057C, 0x1058A},
    {0x1058C, 0x10592},
    {0x10594, 0x10595},
    {0x10597, 0x105A1},
    {0x105A3, 0x105B1},
    {0x105B3, 0x105B9},
    {0x105BB, 0x105BC},
    {0x10780, 0x10780},
    {0x10783, 0x10785},
    {0x10787, 0x107B0},
    {0x107B2, 0x107BA},
    {0x10C80, 0x10CB2},
    {0x10CC0, 0x10CF2},
    {0x118A0, 0x118DF},
    {0x16E40, 0x16E7F},
    {0x1D400, 0x1D454},
    {0x1D456, 0x1D49C},
    {0x1D49E, 0x1D49F},
    {0x1D4A2, 0x1D4A2},
    {0x1D4A5, 0x1D4A6},
    {0x1D4A9, 0x1D4AC},
    {0x1D4AE, 0x1D4B9},
    {0x1D4BB, 0x1D4BB},
    {0x1D4BD, 0x1D4C3},
    {0x1D4C5, 0x1D505},
    {0x1D507, 0x1D50A},
    {0x1D50D, 0x1D514},
    {0x1D516, 0x1D51C},
    {0x1D51E, 0x1D539},
    {0x1D53B, 0x1D53E},
    {0x1D540, 0x1D544},
    {0x1D546, 0x1D546},
    {0x1D54A, 0x1D550},
    {0x1D552, 0x1D6A5},
    {0x1D6A8, 0x1D6C0},
    {0x1D6C2, 0x1D6DA},
    {0x1D6DC, 0x1D6FA},
    {0x1D6FC, 0x1D714},
    {0x1D716, 0x1D734},
    {0x1D736, 0x1D74E},
    {0x1D750, 0x1D76E},
    {0x1D770, 0x1D788},
    {0x1D78A, 0x1D7A8},
    {0x1D7AA, 0x1D7C2},
    {0x1D7C4, 0x1D7CB},
    {0x1DF00, 0x1DF09},
    {0x1DF0B, 0x1DF1E},
    {0x1DF25, 0x1DF2A},
    {0x1E030, 0x1E06D},
    {0x1E900, 0x1E943},
    {0x1F130, 0x1F149},
    {0x1F150, 0x1F169},
    {0x1F170, 0x1F189},
};

#define UNICODE_CASE_IGNORABLE_RANGES_COUNT 437
static const unicode_range unicode_case_ignorable_ranges[] = {
    {0x0027, 0x0027},
    {0x002E, 0x002E},
    {0x003A, 0x003A},
    {0x005E, 0x005E},
    {0x0060, 0x0060},
    {0x00A8, 0x00A8},
    {0x00AD, 0x00AD},
    {0x00AF, 0x00AF},
    {0x00B4, 0x00B4},
    {0x00B7, 0x00B8},
    {0x02B0, 0x036F},
    {0x0374, 0x0375},
    {0x037A, 0x037A},
    {0x0384, 0x0385},
    {0x0387, 0x0387},
    {0x0483, 0x0489},
    {0x0559, 0x0559},
    {0x055F, 0x055F},
    {0x0591, 0x05BD},
    {0x05BF, 0x05BF},
    {0x05C1, 0x05C2},
    {0x05C4, 0x05C5},
    {0x05C7, 0x05C7},
    {0x05F4, 0x05F4},
    {0x0600, 0x0605},
    {0x0610, 0x061A},
    {0x061C, 0x061C},
    {0x0640, 0x0640},
    {0x064B, 0x065F},
    {0x0670, 0x0670},
    {0x06D6, 0x06DD},
    {0x06DF, 0x06E8},
    {0x06EA, 0x06ED},
    {0x070F, 0x070F},
    {0x0711, 0x0711},
    {0x0730, 0x074A},
    {0x07A6, 0x07B0},
    {0x07EB, 0x07F5},
    {0x07FA, 0x07FA},
    {0x07FD, 0x07FD},
    {0x0816, 0x082D},
    {0x0859, 0x085B},
    {0x0888, 0x0888},
    {0x0890, 0x0891},
    {0x0898, 0x089F},
    {0x08C9, 0x0902},
    {0x093A, 0x093A},
    {0x093C, 0x093C},
    {0x0941, 0x0948},
    {0x094D, 0x094D},
    {0x0951, 0x0957},
    {0x0962, 0x0963},
    {0x0971, 0x0971},
    {0x0981, 0x0981},
    {0x09BC, 0x09BC},
    {0x09C1, 0x09C4},
    {0x09CD, 0x09CD},
    {0x09E2, 0x09E3},
    {0x09FE, 0x09FE},
    {0x0A01, 0x0A02},
    {0x0A3C, 0x0A3C},
    {0x0A41, 0x0A42},
    {0x0A47, 0x0A48},
    {0x0A4B, 0x0A4D},
    {0x0A51, 0x0A51},
    {0x0A70, 0x0A71},
    {0x0A75, 0x0A75},
    {0x0A81, 0x0A82},
    {0x0ABC, 0x0ABC},
    {0x0AC1, 0x0AC5},
    {0x0AC7, 0x0AC8},
    {0x0ACD, 0x0ACD},
    {0x0AE2, 0x0AE3},
    {0x0AFA, 0x0AFF},
    {0x0B01, 0x0B01},
    {0x0B3C, 0x0B3C},
    {0x0B3F, 0x0B3F},
    {0x0B41, 0x0B44},
    {0x0B4D, 0x0B4D},
    {0x0B55, 0x0B56},
    {0x0B62, 0x0B63},
    {0x0B82, 0x0B82},
    {0x0BC0, 0x0BC0},
    {0x0BCD, 0x0BCD},
    {0x0C00, 0x0C00},
    {0x0C04, 0x0C04},
    {0x0C3C, 0x0C3C},
    {0x0C3E, 0x0C40},
    {0x0C46, 0x0C48},
    {0x0C4A, 0x0C4D},
    {0x0C55, 0x0C56},
    {0x0C62, 0x0C63},
    {0x0C81, 0x0C81},
    {0x0CBC, 0x0CBC},
    {0x0CBF, 0x0CBF},
    {0x0CC6, 0x0CC6},
    {0x0CCC, 0x0CCD},
    {0x0CE2, 0x0CE3},
    {0x0D00, 0x0D01},
    {0x0D3B, 0x0D3C},
    {0x0D41, 0x0D44},
    {0x0D4D, 0x0D4D},
    {0x0D62, 0x0D63},
    {0x0D81, 0x0D81},
    {0x0DCA, 0x0DCA},
    {0x0DD2, 0x0DD4},
    {0x0DD6, 0x0DD6},
    {0x0E31, 0x0E31},
    {0x0E34, 0x0E3A},
    {0x0E46, 0x0E4E},
    {0x0EB1, 0x0EB1},
    {0x0EB4, 0x0EBC},
    {0x0EC6, 0x0EC6},
    {0x0EC8, 0x0ECE},
    {0x0F18, 0x0F19},
    {0x0F35, 0x0F35},
    {0x0F37, 0x0F37},
    {0x0F39, 0x0F39},
    {0x0F71, 0x0F7E},
    {0x0F80, 0x0F84},
    {0x0F86, 0x0F87},
    {0x0F8D, 0x0F97},
    {0x0F99, 0x0FBC},
    {0x0FC6, 0x0FC6},
    {0x102D, 0x1030},
    {0x1032, 0x1037},
    {0x1039, 0x103A},
    {0x103D, 0x103E},
    {0x1058, 0x1059},
    {0x105E, 0x1060},
    {0x1071, 0x1074},
    {0x1082, 0x1082},
    {0x1085, 0x1086},
    {0x108D, 0x108D},
    {0x109D, 0x109D},
    {0x10FC, 0x10FC},
    {0x135D, 0x135F},
    {0x1712, 0x1714},
    {0x1732, 0x1733},
    {0x1752, 0x1753},
    {0x1772, 0x1773},
    {0x17B4, 0x17B5},
    {0x17B7, 0x17BD},
    {0x17C6, 0x17C6},
    {0x17C9, 0x17D3},
    {0x17D7, 0x17D7},
    {0x17DD, 0x17DD},
    {0x180B, 0x180F},
    {0x1843, 0x1843},
    {0x1885, 0x1886},
    {0x18A9, 0x18A9},
    {0x1920, 0x1922},
    {0x1927, 0x1928},
    {0x1932, 0x1932},
    {0x1939, 0x193B},
    {0x1A17, 0x1A18},
    {0x1A1B, 0x1A1B},
    {0x1A56, 0x1A56},
    {0x1A58, 0x1A5E},
    {0x1A60, 0x1A60},
    {0x1A62, 0x1A62},
    {0x1A65, 0x1A6C},
    {0x1A73, 0x1A7C},
    {0x1A7F, 0x1A7F},
    {0x1AA7, 0x1AA7},
    {0x1AB0, 0x1ACE},
    {0x1B00, 0x1B03},
    {0x1B34, 0x1B34},
    {0x1B36, 0x1B3A},
    {0x1B3C, 0x1B3C},
    {0x1B42, 0x1B42},
    {0x1B6B, 0x1B73},
    {0x1B80, 0x1B81},
    {0x1BA2, 0x1BA5},
    {0x1BA8, 0x1BA9},
    {0x1BAB, 0x1BAD},
    {0x1BE6, 0x1BE6},
    {0x1BE8, 0x1BE9},
    {0x1BED, 0x1BED},
    {0x1BEF, 0x1BF1},
    {0x1C2C, 0x1C33},
    {0x1C36, 0x1C37},
    {0x1C78, 0x1C7D},
    {0x1CD0, 0x1CD2},
    {0x1CD4, 0x1CE0},
    {0x1CE2, 0x1CE8},
    {0x1CED, 0x1CED},
    {0x1CF4, 0x1CF4},
    {0x1CF8, 0x1CF9},
    {0x1D2C, 0x1D6A},
    {0x1D78, 0x1D78},
    {0x1D9B, 0x1DFF},
    {0x1FBD, 0x1FBD},
    {0x1FBF, 0x1FC1},
    {0x1FCD, 0x1FCF},
    {0x1FDD, 0x1FDF},
    {0x1FED, 0x1FEF},
    {0x1FFD, 0x1FFE},
    {0x200B, 0x200F},
    {0x2018, 0x2019},
    {0x2024, 0x2024},
    {0x2027, 0x2027},
    {0x202A, 0x202E},
    {0x2060, 0x2064},
    {0x2066, 0x206F},
    {0x2071, 0x2071},
    {0x207F, 0x207F},
    {0x2090, 0x209C},
    {0x20D0, 0x20F0},
    {0x2C7C, 0x2C7D},
    {0x2CEF, 0x2CF1},
    {0x2D6F, 0x2D6F},
    {0x2D7F, 0x2D7F},
    {0x2DE0, 0x2DFF},
    {0x2E2F, 0x2E2F},
    {0x3005, 0x3005},
    {0x302A, 0x302D},
    {0x3031, 0x3035},
    {0x303B, 0x303B},
    {0x3099, 0x309E},
    {0x30FC, 0x30FE},
    {0xA015, 0xA015},
    {0xA4F8, 0xA4FD},
    {0xA60C, 0xA60C},
    {0xA66F, 0xA672},
    {0xA674, 0xA67D},
    {0xA67F, 0xA67F},
    {0xA69C, 0xA69F},
    {0xA6F0, 0xA6F1},
    {0xA700, 0xA721},
    {0xA770, 0xA770},
    {0xA788, 0xA78A},
    {0xA7F2, 0xA7F4},
    {0xA7F8, 0xA7F9},
    {0xA802, 0xA802},
    {0xA806, 0xA806},
    {0xA80B, 0xA80B},
    {0xA825, 0xA826},
    {0xA82C, 0xA82C},
    {0xA8C4, 0xA8C5},
    {0xA8E0, 0xA8F1},
    {0xA8FF, 0xA8FF},
    {0xA926, 0xA92D},
    {0xA947, 0xA951},
    {0xA980, 0xA982},
    {0xA9B3, 0xA9B3},
    {0xA9B6, 0xA9B9},
    {0xA9BC, 0xA9BD},
    {0xA9CF, 0xA9CF},
    {0xA9E5, 0xA9E6},
    {0xAA29, 0xAA2E},
    {0xAA31, 0xAA32},
    {0xAA35, 0xAA36},
    {0xAA43, 0xAA43},
    {0xAA4C, 0xAA4C},
    {0xAA70, 0xAA70},
    {0xAA7C, 0xAA7C},
    {0xAAB0, 0xAAB0},
    {0xAAB2, 0xAAB4},
    {0xAAB7, 0xAAB8},
    {0xAABE, 0xAABF},
    {0xAAC1, 0xAAC1},
    {0xAADD, 0xAADD},
    {0xAAEC, 0xAAED},
    {0xAAF3, 0xAAF4},
    {0xAAF6, 0xAAF6},
    {0xAB5B, 0xAB5F},
    {0xAB69, 0xAB6B},
    {0xABE5, 0xABE5},
    {0xABE8, 0xABE8},
    {0xABED, 0xABED},
    {0xFB1E, 0xFB1E},
    {0xFBB2, 0xFBC2},
    {0xFE00, 0xFE0F},
    {0xFE13, 0xFE13},
    {0xFE20, 0xFE2F},
    {0xFE52, 0xFE52},
    {0xFE55, 0xFE55},
    {0xFEFF, 0xFEFF},
    {0xFF07, 0xFF07},
    {0xFF0E, 0xFF0E},
    {0xFF1A, 0xFF1A},
    {0xFF3E, 0xFF3E},
    {0xFF40, 0xFF40},
    {0xFF70, 0xFF70},
    {0xFF9E, 0xFF9F},
    {0xFFE3, 0xFFE3},
    {0xFFF9, 0xFFFB},
    {0x101FD, 0x101FD},
    {0x102E0, 0x102E0},
    {0x10376, 0x1037A},
    {0x10780, 0x10785},
    {0x10787, 0x107B0},
    {0x107B2, 0x107BA},
    {0x10A01, 0x10A03},
    {0x10A05, 0x10A06},
    {0x10A0C, 0x10A0F},
    {0x10A38, 0x10A3A},
    {0x10A3F, 0x10A3F},
    {0x10AE5, 0x10AE6},
    {0x10D24, 0x10D27},
    {0x10EAB, 0x10EAC},
    {0x10EFD, 0x10EFF},
    {0x10F46, 0x10F50},
    {0x10F82, 0x10F85},
    {0x11001, 0x11001},
    {0x11038, 0x11046},
    {0x11070, 0x11070},
    {0x11073, 0x11074},
    {0x1107F, 0x11081},
    {0x110B3, 0x110B6},
    {0x110B9, 0x110BA},
    {0x110BD, 0x110BD},
    {0x110C2, 0x110C2},
    {0x110CD, 0x110CD},
    {0x11100, 0x11102},
    {0x11127, 0x1112B},
    {0x1112D, 0x11134},
    {0x11173, 0x11173},
    {0x11180, 0x11181},
    {0x111B6, 0x111BE},
    {0x111C9, 0x111CC},
    {0x111CF, 0x111CF},
    {0x1122F, 0x11231},
    {0x11234, 0x11234},
    {0x11236, 0x11237},
    {0x1123E, 0x1123E},
    {0x11241, 0x11241},
    {0x112DF, 0x112DF},
    {0x112E3, 0x112EA},
    {0x11300, 0x11301},
    {0x1133B, 0x1133C},
    {0x11340, 0x11340},
    {0x11366, 0x1136C},
    {0x11370, 0x11374},
    {0x11438, 0x1143F},
    {0x11442, 0x11444},
    {0x11446, 0x11446},
    {0x1145E, 0x1145E},
    {0x114B3, 0x114B8},
    {0x114BA, 0x114BA},
    {0x114BF, 0x114C0},
    {0x114C2, 0x114C3},
    {0x115B2, 0x115B5},
    {0x115BC, 0x115BD},
    {0x115BF, 0x115C0},
    {0x115DC, 0x115DD},
    {0x11633, 0x1163A},
    {0x1163D, 0x1163D},
    {0x1163F, 0x11640},
    {0x116AB, 0x116AB},
    {0x116AD, 0x116AD},
    {0x116B0, 0x116B5},
    {0x116B7, 0x116B7},
    {0x1171D, 0x1171F},
    {0x11722, 0x11725},
    {0x11727, 0x1172B},
    {0x1182F, 0x11837},
    {0x11839, 0x1183A},
    {0x1193B, 0x1193C},
    {0x1193E, 0x1193E},
    {0x11943, 0x11943},
    {0x119D4, 0x119D7},
    {0x119DA, 0x119DB},
    {0x119E0, 0x119E0},
    {0x11A01, 0x11A0A},
    {0x11A33, 0x11A38},
    {0x11A3B, 0x11A3E},
    {0x11A47, 0x11A47},
    {0x11A51, 0x11A56},
    {0x11A59, 0x11A5B},
    {0x11A8A, 0x11A96},
    {0x11A98, 0x11A99},
    {0x11C30, 0x11C36},
    {0x11C38, 0x11C3D},
    {0x11C3F, 0x11C3F},
    {0x11C92, 0x11CA7},
    {0x11CAA, 0x11CB0},
    {0x11CB2, 0x11CB3},
    {0x11CB5, 0x11CB6},
    {0x11D31, 0x11D36},
    {0x11D3A, 0x11D3A},
    {0x11D3C, 0x11D3D},
    {0x11D3F, 0x11D45},
    {0x11D47, 0x11D47},
    {0x11D90, 0x11D91},
    {0x11D95, 0x11D95},
    {0x11D97, 0x11D97},
    {0x11EF3, 0x11EF4},
    {0x11F00, 0x11F01},
    {0x11F36, 0x11F3A},
    {0x11F40, 0x11F40},
    {0x11F42, 0x11F42},
    {0x13430, 0x13440},
    {0x13447, 0x13455},
    {0x16AF0, 0x16AF4},
    {0x16B30, 0x16B36},
    {0x16B40, 0x16B43},
    {0x16F4F, 0x16F4F},
    {0x16F8F, 0x16F9F},
    {0x16FE0, 0x16FE1},
    {0x16FE3, 0x16FE4},
    {0x1AFF0, 0x1AFF3},
    {0x1AFF5, 0x1AFFB},
    {0x1AFFD, 0x1AFFE},
    {0x1BC9D, 0x1BC9E},
    {0x1BCA0, 0x1BCA3},
    {0x1CF00, 0x1CF2D},
    {0x1CF30, 0x1CF46},
    {0x1D167, 0x1D169},
    {0x1D173, 0x1D182},
    {0x1D185, 0x1D18B},
    {0x1D1AA, 0x1D1AD},
    {0x1D242, 0x1D244},
    {0x1DA00, 0x1DA36},
    {0x1DA3B, 0x1DA6C},
    {0x1DA75, 0x1DA75},
    {0x1DA84, 0x1DA84},
    {0x1DA9B, 0x1DA9F},
    {0x1DAA1, 0x1DAAF},
    {0x1E000, 0x1E006},
    {0x1E008, 0x1E018},
    {0x1E01B, 0x1E021},
    {0x1E023, 0x1E024},
    {0x1E026, 0x1E02A},
    {0x1E030, 0x1E06D},
    {0x1E08F, 0x1E08F},
    {0x1E130, 0x1E13D},
    {0x1E2AE, 0x1E2AE},
    {0x1E2EC, 0x1E2EF},
    {0x1E4EB, 0x1E4EF},
    {0x1E8D0, 0x1E8D6},
    {0x1E944, 0x1E94B},
    {0x1F3FB, 0x1F3FF},
    {0xE0001, 0xE0001},
    {0xE0020, 0xE007F},
    {0xE0100, 0xE01EF},
};

#define UNICODE_DECIMAL_RANGES_COUNT 64
static const unicode_range unicode_decimal_ranges[] = {
    {0x0030, 0x0039},
    {0x0660, 0x0669},
    {0x06F0, 0x06F9},
    {0x07C0, 0x07C9},
    {0x0966, 0x096F},
    {0x09E6, 0x09EF},
    {0x0A66, 0x0A6F},
    {0x0AE6, 0x0AEF},
    {0x0B66, 0x0B6F},
    {0x0BE6, 0x0BEF},
    {0x0C66, 0x0C6F},
    {0x0CE6, 0x0CEF},
    {0x0D66, 0x0D6F},
    {0x0DE6, 0x0DEF},
    {0x0E50, 0x0E59},
    {0x0ED0, 0x0ED9},
    {0x0F20, 0x0F29},
    {0x1040, 0x1049},
    {0x1090, 0x1099},
    {0x17E0, 0x17E9},
    {0x1810, 0x1819},
    {0x1946, 0x194F},
    {0x19D0, 0x19D9},
    {0x1A80, 0x1A89},
    {0x1A90, 0x1A99},
    {0x1B50, 0x1B59},
    {0x1BB0, 0x1BB9},
    {0x1C40, 0x1C49},
    {0x1C50, 0x1C59},
    {0xA620, 0xA629},
    {0xA8D0, 0xA8D9},
    {0xA900, 0xA909},
    {0xA9D0, 0xA9D9},
    {0xA9F0, 0xA9F9},
    {0xAA50, 0xAA59},
    {0xABF0, 0xABF9},
    {0xFF10, 0xFF19},
    {0x104A0, 0x104A9},
    {0x10D30, 0x10D39},
    {0x11066, 0x1106F},
    {0x110F0, 0x110F9},
    {0x11136, 0x1113F},
    {0x111D0, 0x111D9},
    {0x112F0, 0x112F9},
    {0x11450, 0x11459},
    {0x114D0, 0x114D9},
    {0x11650, 0x11659},
    {0x116C0, 0x116C9},
    {0x11730, 0x11739},
    {0x118E0, 0x118E9},
    {0x11950, 0x11959},
    {0x11C50, 0x11C59},
    {0x11D50, 0x11D59},
    {0x11DA0, 0x11DA9},
    {0x11F50, 0x11F59},
    {0x16A60, 0x16A69},
    {0x16AC0, 0x16AC9},
    {0x16B50, 0x16B59},
    {0x1D7CE, 0x1D7FF},
    {0x1E140, 0x1E149},
    {0x1E2F0, 0x1E2F9},
    {0x1E4F0, 0x1E4F9},
    {0x1E950, 0x1E959},
    {0x1FBF0, 0x1FBF9},
};

#define UNICODE_WHITESPACE_RANGES_COUNT 10
static const unicode_range unicode_whitespace_ranges[] = {
    {0x0009, 0x000D},
    {0x0020, 0x0020},
    {0x0085, 0x0085},
    {0x00A0, 0x00A0},
    {0x1680, 0x1680},
    {0x2000, 0x200A},
    {0x2028, 0x2029},
    {0x202F, 0x202F},
    {0x205F, 0x205F},
    {0x3000, 0x3000},
};

#define UNICODE_UPPERCASE_RANGES_COUNT 646
static const unicode_range unicode_uppercase_ranges[] = {
    {0x0041, 0x005A},
    {0x00C0, 0x00D6},
    {0x00D8, 0x00DE},
    {0x0100, 0x0100},
    {0x0102, 0x0102},
    {0x0104, 0x0104},
    {0x0106, 0x0106},
    {0x0108, 0x0108},
    {0x010A, 0x010A},
    {0x010C, 0x010C},
    {0x010E, 0x010E},
    {0x0110, 0x0110},
    {0x0112, 0x0112},
    {0x0114, 0x0114},
    {0x0116, 0x0116},
    {0x0118, 0x0118},
    {0x011A, 0x011A},
    {0x011C, 0x011C},
    {0x011E, 0x011E},
    {0x0120, 0x0120},
    {0x0122, 0x0122},
    {0x0124, 0x0124},
    {0x0126, 0x0126},
    {0x0128, 0x0128},
    {0x012A, 0x012A},
    {0x012C, 0x012C},
    {0x012E, 0x012E},
    {0x0130, 0x0130},
    {0x0132, 0x0132},
    {0x0134, 0x0134},
    {0x0136, 0x0136},
    {0x0139, 0x0139},
    {0x013B, 0x013B},
    {0x013D, 0x013D},
    {0x013F, 0x013F},
    {0x0141, 0x0141},
    {0x0143, 0x0143},
    {0x0145, 0x0145},
    {0x0147, 0x0147},
    {0x014A, 0x014A},
    {0x014C, 0x014C},
    {0x014E, 0x014E},
    {0x0150, 0x0150},
    {0x0152, 0x0152},
    {0x0154, 0x0154},
    {0x0156, 0x0156},
    {0x0158, 0x0158},
    {0x015A, 0x015A},
    {0x015C, 0x015C},
    {0x015E, 0x015E},
    {0x0160, 0x0160},
    {0x0162, 0x0162},
    {0x0164, 0x0164},
    {0x0166, 0x0166},
    {0x0168, 0x0168},
    {0x016A, 0x016A},
    {0x016C, 0x016C},
    {0x016E, 0x016E},
    {0x0170, 0x0170},
    {0x0172, 0x0172},
    {0x0174, 0x0174},
    {0x0176, 0x0176},
    {0x0178, 0x0179},
    {0x017B, 0x017B},
    {0x017D, 0x017D},
    {0x0181, 0x0182},
    {0x0184, 0x0184},
    {0x0186, 0x0187},
    {0x0189, 0x018B},
    {0x018E, 0x0191},
    {0x0193, 0x0194},
    {0x0196, 0x0198},
    {0x019C, 0x019D},
    {0x019F, 0x01A0},
    {0x01A2, 0x01A2},
    {0x01A4, 0x01A4},
    {0x01A6, 0x01A7},
    {0x01A9, 0x01A9},
    {0x01AC, 0x01AC},
    {0x01AE, 0x01AF},
    {0x01B1, 0x01B3},
    {0x01B5, 0x01B5},
    {0x01B7, 0x01B8},
    {0x01BC, 0x01BC},
    {0x01C4, 0x01C4},
    {0x01C7, 0x01C7},
    {0x01CA, 0x01CA},
    {0x01CD, 0x01CD},
    {0x01CF, 0x01CF},
    {0x01D1, 0x01D1},
    {0x01D3, 0x01D3},
    {0x01D5, 0x01D5},
    {0x01D7, 0x01D7},
    {0x01D9, 0x01D9},
    {0x01DB, 0x01DB},
    {0x01DE, 0x01DE},
    {0x01E0, 0x01E0},
    {0x01E2, 0x01E2},
    {0x01E4, 0x01E4},
    {0x01E6, 0x01E6},
    {0x01E8, 0x01E8},
    {0x01EA, 0x01EA},
    {0x01EC, 0x01EC},
    {0x01EE, 0x01EE},
    {0x01F1, 0x01F1},
    {0x01F4, 0x01F4},
    {0x01F6, 0x01F8},
    {0x01FA, 0x01FA},
    {0x01FC, 0x01FC},
    {0x01FE, 0x01FE},
    {0x0200, 0x0200},
    {0x0202, 0x0202},
    {0x0204, 0x0204},
    {0x0206, 0x0206},
    {0x0208, 0x0208},
    {0x020A, 0x020A},
    {0x020C, 0x020C},
    {0x020E, 0x020E},
    {0x0210, 0x0210},
    {0x0212, 0x0212},
    {0x0214, 0x0214},
    {0x0216, 0x0216},
    {0x0218, 0x0218},
    {0x021A, 0x021A},
    {0x021C, 0x021C},
    {0x021E, 0x021E},
    {0x0220, 0x0220},
    {0x0222, 0x0222},
    {0x0224, 0x0224},
    {0x0226, 0x0226},
    {0x0228, 0x0228},
    {0x022A, 0x022A},
    {0x022C, 0x022C},
    {0x022E, 0x022E},
    {0x0230, 0x0230},
    {0x0232, 0x0232},
    {0x023A, 0x023B},
    {0x023D, 0x023E},
    {0x0241, 0x0241},
    {0x0243, 0x0246},
    {0x0248, 0x0248},
    {0x024A, 0x024A},
    {0x024C, 0x024C},
    {0x024E, 0x024E},
    {0x0370, 0x0370},
    {0x0372, 0x0372},
    {0x0376, 0x0376},
    {0x037F, 0x037F},
    {0x0386, 0x0386},
    {0x0388, 0x038A},
    {0x038C, 0x038C},
    {0x038E, 0x038F},
    {0x0391, 0x03A1},
    {0x03A3, 0x03AB},
    {0x03CF, 0x03CF},
    {0x03D2, 0x03D4},
    {0x03D8, 0x03D8},
    {0x03DA, 0x03DA},
    {0x03DC, 0x03DC},
    {0x03DE, 0x03DE},
    {0x03E0, 0x03E0},
    {0x03E2, 0x03E2},
    {0x03E4, 0x03E4},
    {0x03E6, 0x03E6},
    {0x03E8, 0x03E8},
    {0x03EA, 0x03EA},
    {0x03EC, 0x03EC},
    {0x03EE, 0x03EE},
    {0x03F4, 0x03F4},
    {0x03F7, 0x03F7},
    {0x03F9, 0x03FA},
    {0x03FD, 0x042F},
    {0x0460, 0x0460},
    {0x0462, 0x0462},
    {0x0464, 0x0464},
    {0x0466, 0x0466},
    {0x0468, 0x0468},
    {0x046A, 0x046A},
    {0x046C, 0x046C},
    {0x046E, 0x046E},
    {0x0470, 0x0470},
    {0x0472, 0x0472},
    {0x0474, 0x0474},
    {0x0476, 0x0476},
    {0x0478, 0x0478},
    {0x047A, 0x047A},
    {0x047C, 0x047C},
    {0x047E, 0x047E},
    {0x0480, 0x0480},
    {0x048A, 0x048A},
    {0x048C, 0x048C},
    {0x048E, 0x048E},
    {0x0490, 0x0490},
    {0x0492, 0x0492},
    {0x0494, 0x0494},
    {0x0496, 0x0496},
    {0x0498, 0x0498},
    {0x049A, 0x049A},
    {0x049C, 0x049C},
    {0x049E, 0x049E},
    {0x04A0, 0x04A0},
    {0x04A2, 0x04A2},
    {0x04A4, 0x04A4},
    {0x04A6, 0x04A6},
    {0x04A8, 0x04A8},
    {0x04AA, 0x04AA},
    {0x04AC, 0x04AC},
    {0x04AE, 0x04AE},
    {0x04B0, 0x04B0},
    {0x04B2, 0x04B2},
    {0x04B4, 0x04B4},
    {0x04B6, 0x04B6},
    {0x04B8, 0x04B8},
    {0x04BA, 0x04BA},
    {0x04BC, 0x04BC},
    {0x04BE, 0x04BE},
    {0x04C0, 0x04C1},
    {0x04C3, 0x04C3},
    {0x04C5, 0x04C5},
    {0x04C7, 0x04C7},
    {0x04C9, 0x04C9},
    {0x04CB, 0x04CB},
    {0x04CD, 0x04CD},
    {0x04D0, 0x04D0},
    {0x04D2, 0x04D2},
    {0x04D4, 0x04D4},
    {0x04D6, 0x04D6},
    {0x04D8, 0x04D8},
    {0x04DA, 0x04DA},
    {0x04DC, 0x04DC},
    {0x04DE, 0x04DE},
    {0x04E0, 0x04E0},
    {0x04E2, 0x04E2},
    {0x04E4, 0x04E4},
    {0x04E6, 0x04E6},
    {0x04E8, 0x04E8},
    {0x04EA, 0x04EA},
    {0x04EC, 0x04EC},
    {0x04EE, 0x04EE},
    {0x04F0, 0x04F0},
    {0x04F2, 0x04F2},
    {0x04F4, 0x04F4},
    {0x04F6, 0x04F6},
    {0x04F8, 0x04F8},
    {0x04FA, 0x04FA},
    {0x04FC, 0x04FC},
    {0x04FE, 0x04FE},
    {0x0500, 0x0500},
    {0x0502, 0x0502},
    {0x0504, 0x0504},
    {0x0506, 0x0506},
    {0x0508, 0x0508},
    {0x050A, 0x050A},
    {0x050C, 0x050C},
    {0x050E, 0x050E},
    {0x0510, 0x0510},
    {0x0512, 0x0512},
    {0x0514, 0x0514},
    {0x0516, 0x0516},
    {0x0518, 0x0518},
    {0x051A, 0x051A},
    {0x051C, 0x051C},
    {0x051E, 0x051E},
    {0x0520, 0x0520},
    {0x0522, 0x0522},
    {0x0524, 0x0524},
    {0x0526, 0x0526},
    {0x0528, 0x0528},
    {0x052A, 0x052A},
    {0x052C, 0x052C},
    {0x052E, 0x052E},
    {0x0531, 0x0556},
    {0x10A0, 0x10C5},
    {0x10C7, 0x10C7},
    {0x10CD, 0x10CD},
    {0x13A0, 0x13F5},
    {0x1C90, 0x1CBA},
    {0x1CBD, 0x1CBF},
    {0x1E00, 0x1E00},
    {0x1E02, 0x1E02},
    {0x1E04, 0x1E04},
    {0x1E06, 0x1E06},
    {0x1E08, 0x1E08},
    {0x1E0A, 0x1E0A},
    {0x1E0C, 0x1E0C},
    {0x1E0E, 0x1E0E},
    {0x1E10, 0x1E10},
    {0x1E12, 0x1E12},
    {0x1E14, 0x1E14},
    {0x1E16, 0x1E16},
    {0x1E18, 0x1E18},
    {0x1E1A, 0x1E1A},
    {0x1E1C, 0x1E1C},
    {0x1E1E, 0x1E1E},
    {0x1E20, 0x1E20},
    {0x1E22, 0x1E22},
    {0x1E24, 0x1E24},
    {0x1E26, 0x1E26},
    {0x1E28, 0x1E28},
    {0x1E2A, 0x1E2A},
    {0x1E2C, 0x1E2C},
    {0x1E2E, 0x1E2E},
    {0x1E30, 0x1E30},
    {0x1E32, 0x1E32},
    {0x1E34, 0x1E34},
    {0x1E36, 0x1E36},
    {0x1E38, 0x1E38},
    {0x1E3A, 0x1E3A},
    {0x1E3C, 0x1E3C},
    {0x1E3E, 0x1E3E},
    {0x1E40, 0x1E40},
    {0x1E42, 0x1E42},
    {0x1E44, 0x1E44},
    {0x1E46, 0x1E46},
    {0x1E48, 0x1E48},
    {0x1E4A, 0x1E4A},
    {0x1E4C, 0x1E4C},
    {0x1E4E, 0x1E4E},
    {0x1E50, 0x1E50},
    {0x1E52, 0x1E52},
    {0x1E54, 0x1E54},
    {0x1E56, 0x1E56},
    {0x1E58, 0x1E58},
    {0x1E5A, 0x1E5A},
    {0x1E5C, 0x1E5C},
    {0x1E5E, 0x1E5E},
    {0x1E60, 0x1E60},
    {0x1E62, 0x1E62},
    {0x1E64, 0x1E64},
    {0x1E66, 0x1E66},
    {0x1E68, 0x1E68},
    {0x1E6A, 0x1E6A},
    {0x1E6C, 0x1E6C},
    {0x1E6E, 0x1E6E},
    {0x1E70, 0x1E70},
    {0x1E72, 0x1E72},
    {0x1E74, 0x1E74},
    {0x1E76, 0x1E76},
    {0x1E78, 0x1E78},
    {0x1E7A, 0x1E7A},
    {0x1E7C, 0x1E7C},
    {0x1E7E, 0x1E7E},
    {0x1E80, 0x1E80},
    {0x1E82, 0x1E82},
    {0x1E84, 0x1E84},
    {0x1E86, 0x1E86},
    {0x1E88, 0x1E88},
    {0x1E8A, 0x1E8A},
    {0x1E8C, 0x1E8C},
    {0x1E8E, 0x1E8E},
    {0x1E90, 0x1E90},
    {0x1E92, 0x1E92},
    {0x1E94, 0x1E94},
    {0x1E9E, 0x1E9E},
    {0x1EA0, 0x1EA0},
    {0x1EA2, 0x1EA2},
    {0x1EA4, 0x1EA4},
    {0x1EA6, 0x1EA6},
    {0x1EA8, 0x1EA8},
    {0x1EAA, 0x1EAA},
    {0x1EAC, 0x1EAC},
    {0x1EAE, 0x1EAE},
    {0x1EB0, 0x1EB0},
    {0x1EB2, 0x1EB2},
    {0x1EB4, 0x1EB4},
    {0x1EB6, 0x1EB6},
    {0x1EB8, 0x1EB8},
    {0x1EBA, 0x1EBA},
    {0x1EBC, 0x1EBC},
    {0x1EBE, 0x1EBE},
    {0x1EC0, 0x1EC0},
    {0x1EC2, 0x1EC2},
    {0x1EC4, 0x1EC4},
    {0x1EC6, 0x1EC6},
    {0x1EC8, 0x1EC8},
    {0x1ECA, 0x1ECA},
    {0x1ECC, 0x1ECC},
    {0x1ECE, 0x1ECE},
    {0x1ED0, 0x1ED0},
    {0x1ED2, 0x1ED2},
    {0x1ED4, 0x1ED4},
    {0x1ED6, 0x1ED6},
    {0x1ED8, 0x1ED8},
    {0x1EDA, 0x1EDA},
    {0x1EDC, 0x1EDC},
    {0x1EDE, 0x1EDE},
    {0x1EE0, 0x1EE0},
    {0x1EE2, 0x1EE2},
    {0x1EE4, 0x1EE4},
    {0x1EE6, 0x1EE6},
    {0x1EE8, 0x1EE8},
    {0x1EEA, 0x1EEA},
    {0x1EEC, 0x1EEC},
    {0x1EEE, 0x1EEE},
    {0x1EF0, 0x1EF0},
    {0x1EF2, 0x1EF2},
    {0x1EF4, 0x1EF4},
    {0x1EF6, 0x1EF6},
    {0x1EF8, 0x1EF8},
    {0x1EFA, 0x1EFA},
    {0x1EFC, 0x1EFC},
    {0x1EFE, 0x1EFE},
    {0x1F08, 0x1F0F},
    {0x1F18, 0x1F1D},
    {0x1F28, 0x1F2F},
    {0x1F38, 0x1F3F},
    {0x1F48, 0x1F4D},
    {0x1F59, 0x1F59},
    {0x1F5B, 0x1F5B},
    {0x1F5D, 0x1F5D},
    {0x1F5F, 0x1F5F},
    {0x1F68, 0x1F6F},
    {0x1FB8, 0x1FBB},
    {0x1FC8, 0x1FCB},
    {0x1FD8, 0x1FDB},
    {0x1FE8, 0x1FEC},
    {0x1FF8, 0x1FFB},
    {0x2102, 0x2102},
    {0x2107, 0x2107},
    {0x210B, 0x210D},
    {0x2110, 0x2112},
    {0x2115, 0x2115},
    {0x2119, 0x211D},
    {0x2124, 0x2124},
    {0x2126, 0x2126},
    {0x2128, 0x2128},
    {0x212A, 0x212D},
    {0x2130, 0x2133},
    {0x213E, 0x213F},
    {0x2145, 0x2145},
    {0x2183, 0x2183},
    {0x2C00, 0x2C2F},
    {0x2C60, 0x2C60},
    {0x2C62, 0x2C64},
    {0x2C67, 0x2C67},
    {0x2C69, 0x2C69},
    {0x2C6B, 0x2C6B},
    {0x2C6D, 0x2C70},
    {0x2C72, 0x2C72},
    {0x2C75, 0x2C75},
    {0x2C7E, 0x2C80},
    {0x2C82, 0x2C82},
    {0x2C84, 0x2C84},
    {0x2C86, 0x2C86},
    {0x2C88, 0x2C88},
    {0x2C8A, 0x2C8A},
    {0x2C8C, 0x2C8C},
    {0x2C8E, 0x2C8E},
    {0x2C90, 0x2C90},
    {0x2C92, 0x2C92},
    {0x2C94, 0x2C94},
    {0x2C96, 0x2C96},
    {0x2C98, 0x2C98},
    {0x2C9A, 0x2C9A},
    {0x2C9C, 0x2C9C},
    {0x2C9E, 0x2C9E},
    {0x2CA0, 0x2CA0},
    {0x2CA2, 0x2CA2},
    {0x2CA4, 0x2CA4},
    {0x2CA6, 0x2CA6},
    {0x2CA8, 0x2CA8},
    {0x2CAA, 0x2CAA},
    {0x2CAC, 0x2CAC},
    {0x2CAE, 0x2CAE},
    {0x2CB0, 0x2CB0},
    {0x2CB2, 0x2CB2},
    {0x2CB4, 0x2CB4},
    {0x2CB6, 0x2CB6},
    {0x2CB8, 0x2CB8},
    {0x2CBA, 0x2CBA},
    {0x2CBC, 0x2CBC},
    {0x2CBE, 0x2CBE},
    {0x2CC0, 0x2CC0},
    {0x2CC2, 0x2CC2},
    {0x2CC4, 0x2CC4},
    {0x2CC6, 0x2CC6},
    {0x2CC8, 0x2CC8},
    {0x2CCA, 0x2CCA},
    {0x2CCC, 0x2CCC},
    {0x2CCE, 0x2CCE},
    {0x2CD0, 0x2CD0},
    {0x2CD2, 0x2CD2},
    {0x2CD4, 0x2CD4},
    {0x2CD6, 0x2CD6},
    {0x2CD8, 0x2CD8},
    {0x2CDA, 0x2CDA},
    {0x2CDC, 0x2CDC},
    {0x2CDE, 0x2CDE},
    {0x2CE0, 0x2CE0},
    {0x2CE2, 0x2CE2},
    {0x2CEB, 0x2CEB},
    {0x2CED, 0x2CED},
    {0x2CF2, 0x2CF2},
    {0xA640, 0xA640},
    {0xA642, 0xA642},
    {0xA644, 0xA644},
    {0xA646, 0xA646},
    {0xA648, 0xA648},
    {0xA64A, 0xA64A},
    {0xA64C, 0xA64C},
    {0xA64E, 0xA64E},
    {0xA650, 0xA650},
    {0xA652, 0xA652},
    {0xA654, 0xA654},
    {0xA656, 0xA656},
    {0xA658, 0xA658},
    {0xA65A, 0xA65A},
    {0xA65C, 0xA65C},
    {0xA65E, 0xA65E},
    {0xA660, 0xA660},
    {0xA662, 0xA662},
    {0xA664, 0xA664},
    {0xA666, 0xA666},
    {0xA668, 0xA668},
    {0xA66A, 0xA66A},
    {0xA66C, 0xA66C},
    {0xA680, 0xA680},
    {0xA682, 0xA682},
    {0xA684, 0xA684},
    {0xA686, 0xA686},
    {0xA688, 0xA688},
    {0xA68A, 0xA68A},
    {0xA68C, 0xA68C},
    {0xA68E, 0xA68E},
    {0xA690, 0xA690},
    {0xA692, 0xA692},
    {0xA694, 0xA694},
    {0xA696, 0xA696},
    {0xA698, 0xA698},
    {0xA69A, 0xA69A},
    {0xA722, 0xA722},
    {0xA724, 0xA724},
    {0xA726, 0xA726},
    {0xA728, 0xA728},
    {0xA72A, 0xA72A},
    {0xA72C, 0xA72C},
    {0xA72E, 0xA72E},
    {0xA732, 0xA732},
    {0xA734, 0xA734},
    {0xA736, 0xA736},
    {0xA738, 0xA738},
    {0xA73A, 0xA73A},
    {0xA73C, 0xA73C},
    {0xA73E, 0xA73E},
    {0xA740, 0xA740},
    {0xA742, 0xA742},
    {0xA744, 0xA744},
    {0xA746, 0xA746},
    {0xA748, 0xA748},
    {0xA74A, 0xA74A},
    {0xA74C, 0xA74C},
    {0xA74E, 0xA74E},
    {0xA750, 0xA750},
    {0xA752, 0xA752},
    {0xA754, 0xA754},
    {0xA756, 0xA756},
    {0xA758, 0xA758},
    {0xA75A, 0xA75A},
    {0xA75C, 0xA75C},
    {0xA75E, 0xA75E},
    {0xA760, 0xA760},
    {0xA762, 0xA762},
    {0xA764, 0xA764},
    {0xA766, 0xA766},
    {0xA768, 0xA768},
    {0xA76A, 0xA76A},
    {0xA76C, 0xA76C},
    {0xA76E, 0xA76E},
    {0xA779, 0xA779},
    {0xA77B, 0xA77B},
    {0xA77D, 0xA77E},
    {0xA780, 0xA780},
    {0xA782, 0xA782},
    {0xA784, 0xA784},
    {0xA786, 0xA786},
    {0xA78B, 0xA78B},
    {0xA78D, 0xA78D},
    {0xA790, 0xA790},
    {0xA792, 0xA792},
    {0xA796, 0xA796},
    {0xA798, 0xA798},
    {0xA79A, 0xA79A},
    {0xA79C, 0xA79C},
    {0xA79E, 0xA79E},
    {0xA7A0, 0xA7A0},
    {0xA7A2, 0xA7A2},
    {0xA7A4, 0xA7A4},
    {0xA7A6, 0xA7A6},
    {0xA7A8, 0xA7A8},
    {0xA7AA, 0xA7AE},
    {0xA7B0, 0xA7B4},
    {0xA7B6, 0xA7B6},
    {0xA7B8, 0xA7B8},
    {0xA7BA, 0xA7BA},
    {0xA7BC, 0xA7BC},
    {0xA7BE, 0xA7BE},
    {0xA7C0, 0xA7C0},
    {0xA7C2, 0xA7C2},
    {0xA7C4, 0xA7C7},
    {0xA7C9, 0xA7C9},
    {0xA7D0, 0xA7D0},
    {0xA7D6, 0xA7D6},
    {0xA7D8, 0xA7D8},
    {0xA7F5, 0xA7F5},
    {0xFF21, 0xFF3A},
    {0x10400, 0x10427},
    {0x104B0, 0x104D3},
    {0x10570, 0x1057A},
    {0x1057C, 0x1058A},
    {0x1058C, 0x10592},
    {0x10594, 0x10595},
    {0x10C80, 0x10CB2},
    {0x118A0, 0x118BF},
    {0x16E40, 0x16E5F},
    {0x1D400, 0x1D419},
    {0x1D434, 0x1D44D},
    {0x1D468, 0x1D481},
    {0x1D49C, 0x1D49C},
    {0x1D49E, 0x1D49F},
    {0x1D4A2, 0x1D4A2},
    {0x1D4A5, 0x1D4A6},
    {0x1D4A9, 0x1D4AC},
    {0x1D4AE, 0x1D4B5},
    {0x1D4D0, 0x1D4E9},
    {0x1D504, 0x1D505},
    {0x1D507, 0x1D50A},
    {0x1D50D, 0x1D514},
    {0x1D516, 0x1D51C},
    {0x1D538, 0x1D539},
    {0x1D53B, 0x1D53E},
    {0x1D540, 0x1D544},
    {0x1D546, 0x1D546},
    {0x1D54A, 0x1D550},
    {0x1D56C, 0x1D585},
    {0x1D5A0, 0x1D5B9},
    {0x1D5D4, 0x1D5ED},
    {0x1D608, 0x1D621},
    {0x1D63C, 0x1D655},
    {0x1D670, 0x1D689},
    {0x1D6A8, 0x1D6C0},
    {0x1D6E2, 0x1D6FA},
    {0x1D71C, 0x1D734},
    {0x1D756, 0x1D76E},
    {0x1D790, 0x1D7A8},
    {0x1D7CA, 0x1D7CA},
    {0x1E900, 0x1E921},
};

#define UNICODE_LOWERCASE_RANGES_COUNT 658
static const unicode_range unicode_lowercase_ranges[] = {
    {0x0061, 0x007A},
    {0x00B5, 0x00B5},
    {0x00DF, 0x00F6},
    {0x00F8, 0x00FF},
    {0x0101, 0x0101},
    {0x0103, 0x0103},
    {0x0105, 0x0105},
    {0x0107, 0x0107},
    {0x0109, 0x0109},
    {0x010B, 0x010B},
    {0x010D, 0x010D},
    {0x010F, 0x010F},
    {0x0111, 0x0111},
    {0x0113, 0x0113},
    {0x0115, 0x0115},
    {0x0117, 0x0117},
    {0x0119, 0x0119},
    {0x011B, 0x011B},
    {0x011D, 0x011D},
    {0x011F, 0x011F},
    {0x0121, 0x0121},
    {0x0123, 0x0123},
    {0x0125, 0x0125},
    {0x0127, 0x0127},
    {0x0129, 0x0129},
    {0x012B, 0x012B},
    {0x012D, 0x012D},
    {0x012F, 0x012F},
    {0x0131, 0x0131},
    {0x0133, 0x0133},
    {0x0135, 0x0135},
    {0x0137, 0x0138},
    {0x013A, 0x013A},
    {0x013C, 0x013C},
    {0x013E, 0x013E},
    {0x0140, 0x0140},
    {0x0142, 0x0142},
    {0x0144, 0x0144},
    {0x0146, 0x0146},
    {0x0148, 0x0149},
    {0x014B, 0x014B},
    {0x014D, 0x014D},
    {0x014F, 0x014F},
    {0x0151, 0x0151},
    {0x0153, 0x0153},
    {0x0155, 0x0155},
    {0x0157, 0x0157},
    {0x0159, 0x0159},
    {0x015B, 0x015B},
    {0x015D, 0x015D},
    {0x015F, 0x015F},
    {0x0161, 0x0161},
    {0x0163, 0x0163},
    {0x0165, 0x0165},
    {0x0167, 0x0167},
    {0x0169, 0x0169},
    {0x016B, 0x016B},
    {0x016D, 0x016D},
    {0x016F, 0x016F},
    {0x0171, 0x0171},
    {0x0173, 0x0173},
    {0x0175, 0x0175},
    {0x0177, 0x0177},
    {0x017A, 0x017A},
    {0x017C, 0x017C},
    {0x017E, 0x0180},
    {0x0183, 0x0183},
    {0x0185, 0x0185},
    {0x0188, 0x0188},
    {0x018C, 0x018D},
    {0x0192, 0x0192},
    {0x0195, 0x0195},
    {0x0199, 0x019B},
    {0x019E, 0x019E},
    {0x01A1, 0x01A1},
    {0x01A3, 0x01A3},
    {0x01A5, 0x01A5},
    {0x01A8, 0x01A8},
    {0x01AA, 0x01AB},
    {0x01AD, 0x01AD},
    {0x01B0, 0x01B0},
    {0x01B4, 0x01B4},
    {0x01B6, 0x01B6},
    {0x01B9, 0x01BA},
    {0x01BD, 0x01BF},
    {0x01C6, 0x01C6},
    {0x01C9, 0x01C9},
    {0x01CC, 0x01CC},
    {0x01CE, 0x01CE},
    {0x01D0, 0x01D0},
    {0x01D2, 0x01D2},
    {0x01D4, 0x01D4},
    {0x01D6, 0x01D6},
    {0x01D8, 0x01D8},
    {0x01DA, 0x01DA},
    {0x01DC, 0x01DD},
    {0x01DF, 0x01DF},
    {0x01E1, 0x01E1},
    {0x01E3, 0x01E3},
    {0x01E5, 0x01E5},
    {0x01E7, 0x01E7},
    {0x01E9, 0x01E9},
    {0x01EB, 0x01EB},
    {0x01ED, 0x01ED},
    {0x01EF, 0x01F0},
    {0x01F3, 0x01F3},
    {0x01F5, 0x01F5},
    {0x01F9, 0x01F9},
    {0x01FB, 0x01FB},
    {0x01FD, 0x01FD},
    {0x01FF, 0x01FF},
    {0x0201, 0x0201},
    {0x0203, 0x0203},
    {0x0205, 0x0205},
    {0x0207, 0x0207},
    {0x0209, 0x0209},
    {0x020B, 0x020B},
    {0x020D, 0x020D},
    {0x020F, 0x020F},
    {0x0211, 0x0211},
    {0x0213, 0x0213},
    {0x0215, 0x0215},
    {0x0217, 0x0217},
    {0x0219, 0x0219},
    {0x021B, 0x021B},
    {0x021D, 0x021D},
    {0x021F, 0x021F},
    {0x0221, 0x0221},
    {0x0223, 0x0223},
    {0x0225, 0x0225},
    {0x0227, 0x0227},
    {0x0229, 0x0229},
    {0x022B, 0x022B},
    {0x022D, 0x022D},
    {0x022F, 0x022F},
    {0x0231, 0x0231},
    {0x0233, 0x0239},
    {0x023C, 0x023C},
    {0x023F, 0x0240},
    {0x0242, 0x0242},
    {0x0247, 0x0247},
    {0x0249, 0x0249},
    {0x024B, 0x024B},
    {0x024D, 0x024D},
    {0x024F, 0x0293},
    {0x0295, 0x02AF},
    {0x0371, 0x0371},
    {0x0373, 0x0373},
    {0x0377, 0x0377},
    {0x037B, 0x037D},
    {0x0390, 0x0390},
    {0x03AC, 0x03CE},
    {0x03D0, 0x03D1},
    {0x03D5, 0x03D7},
    {0x03D9, 0x03D9},
    {0x03DB, 0x03DB},
    {0x03DD, 0x03DD},
    {0x03DF, 0x03DF},
    {0x03E1, 0x03E1},
    {0x03E3, 0x03E3},
    {0x03E5, 0x03E5},
    {0x03E7, 0x03E7},
    {0x03E9, 0x03E9},
    {0x03EB, 0x03EB},
    {0x03ED, 0x03ED},
    {0x03EF, 0x03F3},
    {0x03F5, 0x03F5},
    {0x03F8, 0x03F8},
    {0x03FB, 0x03FC},
    {0x0430, 0x045F},
    {0x0461, 0x0461},
    {0x0463, 0x0463},
    {0x0465, 0x0465},
    {0x0467, 0x0467},
    {0x0469, 0x0469},
    {0x046B, 0x046B},
    {0x046D, 0x046D},
    {0x046F, 0x046F},
    {0x0471, 0x0471},
    {0x0473, 0x0473},
    {0x0475, 0x0475},
    {0x0477, 0x0477},
    {0x0479, 0x0479},
    {0x047B, 0x047B},
    {0x047D, 0x047D},
    {0x047F, 0x047F},
    {0x0481, 0x0481},
    {0x048B, 0x048B},
    {0x048D, 0x048D},
    {0x048F, 0x048F},
    {0x0491, 0x0491},
    {0x0493, 0x0493},
    {0x0495, 0x0495},
    {0x0497, 0x0497},
    {0x0499, 0x0499},
    {0x049B, 0x049B},
    {0x049D, 0x049D},
    {0x049F, 0x049F},
    {0x04A1, 0x04A1},
    {0x04A3, 0x04A3},
    {0x04A5, 0x04A5},
    {0x04A7, 0x04A7},
    {0x04A9, 0x04A9},
    {0x04AB, 0x04AB},
    {0x04AD, 0x04AD},
    {0x04AF, 0x04AF},
    {0x04B1, 0x04B1},
    {0x04B3, 0x04B3},
    {0x04B5, 0x04B5},
    {0x04B7, 0x04B7},
    {0x04B9, 0x04B9},
    {0x04BB, 0x04BB},
    {0x04BD, 0x04BD},
    {0x04BF, 0x04BF},
    {0x04C2, 0x04C2},
    {0x04C4, 0x04C4},
    {0x04C6, 0x04C6},
    {0x04C8, 0x04C8},
    {0x04CA, 0x04CA},
    {0x04CC, 0x04CC},
    {0x04CE, 0x04CF},
    {0x04D1, 0x04D1},
    {0x04D3, 0x04D3},
    {0x04D5, 0x04D5},
    {0x04D7, 0x04D7},
    {0x04D9, 0x04D9},
    {0x04DB, 0x04DB},
    {0x04DD, 0x04DD},
    {0x04DF, 0x04DF},
    {0x04E1, 0x04E1},
    {0x04E3, 0x04E3},
    {0x04E5, 0x04E5},
    {0x04E7, 0x04E7},
    {0x04E9, 0x04E9},
    {0x04EB, 0x04EB},
    {0x04ED, 0x04ED},
    {0x04EF, 0x04EF},
    {0x04F1, 0x04F1},
    {0x04F3, 0x04F3},
    {0x04F5, 0x04F5},
    {0x04F7, 0x04F7},
    {0x04F9, 0x04F9},
    {0x04FB, 0x04FB},
    {0x04FD, 0x04FD},
    {0x04FF, 0x04FF},
    {0x0501, 0x0501},
    {0x0503, 0x0503},
    {0x0505, 0x0505},
    {0x0507, 0x0507},
    {0x0509, 0x0509},
    {0x050B, 0x050B},
    {0x050D, 0x050D},
    {0x050F, 0x050F},
    {0x0511, 0x0511},
    {0x0513, 0x0513},
    {0x0515, 0x0515},
    {0x0517, 0x0517},
    {0x0519, 0x0519},
    {0x051B, 0x051B},
    {0x051D, 0x051D},
    {0x051F, 0x051F},
    {0x0521, 0x0521},
    {0x0523, 0x0523},
    {0x0525, 0x0525},
    {0x0527, 0x0527},
    {0x0529, 0x0529},
    {0x052B, 0x052B},
    {0x052D, 0x052D},
    {0x052F, 0x052F},
    {0x0560, 0x0588},
    {0x10D0, 0x10FA},
    {0x10FD, 0x10FF},
    {0x13F8, 0x13FD},
    {0x1C80, 0x1C88},
    {0x1D00, 0x1D2B},
    {0x1D6B, 0x1D77},
    {0x1D79, 0x1D9A},
    {0x1E01, 0x1E01},
    {0x1E03, 0x1E03},
    {0x1E05, 0x1E05},
    {0x1E07, 0x1E07},
    {0x1E09, 0x1E09},
    {0x1E0B, 0x1E0B},
    {0x1E0D, 0x1E0D},
    {0x1E0F, 0x1E0F},
    {0x1E11, 0x1E11},
    {0x1E13, 0x1E13},
    {0x1E15, 0x1E15},
    {0x1E17, 0x1E17},
    {0x1E19, 0x1E19},
    {0x1E1B, 0x1E1B},
    {0x1E1D, 0x1E1D},
    {0x1E1F, 0x1E1F},
    {0x1E21, 0x1E21},
    {0x1E23, 0x1E23},
    {0x1E25, 0x1E25},
    {0x1E27, 0x1E27},
    {0x1E29, 0x1E29},
    {0x1E2B, 0x1E2B},
    {0x1E2D, 0x1E2D},
    {0x1E2F, 0x1E2F},
    {0x1E31, 0x1E31},
    {0x1E33, 0x1E33},
    {0x1E35, 0x1E35},
    {0x1E37, 0x1E37},
    {0x1E39, 0x1E39},
    {0x1E3B, 0x1E3B},
    {0x1E3D, 0x1E3D},
    {0x1E3F, 0x1E3F},
    {0x1E41, 0x1E41},
    {0x1E43, 0x1E43},
    {0x1E45, 0x1E45},
    {0x1E47, 0x1E47},
    {0x1E49, 0x1E49},
    {0x1E4B, 0x1E4B},
    {0x1E4D, 0x1E4D},
    {0x1E4F, 0x1E4F},
    {0x1E51, 0x1E51},
    {0x1E53, 0x1E53},
    {0x1E55, 0x1E55},
    {0x1E57, 0x1E57},
    {0x1E59, 0x1E59},
    {0x1E5B, 0x1E5B},
    {0x1E5D, 0x1E5D},
    {0x1E5F, 0x1E5F},
    {0x1E61, 0x1E61},
    {0x1E63, 0x1E63},
    {0x1E65, 0x1E65},
    {0x1E67, 0x1E67},
    {0x1E69, 0x1E69},
    {0x1E6B, 0x1E6B},
    {0x1E6D, 0x1E6D},
    {0x1E6F, 0x1E6F},
    {0x1E71, 0x1E71},
    {0x1E73, 0x1E73},
    {0x1E75, 0x1E75},
    {0x1E77, 0x1E77},
    {0x1E79, 0x1E79},
    {0x1E7B, 0x1E7B},
    {0x1E7D, 0x1E7D},
    {0x1E7F, 0x1E7F},
    {0x1E81, 0x1E81},
    {0x1E83, 0x1E83},
    {0x1E85, 0x1E85},
    {0x1E87, 0x1E87},
    {0x1E89, 0x1E89},
    {0x1E8B, 0x1E8B},
    {0x1E8D, 0x1E8D},
    {0x1E8F, 0x1E8F},
    {0x1E91, 0x1E91},
    {0x1E93, 0x1E93},
    {0x1E95, 0x1E9D},
    {0x1E9F, 0x1E9F},
    {0x1EA1, 0x1EA1},
    {0x1EA3, 0x1EA3},
    {0x1EA5, 0x1EA5},
    {0x1EA7, 0x1EA7},
    {0x1EA9, 0x1EA9},
    {0x1EAB, 0x1EAB},
    {0x1EAD, 0x1EAD},
    {0x1EAF, 0x1EAF},
    {0x1EB1, 0x1EB1},
    {0x1EB3, 0x1EB3},
    {0x1EB5, 0x1EB5},
    {0x1EB7, 0x1EB7},
    {0x1EB9, 0x1EB9},
    {0x1EBB, 0x1EBB},
    {0x1EBD, 0x1EBD},
    {0x1EBF, 0x1EBF},
    {0x1EC1, 0x1EC1},
    {0x1EC3, 0x1EC3},
    {0x1EC5, 0x1EC5},
    {0x1EC7, 0x1EC7},
    {0x1EC9, 0x1EC9},
    {0x1ECB, 0x1ECB},
    {0x1ECD, 0x1ECD},
    {0x1ECF, 0x1ECF},
    {0x1ED1, 0x1ED1},
    {0x1ED3, 0x1ED3},
    {0x1ED5, 0x1ED5},
    {0x1ED7, 0x1ED7},
    {0x1ED9, 0x1ED9},
    {0x1EDB, 0x1EDB},
    {0x1EDD, 0x1EDD},
    {0x1EDF, 0x1EDF},
    {0x1EE1, 0x1EE1},
    {0x1EE3, 0x1EE3},
    {0x1EE5, 0x1EE5},
    {0x1EE7, 0x1EE7},
    {0x1EE9, 0x1EE9},
    {0x1EEB, 0x1EEB},
    {0x1EED, 0x1EED},
    {0x1EEF, 0x1EEF},
    {0x1EF1, 0x1EF1},
    {0x1EF3, 0x1EF3},
    {0x1EF5, 0x1EF5},
    {0x1EF7, 0x1EF7},
    {0x1EF9, 0x1EF9},
    {0x1EFB, 0x1EFB},
    {0x1EFD, 0x1EFD},
    {0x1EFF, 0x1F07},
    {0x1F10, 0x1F15},
    {0x1F20, 0x1F27},
    {0x1F30, 0x1F37},
    {0x1F40, 0x1F45},
    {0x1F50, 0x1F57},
    {0x1F60, 0x1F67},
    {0x1F70, 0x1F7D},
    {0x1F80, 0x1F87},
    {0x1F90, 0x1F97},
    {0x1FA0, 0x1FA7},
    {0x1FB0, 0x1FB4},
    {0x1FB6, 0x1FB7},
    {0x1FBE, 0x1FBE},
    {0x1FC2, 0x1FC4},
    {0x1FC6, 0x1FC7},
    {0x1FD0, 0x1FD3},
    {0x1FD6, 0x1FD7},
    {0x1FE0, 0x1FE7},
    {0x1FF2, 0x1FF4},
    {0x1FF6, 0x1FF7},
    {0x210A, 0x210A},
    {0x210E, 0x210F},
    {0x2113, 0x2113},
    {0x212F, 0x212F},
    {0x2134, 0x2134},
    {0x2139, 0x2139},
    {0x213C, 0x213D},
    {0x2146, 0x2149},
    {0x214E, 0x214E},
    {0x2184, 0x2184},
    {0x2C30, 0x2C5F},
    {0x2C61, 0x2C61},
    {0x2C65, 0x2C66},
    {0x2C68, 0x2C68},
    {0x2C6A, 0x2C6A},
    {0x2C6C, 0x2C6C},
    {0x2C71, 0x2C71},
    {0x2C73, 0x2C74},
    {0x2C76, 0x2C7B},
    {0x2C81, 0x2C81},
    {0x2C83, 0x2C83},
    {0x2C85, 0x2C85},
    {0x2C87, 0x2C87},
    {0x2C89, 0x2C89},
    {0x2C8B, 0x2C8B},
    {0x2C8D, 0x2C8D},
    {0x2C8F, 0x2C8F},
    {0x2C91, 0x2C91},
    {0x2C93, 0x2C93},
    {0x2C95, 0x2C95},
    {0x2C97, 0x2C97},
    {0x2C99, 0x2C99},
    {0x2C9B, 0x2C9B},
    {0x2C9D, 0x2C9D},
    {0x2C9F, 0x2C9F},
    {0x2CA1, 0x2CA1},
    {0x2CA3, 0x2CA3},
    {0x2CA5, 0x2CA5},
    {0x2CA7, 0x2CA7},
    {0x2CA9, 0x2CA9},
    {0x2CAB, 0x2CAB},
    {0x2CAD, 0x2CAD},
    {0x2CAF, 0x2CAF},
    {0x2CB1, 0x2CB1},
    {0x2CB3, 0x2CB3},
    {0x2CB5, 0x2CB5},
    {0x2CB7, 0x2CB7},
    {0x2CB9, 0x2CB9},
    {0x2CBB, 0x2CBB},
    {0x2CBD, 0x2CBD},
    {0x2CBF, 0x2CBF},
    {0x2CC1, 0x2CC1},
    {0x2CC3, 0x2CC3},
    {0x2CC5, 0x2CC5},
    {0x2CC7, 0x2CC7},
    {0x2CC9, 0x2CC9},
    {0x2CCB, 0x2CCB},
    {0x2CCD, 0x2CCD},
    {0x2CCF, 0x2CCF},
    {0x2CD1, 0x2CD1},
    {0x2CD3, 0x2CD3},
    {0x2CD5, 0x2CD5},
    {0x2CD7, 0x2CD7},
    {0x2CD9, 0x2CD9},
    {0x2CDB, 0x2CDB},
    {0x2CDD, 0x2CDD},
    {0x2CDF, 0x2CDF},
    {0x2CE1, 0x2CE1},
    {0x2CE3, 0x2CE4},
    {0x2CEC, 0x2CEC},
    {0x2CEE, 0x2CEE},
    {0x2CF3, 0x2CF3},
    {0x2D00, 0x2D25},
    {0x2D27, 0x2D27},
    {0x2D2D, 0x2D2D},
    {0xA641, 0xA641},
    {0xA643, 0xA643},
    {0xA645, 0xA645},
    {0xA647, 0xA647},
    {0xA649, 0xA649},
    {0xA64B, 0xA64B},
    {0xA64D, 0xA64D},
    {0xA64F, 0xA64F},
    {0xA651, 0xA651},
    {0xA653, 0xA653},
    {0xA655, 0xA655},
    {0xA657, 0xA657},
    {0xA659, 0xA659},
    {0xA65B, 0xA65B},
    {0xA65D, 0xA65D},
    {0xA65F, 0xA65F},
    {0xA661, 0xA661},
    {0xA663, 0xA663},
    {0xA665, 0xA665},
    {0xA667, 0xA667},
    {0xA669, 0xA669},
    {0xA66B, 0xA66B},
    {0xA66D, 0xA66D},
    {0xA681, 0xA681},
    {0xA683, 0xA683},
    {0xA685, 0xA685},
    {0xA687, 0xA687},
    {0xA689, 0xA689},
    {0xA68B, 0xA68B},
    {0xA68D, 0xA68D},
    {0xA68F, 0xA68F},
    {0xA691, 0xA691},
    {0xA693, 0xA693},
    {0xA695, 0xA695},
    {0xA697, 0xA697},
    {0xA699, 0xA699},
    {0xA69B, 0xA69B},
    {0xA723, 0xA723},
    {0xA725, 0xA725},
    {0xA727, 0xA727},
    {0xA729, 0xA729},
    {0xA72B, 0xA72B},
    {0xA72D, 0xA72D},
    {0xA72F, 0xA731},
    {0xA733, 0xA733},
    {0xA735, 0xA735},
    {0xA737, 0xA737},
    {0xA739, 0xA739},
    {0xA73B, 0xA73B},
    {0xA73D, 0xA73D},
    {0xA73F, 0xA73F},
    {0xA741, 0xA741},
    {0xA743, 0xA743},
    {0xA745, 0xA745},
    {0xA747, 0xA747},
    {0xA749, 0xA749},
    {0xA74B, 0xA74B},
    {0xA74D, 0xA74D},
    {0xA74F, 0xA74F},
    {0xA751, 0xA751},
    {0xA753, 0xA753},
    {0xA755, 0xA755},
    {0xA757, 0xA757},
    {0xA759, 0xA759},
    {0xA75B, 0xA75B},
    {0xA75D, 0xA75D},
    {0xA75F, 0xA75F},
    {0xA761, 0xA761},
    {0xA763, 0xA763},
    {0xA765, 0xA765},
    {0xA767, 0xA767},
    {0xA769, 0xA769},
    {0xA76B, 0xA76B},
    {0xA76D, 0xA76D},
    {0xA76F, 0xA76F},
    {0xA771, 0xA778},
    {0xA77A, 0xA77A},
    {0xA77C, 0xA77C},
    {0xA77F, 0xA77F},
    {0xA781, 0xA781},
    {0xA783, 0xA783},
    {0xA785, 0xA785},
    {0xA787, 0xA787},
    {0xA78C, 0xA78C},
    {0xA78E, 0xA78E},
    {0xA791, 0xA791},
    {0xA793, 0xA795},
    {0xA797, 0xA797},
    {0xA799, 0xA799},
    {0xA79B, 0xA79B},
    {0xA79D, 0xA79D},
    {0xA79F, 0xA79F},
    {0xA7A1, 0xA7A1},
    {0xA7A3, 0xA7A3},
    {0xA7A5, 0xA7A5},
    {0xA7A7, 0xA7A7},
    {0xA7A9, 0xA7A9},
    {0xA7AF, 0xA7AF},
    {0xA7B5, 0xA7B5},
    {0xA7B7, 0xA7B7},
    {0xA7B9, 0xA7B9},
    {0xA7BB, 0xA7BB},
    {0xA7BD, 0xA7BD},
    {0xA7BF, 0xA7BF},
    {0xA7C1, 0xA7C1},
    {0xA7C3, 0xA7C3},
    {0xA7C8, 0xA7C8},
    {0xA7CA, 0xA7CA},
    {0xA7D1, 0xA7D1},
    {0xA7D3, 0xA7D3},
    {0xA7D5, 0xA7D5},
    {0xA7D7, 0xA7D7},
    {0xA7D9, 0xA7D9},
    {0xA7F6, 0xA7F6},
    {0xA7FA, 0xA7FA},
    {0xAB30, 0xAB5A},
    {0xAB60, 0xAB68},
    {0xAB70, 0xABBF},
    {0xFB00, 0xFB06},
    {0xFB13, 0xFB17},
    {0xFF41, 0xFF5A},
    {0x10428, 0x1044F},
    {0x104D8, 0x104FB},
    {0x10597, 0x105A1},
    {0x105A3, 0x105B1},
    {0x105B3, 0x105B9},
    {0x105BB, 0x105BC},
    {0x10CC0, 0x10CF2},
    {0x118C0, 0x118DF},
    {0x16E60, 0x16E7F},
    {0x1D41A, 0x1D433},
    {0x1D44E, 0x1D454},
    {0x1D456, 0x1D467},
    {0x1D482, 0x1D49B},
    {0x1D4B6, 0x1D4B9},
    {0x1D4BB, 0x1D4BB},
    {0x1D4BD, 0x1D4C3},
    {0x1D4C5, 0x1D4CF},
    {0x1D4EA, 0x1D503},
    {0x1D51E, 0x1D537},
    {0x1D552, 0x1D56B},
    {0x1D586, 0x1D59F},
    {0x1D5BA, 0x1D5D3},
    {0x1D5EE, 0x1D607},
    {0x1D622, 0x1D63B},
    {0x1D656, 0x1D66F},
    {0x1D68A, 0x1D6A5},
    {0x1D6C2, 0x1D6DA},
    {0x1D6DC, 0x1D6E1},
    {0x1D6FC, 0x1D714},
    {0x1D716, 0x1D71B},
    {0x1D736, 0x1D74E},
    {0x1D750, 0x1D755},
    {0x1D770, 0x1D788},
    {0x1D78A, 0x1D78F},
    {0x1D7AA, 0x1D7C2},
    {0x1D7C4, 0x1D7C9},
    {0x1D7CB, 0x1D7CB},
    {0x1DF00, 0x1DF09},
    {0x1DF0B, 0x1DF1E},
    {0x1DF25, 0x1DF2A},
    {0x1E922, 0x1E943},
};

#define UNICODE_TITLECASE_RANGES_COUNT 10
static const unicode_range unicode_titlecase_ranges[] = {
    {0x01C5, 0x01C5},
    {0x01C8, 0x01C8},
    {0x01CB, 0x01CB},
    {0x01F2, 0x01F2},
    {0x1F88, 0x1F8F},
    {0x1F98, 0x1F9F},
    {0x1FA8, 0x1FAF},
    {0x1FBC, 0x1FBC},
    {0x1FCC, 0x1FCC},
    {0x1FFC, 0x1FFC},
};

#define UNICODE_PUNCTUATION_RANGES_COUNT 191
static const unicode_range unicode_punctuation_ranges[] = {
    {0x0021, 0x0023},
    {0x0025, 0x002A},
    {0x002C, 0x002F},
    {0x003A, 0x003B},
    {0x003F, 0x0040},
    {0x005B, 0x005D},
    {0x005F, 0x005F},
    {0x007B, 0x007B},
    {0x007D, 0x007D},
    {0x00A1, 0x00A1},
    {0x00A7, 0x00A7},
    {0x00AB, 0x00AB},
    {0x00B6, 0x00B7},
    {0x00BB, 0x00BB},
    {0x00BF, 0x00BF},
    {0x037E, 0x037E},
    {0x0387, 0x0387},
    {0x055A, 0x055F},
    {0x0589, 0x058A},
    {0x05BE, 0x05BE},
    {0x05C0, 0x05C0},
    {0x05C3, 0x05C3},
    {0x05C6, 0x05C6},
    {0x05F3, 0x05F4},
    {0x0609, 0x060A},
    {0x060C, 0x060D},
    {0x061B, 0x061B},
    {0x061D, 0x061F},
    {0x066A, 0x066D},
    {0x06D4, 0x06D4},
    {0x0700, 0x070D},
    {0x07F7, 0x07F9},
    {0x0830, 0x083E},
    {0x085E, 0x085E},
    {0x0964, 0x0965},
    {0x0970, 0x0970},
    {0x09FD, 0x09FD},
    {0x0A76, 0x0A76},
    {0x0AF0, 0x0AF0},
    {0x0C77, 0x0C77},
    {0x0C84, 0x0C84},
    {0x0DF4, 0x0DF4},
    {0x0E4F, 0x0E4F},
    {0x0E5A, 0x0E5B},
    {0x0F04, 0x0F12},
    {0x0F14, 0x0F14},
    {0x0F3A, 0x0F3D},
    {0x0F85, 0x0F85},
    {0x0FD0, 0x0FD4},
    {0x0FD9, 0x0FDA},
    {0x104A, 0x104F},
    {0x10FB, 0x10FB},
    {0x1360, 0x1368},
    {0x1400, 0x1400},
    {0x166E, 0x166E},
    {0x169B, 0x169C},
    {0x16EB, 0x16ED},
    {0x1735, 0x1736},
    {0x17D4, 0x17D6},
    {0x17D8, 0x17DA},
    {0x1800, 0x180A},
    {0x1944, 0x1945},
    {0x1A1E, 0x1A1F},
    {0x1AA0, 0x1AA6},
    {0x1AA8, 0x1AAD},
    {0x1B5A, 0x1B60},
    {0x1B7D, 0x1B7E},
    {0x1BFC, 0x1BFF},
    {0x1C3B, 0x1C3F},
    {0x1C7E, 0x1C7F},
    {0x1CC0, 0x1CC7},
    {0x1CD3, 0x1CD3},
    {0x2010, 0x2027},
    {0x2030, 0x2043},
    {0x2045, 0x2051},
    {0x2053, 0x205E},
    {0x207D, 0x207E},
    {0x208D, 0x208E},
    {0x2308, 0x230B},
    {0x2329, 0x232A},
    {0x2768, 0x2775},
    {0x27C5, 0x27C6},
    {0x27E6, 0x27EF},
    {0x2983, 0x2998},
    {0x29D8, 0x29DB},
    {0x29FC, 0x29FD},
    {0x2CF9, 0x2CFC},
    {0x2CFE, 0x2CFF},
    {0x2D70, 0x2D70},
    {0x2E00, 0x2E2E},
    {0x2E30, 0x2E4F},
    {0x2E52, 0x2E5D},
    {0x3001, 0x3003},
    {0x3008, 0x3011},
    {0x3014, 0x301F},
    {0x3030, 0x3030},
    {0x303D, 0x303D},
    {0x30A0, 0x30A0},
    {0x30FB, 0x30FB},
    {0xA4FE, 0xA4FF},
    {0xA60D, 0xA60F},
    {0xA673, 0xA673},
    {0xA67E, 0xA67E},
    {0xA6F2, 0xA6F7},
    {0xA874, 0xA877},
    {0xA8CE, 0xA8CF},
    {0xA8F8, 0xA8FA},
    {0xA8FC, 0xA8FC},
    {0xA92E, 0xA92F},
    {0xA95F, 0xA95F},
    {0xA9C1, 0xA9CD},
    {0xA9DE, 0xA9DF},
    {0xAA5C, 0xAA5F},
    {0xAADE, 0xAADF},
    {0xAAF0, 0xAAF1},
    {0xABEB, 0xABEB},
    {0xFD3E, 0xFD3F},
    {0xFE10, 0xFE19},
    {0xFE30, 0xFE52},
    {0xFE54, 0xFE61},
    {0xFE63, 0xFE63},
    {0xFE68, 0xFE68},
    {0xFE6A, 0xFE6B},
    {0xFF01, 0xFF03},
    {0xFF05, 0xFF0A},
    {0xFF0C, 0xFF0F},
    {0xFF1A, 0xFF1B},
    {0xFF1F, 0xFF20},
    {0xFF3B, 0xFF3D},
    {0xFF3F, 0xFF3F},
    {0xFF5B, 0xFF5B},
    {0xFF5D, 0xFF5D},
    {0xFF5F, 0xFF65},
    {0x10100, 0x10102},
    {0x1039F, 0x1039F},
    {0x103D0, 0x103D0},
    {0x1056F, 0x1056F},
    {0x10857, 0x10857},
    {0x1091F, 0x1091F},
    {0x1093F, 0x1093F},
    {0x10A50, 0x10A58},
    {0x10A7F, 0x10A7F},
    {0x10AF0, 0x10AF6},
    {0x10B39, 0x10B3F},
    {0x10B99, 0x10B9C},
    {0x10EAD, 0x10EAD},
    {0x10F55, 0x10F59},
    {0x10F86, 0x10F89},
    {0x11047, 0x1104D},
    {0x110BB, 0x110BC},
    {0x110BE, 0x110C1},
    {0x11140, 0x11143},
    {0x11174, 0x11175},
    {0x111C5, 0x111C8},
    {0x111CD, 0x111CD},
    {0x111DB, 0x111DB},
    {0x111DD, 0x111DF},
    {0x11238, 0x1123D},
    {0x112A9, 0x112A9},
    {0x1144B, 0x1144F},
    {0x1145A, 0x1145B},
    {0x1145D, 0x1145D},
    {0x114C6, 0x114C6},
    {0x115C1, 0x115D7},
    {0x11641, 0x11643},
    {0x11660, 0x1166C},
    {0x116B9, 0x116B9},
    {0x1173C, 0x1173E},
    {0x1183B, 0x1183B},
    {0x11944, 0x11946},
    {0x119E2, 0x119E2},
    {0x11A3F, 0x11A46},
    {0x11A9A, 0x11A9C},
    {0x11A9E, 0x11AA2},
    {0x11B00, 0x11B09},
    {0x11C41, 0x11C45},
    {0x11C70, 0x11C71},
    {0x11EF7, 0x11EF8},
    {0x11F43, 0x11F4F},
    {0x11FFF, 0x11FFF},
    {0x12470, 0x12474},
    {0x12FF1, 0x12FF2},
    {0x16A6E, 0x16A6F},
    {0x16AF5, 0x16AF5},
    {0x16B37, 0x16B3B},
    {0x16B44, 0x16B44},
    {0x16E97, 0x16E9A},
    {0x16FE2, 0x16FE2},
    {0x1BC9F, 0x1BC9F},
    {0x1DA87, 0x1DA8B},
    {0x1E95E, 0x1E95F},
};

#define UNICODE_SYMBOL_RANGES_COUNT 233
static const unicode_range unicode_symbol_ranges[] = {
    {0x0024, 0x0024},
    {0x002B, 0x002B},
    {0x003C, 0x003E},
    {0x005E, 0x005E},
    {0x0060, 0x0060},
    {0x007C, 0x007C},
    {0x007E, 0x007E},
    {0x00A2, 0x00A6},
    {0x00A8, 0x00A9},
    {0x00AC, 0x00AC},
    {0x00AE, 0x00B1},
    {0x00B4, 0x00B4},
    {0x00B8, 0x00B8},
    {0x00D7, 0x00D7},
    {0x00F7, 0x00F7},
    {0x02C2, 0x02C5},
    {0x02D2, 0x02DF},
    {0x02E5, 0x02EB},
    {0x02ED, 0x02ED},
    {0x02EF, 0x02FF},
    {0x0375, 0x0375},
    {0x0384, 0x0385},
    {0x03F6, 0x03F6},
    {0x0482, 0x0482},
    {0x058D, 0x058F},
    {0x0606, 0x0608},
    {0x060B, 0x060B},
    {0x060E, 0x060F},
    {0x06DE, 0x06DE},
    {0x06E9, 0x06E9},
    {0x06FD, 0x06FE},
    {0x07F6, 0x07F6},
    {0x07FE, 0x07FF},
    {0x0888, 0x0888},
    {0x09F2, 0x09F3},
    {0x09FA, 0x09FB},
    {0x0AF1, 0x0AF1},
    {0x0B70, 0x0B70},
    {0x0BF3, 0x0BFA},
    {0x0C7F, 0x0C7F},
    {0x0D4F, 0x0D4F},
    {0x0D79, 0x0D79},
    {0x0E3F, 0x0E3F},
    {0x0F01, 0x0F03},
    {0x0F13, 0x0F13},
    {0x0F15, 0x0F17},
    {0x0F1A, 0x0F1F},
    {0x0F34, 0x0F34},
    {0x0F36, 0x0F36},
    {0x0F38, 0x0F38},
    {0x0FBE, 0x0FC5},
    {0x0FC7, 0x0FCC},
    {0x0FCE, 0x0FCF},
    {0x0FD5, 0x0FD8},
    {0x109E, 0x109F},
    {0x1390, 0x1399},
    {0x166D, 0x166D},
    {0x17DB, 0x17DB},
    {0x1940, 0x1940},
    {0x19DE, 0x19FF},
    {0x1B61, 0x1B6A},
    {0x1B74, 0x1B7C},
    {0x1FBD, 0x1FBD},
    {0x1FBF, 0x1FC1},
    {0x1FCD, 0x1FCF},
    {0x1FDD, 0x1FDF},
    {0x1FED, 0x1FEF},
    {0x1FFD, 0x1FFE},
    {0x2044, 0x2044},
    {0x2052, 0x2052},
    {0x207A, 0x207C},
    {0x208A, 0x208C},
    {0x20A0, 0x20C0},
    {0x2100, 0x2101},
    {0x2103, 0x2106},
    {0x2108, 0x2109},
    {0x2114, 0x2114},
    {0x2116, 0x2118},
    {0x211E, 0x2123},
    {0x2125, 0x2125},
    {0x2127, 0x2127},
    {0x2129, 0x2129},
    {0x212E, 0x212E},
    {0x213A, 0x213B},
    {0x2140, 0x2144},
    {0x214A, 0x214D},
    {0x214F, 0x214F},
    {0x218A, 0x218B},
    {0x2190, 0x2307},
    {0x230C, 0x2328},
    {0x232B, 0x2426},
    {0x2440, 0x244A},
    {0x249C, 0x24E9},
    {0x2500, 0x2767},
    {0x2794, 0x27C4},
    {0x27C7, 0x27E5},
    {0x27F0, 0x2982},
    {0x2999, 0x29D7},
    {0x29DC, 0x29FB},
    {0x29FE, 0x2B73},
    {0x2B76, 0x2B95},
    {0x2B97, 0x2BFF},
    {0x2CE5, 0x2CEA},
    {0x2E50, 0x2E51},
    {0x2E80, 0x2E99},
    {0x2E9B, 0x2EF3},
    {0x2F00, 0x2FD5},
    {0x2FF0, 0x2FFF},
    {0x3004, 0x3004},
    {0x3012, 0x3013},
    {0x3020, 0x3020},
    {0x3036, 0x3037},
    {0x303E, 0x303F},
    {0x309B, 0x309C},
    {0x3190, 0x3191},
    {0x3196, 0x319F},
    {0x31C0, 0x31E3},
    {0x31EF, 0x31EF},
    {0x3200, 0x321E},
    {0x322A, 0x3247},
    {0x3250, 0x3250},
    {0x3260, 0x327F},
    {0x328A, 0x32B0},
    {0x32C0, 0x33FF},
    {0x4DC0, 0x4DFF},
    {0xA490, 0xA4C6},
    {0xA700, 0xA716},
    {0xA720, 0xA721},
    {0xA789, 0xA78A},
    {0xA828, 0xA82B},
    {0xA836, 0xA839},
    {0xAA77, 0xAA79},
    {0xAB5B, 0xAB5B},
    {0xAB6A, 0xAB6B},
    {0xFB29, 0xFB29},
    {0xFBB2, 0xFBC2},
    {0xFD40, 0xFD4F},
    {0xFDCF, 0xFDCF},
    {0xFDFC, 0xFDFF},
    {0xFE62, 0xFE62},
    {0xFE64, 0xFE66},
    {0xFE69, 0xFE69},
    {0xFF04, 0xFF04},
    {0xFF0B, 0xFF0B},
    {0xFF1C, 0xFF1E},
    {0xFF3E, 0xFF3E},
    {0xFF40, 0xFF40},
    {0xFF5C, 0xFF5C},
    {0xFF5E, 0xFF5E},
    {0xFFE0, 0xFFE6},
    {0xFFE8, 0xFFEE},
    {0xFFFC, 0xFFFD},
    {0x10137, 0x1013F},
    {0x10179, 0x10189},
    {0x1018C, 0x1018E},
    {0x10190, 0x1019C},
    {0x101A0, 0x101A0},
    {0x101D0, 0x101FC},
    {0x10877, 0x10878},
    {0x10AC8, 0x10AC8},
    {0x1173F, 0x1173F},
    {0x11FD5, 0x11FF1},
    {0x16B3C, 0x16B3F},
    {0x16B45, 0x16B45},
    {0x1BC9C, 0x1BC9C},
    {0x1CF50, 0x1CFC3},
    {0x1D000, 0x1D0F5},
    {0x1D100, 0x1D126},
    {0x1D129, 0x1D164},
    {0x1D16A, 0x1D16C},
    {0x1D183, 0x1D184},
    {0x1D18C, 0x1D1A9},
    {0x1D1AE, 0x1D1EA},
    {0x1D200, 0x1D241},
    {0x1D245, 0x1D245},
    {0x1D300, 0x1D356},
    {0x1D6C1, 0x1D6C1},
    {0x1D6DB, 0x1D6DB},
    {0x1D6FB, 0x1D6FB},
    {0x1D715, 0x1D715},
    {0x1D735, 0x1D735},
    {0x1D74F, 0x1D74F},
    {0x1D76F, 0x1D76F},
    {0x1D789, 0x1D789},
    {0x1D7A9, 0x1D7A9},
    {0x1D7C3, 0x1D7C3},
    {0x1D800, 0x1D9FF},
    {0x1DA37, 0x1DA3A},
    {0x1DA6D, 0x1DA74},
    {0x1DA76, 0x1DA83},
    {0x1DA85, 0x1DA86},
    {0x1E14F, 0x1E14F},
    {0x1E2FF, 0x1E2FF},
    {0x1ECAC, 0x1ECAC},
    {0x1ECB0, 0x1ECB0},
    {0x1ED2E, 0x1ED2E},
    {0x1EEF0, 0x1EEF1},
    {0x1F000, 0x1F02B},
    {0x1F030, 0x1F093},
    {0x1F0A0, 0x1F0AE},
    {0x1F0B1, 0x1F0BF},
    {0x1F0C1, 0x1F0CF},
    {0x1F0D1, 0x1F0F5},
    {0x1F10D, 0x1F1AD},
    {0x1F1E6, 0x1F202},
    {0x1F210, 0x1F23B},
    {0x1F240, 0x1F248},
    {0x1F250, 0x1F251},
    {0x1F260, 0x1F265},
    {0x1F300, 0x1F6D7},
    {0x1F6DC, 0x1F6EC},
    {0x1F6F0, 0x1F6FC},
    {0x1F700, 0x1F776},
    {0x1F77B, 0x1F7D9},
    {0x1F7E0, 0x1F7EB},
    {0x1F7F0, 0x1F7F0},
    {0x1F800, 0x1F80B},
    {0x1F810, 0x1F847},
    {0x1F850, 0x1F859},
    {0x1F860, 0x1F887},
    {0x1F890, 0x1F8AD},
    {0x1F8B0, 0x1F8B1},
    {0x1F900, 0x1FA53},
    {0x1FA60, 0x1FA6D},
    {0x1FA70, 0x1FA7C},
    {0x1FA80, 0x1FA88},
    {0x1FA90, 0x1FABD},
    {0x1FABF, 0x1FAC5},
    {0x1FACE, 0x1FADB},
    {0x1FAE0, 0x1FAE8},
    {0x1FAF0, 0x1FAF8},
    {0x1FB00, 0x1FB92},
    {0x1FB94, 0x1FBCA},
};

#define UNICODE_UPCASE_COUNT 1450
static const unicode_simple_fold_entry unicode_upcase_table[] = {
    {0x0061, 0x0041},
    {0x0062, 0x0042},
    {0x0063, 0x0043},
    {0x0064, 0x0044},
    {0x0065, 0x0045},
    {0x0066, 0x0046},
    {0x0067, 0x0047},
    {0x0068, 0x0048},
    {0x0069, 0x0049},
    {0x006A, 0x004A},
    {0x006B, 0x004B},
    {0x006C, 0x004C},
    {0x006D, 0x004D},
    {0x006E, 0x004E},
    {0x006F, 0x004F},
    {0x0070, 0x0050},
    {0x0071, 0x0051},
    {0x0072, 0x0052},
    {0x0073, 0x0053},
    {0x0074, 0x0054},
    {0x0075, 0x0055},
    {0x0076, 0x0056},
    {0x0077, 0x0057},
    {0x0078, 0x0058},
    {0x0079, 0x0059},
    {0x007A, 0x005A},
    {0x00B5, 0x039C},
    {0x00E0, 0x00C0},
    {0x00E1, 0x00C1},
    {0x00E2, 0x00C2},
    {0x00E3, 0x00C3},
    {0x00E4, 0x00C4},
    {0x00E5, 0x00C5},
    {0x00E6, 0x00C6},
    {0x00E7, 0x00C7},
    {0x00E8, 0x00C8},
    {0x00E9, 0x00C9},
    {0x00EA, 0x00CA},
    {0x00EB, 0x00CB},
    {0x00EC, 0x00CC},
    {0x00ED, 0x00CD},
    {0x00EE, 0x00CE},
    {0x00EF, 0x00CF},
    {0x00F0, 0x00D0},
    {0x00F1, 0x00D1},
    {0x00F2, 0x00D2},
    {0x00F3, 0x00D3},
    {0x00F4, 0x00D4},
    {0x00F5, 0x00D5},
    {0x00F6, 0x00D6},
    {0x00F8, 0x00D8},
    {0x00F9, 0x00D9},
    {0x00FA, 0x00DA},
    {0x00FB, 0x00DB},
    {0x00FC, 0x00DC},
    {0x00FD, 0x00DD},
    {0x00FE, 0x00DE},
    {0x00FF, 0x0178},
    {0x0101, 0x0100},
    {0x0103, 0x0102},
    {0x0105, 0x0104},
    {0x0107, 0x0106},
    {0x0109, 0x0108},
    {0x010B, 0x010A},
    {0x010D, 0x010C},
    {0x010F, 0x010E},
    {0x0111, 0x0110},
    {0x0113, 0x0112},
    {0x0115, 0x0114},
    {0x0117, 0x0116},
    {0x0119, 0x0118},
    {0x011B, 0x011A},
    {0x011D, 0x011C},
    {0x011F, 0x011E},
    {0x0121, 0x0120},
    {0x0123, 0x0122},
    {0x0125, 0x0124},
    {0x0127, 0x0126},
    {0x0129, 0x0128},
    {0x012B, 0x012A},
    {0x012D, 0x012C},
    {0x012F, 0x012E},
    {0x0131, 0x0049},
    {0x0133, 0x0132},
    {0x0135, 0x0134},
    {0x0137, 0x0136},
    {0x013A, 0x0139},
    {0x013C, 0x013B},
    {0x013E, 0x013D},
    {0x0140, 0x013F},
    {0x0142, 0x0141},
    {0x0144, 0x0143},
    {0x0146, 0x0145},
    {0x0148, 0x0147},
    {0x014B, 0x014A},
    {0x014D, 0x014C},
    {0x014F, 0x014E},
    {0x0151, 0x0150},
    {0x0153, 0x0152},
    {0x0155, 0x0154},
    {0x0157, 0x0156},
    {0x0159, 0x0158},
    {0x015B, 0x015A},
    {0x015D, 0x015C},
    {0x015F, 0x015E},
    {0x0161, 0x0160},
    {0x0163, 0x0162},
    {0x0165, 0x0164},
    {0x0167, 0x0166},
    {0x0169, 0x0168},
    {0x016B, 0x016A},
    {0x016D, 0x016C},
    {0x016F, 0x016E},
    {0x0171, 0x0170},
    {0x0173, 0x0172},
    {0x0175, 0x0174},
    {0x0177, 0x0176},
    {0x017A, 0x0179},
    {0x017C, 0x017B},
    {0x017E, 0x017D},
    {0x017F, 0x0053},
    {0x0180, 0x0243},
    {0x0183, 0x0182},
    {0x0185, 0x0184},
    {0x0188, 0x0187},
    {0x018C, 0x018B},
    {0x0192, 0x0191},
    {0x0195, 0x01F6},
    {0x0199, 0x0198},
    {0x019A, 0x023D},
    {0x019E, 0x0220},
    {0x01A1, 0x01A0},
    {0x01A3, 0x01A2},
    {0x01A5, 0x01A4},
    {0x01A8, 0x01A7},
    {0x01AD, 0x01AC},
    {0x01B0, 0x01AF},
    {0x01B4, 0x01B3},
    {0x01B6, 0x01B5},
    {0x01B9, 0x01B8},
    {0x01BD, 0x01BC},
    {0x01BF, 0x01F7},
    {0x01C5, 0x01C4},
    {0x01C6, 0x01C4},
    {0x01C8, 0x01C7},
    {0x01C9, 0x01C7},
    {0x01CB, 0x01CA},
    {0x01CC, 0x01CA},
    {0x01CE, 0x01CD},
    {0x01D0, 0x01CF},
    {0x01D2, 0x01D1},
    {0x01D4, 0x01D3},
    {0x01D6, 0x01D5},
    {0x01D8, 0x01D7},
    {0x01DA, 0x01D9},
    {0x01DC, 0x01DB},
    {0x01DD, 0x018E},
    {0x01DF, 0x01DE},
    {0x01E1, 0x01E0},
    {0x01E3, 0x01E2},
    {0x01E5, 0x01E4},
    {0x01E7, 0x01E6},
    {0x01E9, 0x01E8},
    {0x01EB, 0x01EA},
    {0x01ED, 0x01EC},
    {0x01EF, 0x01EE},
    {0x01F2, 0x01F1},
    {0x01F3, 0x01F1},
    {0x01F5, 0x01F4},
    {0x01F9, 0x01F8},
    {0x01FB, 0x01FA},
    {0x01FD, 0x01FC},
    {0x01FF, 0x01FE},
    {0x0201, 0x0200},
    {0x0203, 0x0202},
    {0x0205, 0x0204},
    {0x0207, 0x0206},
    {0x0209, 0x0208},
    {0x020B, 0x020A},
    {0x020D, 0x020C},
    {0x020F, 0x020E},
    {0x0211, 0x0210},
    {0x0213, 0x0212},
    {0x0215, 0x0214},
    {0x0217, 0x0216},
    {0x0219, 0x0218},
    {0x021B, 0x021A},
    {0x021D, 0x021C},
    {0x021F, 0x021E},
    {0x0223, 0x0222},
    {0x0225, 0x0224},
    {0x0227, 0x0226},
    {0x0229, 0x0228},
    {0x022B, 0x022A},
    {0x022D, 0x022C},
    {0x022F, 0x022E},
    {0x0231, 0x0230},
    {0x0233, 0x0232},
    {0x023C, 0x023B},
    {0x023F, 0x2C7E},
    {0x0240, 0x2C7F},
    {0x0242, 0x0241},
    {0x0247, 0x0246},
    {0x0249, 0x0248},
    {0x024B, 0x024A},
    {0x024D, 0x024C},
    {0x024F, 0x024E},
    {0x0250, 0x2C6F},
    {0x0251, 0x2C6D},
    {0x0252, 0x2C70},
    {0x0253, 0x0181},
    {0x0254, 0x0186},
    {0x0256, 0x0189},
    {0x0257, 0x018A},
    {0x0259, 0x018F},
    {0x025B, 0x0190},
    {0x025C, 0xA7AB},
    {0x0260, 0x0193},
    {0x0261, 0xA7AC},
    {0x0263, 0x0194},
    {0x0265, 0xA78D},
    {0x0266, 0xA7AA},
    {0x0268, 0x0197},
    {0x0269, 0x0196},
    {0x026A, 0xA7AE},
    {0x026B, 0x2C62},
    {0x026C, 0xA7AD},
    {0x026F, 0x019C},
    {0x0271, 0x2C6E},
    {0x0272, 0x019D},
    {0x0275, 0x019F},
    {0x027D, 0x2C64},
    {0x0280, 0x01A6},
    {0x0282, 0xA7C5},
    {0x0283, 0x01A9},
    {0x0287, 0xA7B1},
    {0x0288, 0x01AE},
    {0x0289, 0x0244},
    {0x028A, 0x01B1},
    {0x028B, 0x01B2},
    {0x028C, 0x0245},
    {0x0292, 0x01B7},
    {0x029D, 0xA7B2},
    {0x029E, 0xA7B0},
    {0x0345, 0x0399},
    {0x0371, 0x0370},
    {0x0373, 0x0372},
    {0x0377, 0x0376},
    {0x037B, 0x03FD},
    {0x037C, 0x03FE},
    {0x037D, 0x03FF},
    {0x03AC, 0x0386},
    {0x03AD, 0x0388},
    {0x03AE, 0x0389},
    {0x03AF, 0x038A},
    {0x03B1, 0x0391},
    {0x03B2, 0x0392},
    {0x03B3, 0x0393},
    {0x03B4, 0x0394},
    {0x03B5, 0x0395},
    {0x03B6, 0x0396},
    {0x03B7, 0x0397},
    {0x03B8, 0x0398},
    {0x03B9, 0x0399},
    {0x03BA, 0x039A},
    {0x03BB, 0x039B},
    {0x03BC, 0x039C},
    {0x03BD, 0x039D},
    {0x03BE, 0x039E},
    {0x03BF, 0x039F},
    {0x03C0, 0x03A0},
    {0x03C1, 0x03A1},
    {0x03C2, 0x03A3},
    {0x03C3, 0x03A3},
    {0x03C4, 0x03A4},
    {0x03C5, 0x03A5},
    {0x03C6, 0x03A6},
    {0x03C7, 0x03A7},
    {0x03C8, 0x03A8},
    {0x03C9, 0x03A9},
    {0x03CA, 0x03AA},
    {0x03CB, 0x03AB},
    {0x03CC, 0x038C},
    {0x03CD, 0x038E},
    {0x03CE, 0x038F},
    {0x03D0, 0x0392},
    {0x03D1, 0x0398},
    {0x03D5, 0x03A6},
    {0x03D6, 0x03A0},
    {0x03D7, 0x03CF},
    {0x03D9, 0x03D8},
    {0x03DB, 0x03DA},
    {0x03DD, 0x03DC},
    {0x03DF, 0x03DE},
    {0x03E1, 0x03E0},
    {0x03E3, 0x03E2},
    {0x03E5, 0x03E4},
    {0x03E7, 0x03E6},
    {0x03E9, 0x03E8},
    {0x03EB, 0x03EA},
    {0x03ED, 0x03EC},
    {0x03EF, 0x03EE},
    {0x03F0, 0x039A},
    {0x03F1, 0x03A1},
    {0x03F2, 0x03F9},
    {0x03F3, 0x037F},
    {0x03F5, 0x0395},
    {0x03F8, 0x03F7},
    {0x03FB, 0x03FA},
    {0x0430, 0x0410},
    {0x0431, 0x0411},
    {0x0432, 0x0412},
    {0x0433, 0x0413},
    {0x0434, 0x0414},
    {0x0435, 0x0415},
    {0x0436, 0x0416},
    {0x0437, 0x0417},
    {0x0438, 0x0418},
    {0x0439, 0x0419},
    {0x043A, 0x041A},
    {0x043B, 0x041B},
    {0x043C, 0x041C},
    {0x043D, 0x041D},
    {0x043E, 0x041E},
    {0x043F, 0x041F},
    {0x0440, 0x0420},
    {0x0441, 0x0421},
    {0x0442, 0x0422},
    {0x0443, 0x0423},
    {0x0444, 0x0424},
    {0x0445, 0x0425},
    {0x0446, 0x0426},
    {0x0447, 0x0427},
    {0x0448, 0x0428},
    {0x0449, 0x0429},
    {0x044A, 0x042A},
    {0x044B, 0x042B},
    {0x044C, 0x042C},
    {0x044D, 0x042D},
    {0x044E, 0x042E},
    {0x044F, 0x042F},
    {0x0450, 0x0400},
    {0x0451, 0x0401},
    {0x0452, 0x0402},
    {0x0453, 0x0403},
    {0x0454, 0x0404},
    {0x0455, 0x0405},
    {0x0456, 0x0406},
    {0x0457, 0x0407},
    {0x0458, 0x0408},
    {0x0459, 0x0409},
    {0x045A, 0x040A},
    {0x045B, 0x040B},
    {0x045C, 0x040C},
    {0x045D, 0x040D},
    {0x045E, 0x040E},
    {0x045F, 0x040F},
    {0x0461, 0x0460},
    {0x0463, 0x0462},
    {0x0465, 0x0464},
    {0x0467, 0x0466},
    {0x0469, 0x0468},
    {0x046B, 0x046A},
    {0x046D, 0x046C},
    {0x046F, 0x046E},
    {0x0471, 0x0470},
    {0x0473, 0x0472},
    {0x0475, 0x0474},
    {0x0477, 0x0476},
    {0x0479, 0x0478},
    {0x047B, 0x047A},
    {0x047D, 0x047C},
    {0x047F, 0x047E},
    {0x0481, 0x0480},
    {0x048B, 0x048A},
    {0x048D, 0x048C},
    {0x048F, 0x048E},
    {0x0491, 0x0490},
    {0x0493, 0x0492},
    {0x0495, 0x0494},
    {0x0497, 0x0496},
    {0x0499, 0x0498},
    {0x049B, 0x049A},
    {0x049D, 0x049C},
    {0x049F, 0x049E},
    {0x04A1, 0x04A0},
    {0x04A3, 0x04A2},
    {0x04A5, 0x04A4},
    {0x04A7, 0x04A6},
    {0x04A9, 0x04A8},
    {0x04AB, 0x04AA},
    {0x04AD, 0x04AC},
    {0x04AF, 0x04AE},
    {0x04B1, 0x04B0},
    {0x04B3, 0x04B2},
    {0x04B5, 0x04B4},
    {0x04B7, 0x04B6},
    {0x04B9, 0x04B8},
    {0x04BB, 0x04BA},
    {0x04BD, 0x04BC},
    {0x04BF, 0x04BE},
    {0x04C2, 0x04C1},
    {0x04C4, 0x04C3},
    {0x04C6, 0x04C5},
    {0x04C8, 0x04C7},
    {0x04CA, 0x04C9},
    {0x04CC, 0x04CB},
    {0x04CE, 0x04CD},
    {0x04CF, 0x04C0},
    {0x04D1, 0x04D0},
    {0x04D3, 0x04D2},
    {0x04D5, 0x04D4},
    {0x04D7, 0x04D6},
    {0x04D9, 0x04D8},
    {0x04DB, 0x04DA},
    {0x04DD, 0x04DC},
    {0x04DF, 0x04DE},
    {0x04E1, 0x04E0},
    {0x04E3, 0x04E2},
    {0x04E5, 0x04E4},
    {0x04E7, 0x04E6},
    {0x04E9, 0x04E8},
    {0x04EB, 0x04EA},
    {0x04ED, 0x04EC},
    {0x04EF, 0x04EE},
    {0x04F1, 0x04F0},
    {0x04F3, 0x04F2},
    {0x04F5, 0x04F4},
    {0x04F7, 0x04F6},
    {0x04F9, 0x04F8},
    {0x04FB, 0x04FA},
    {0x04FD, 0x04FC},
    {0x04FF, 0x04FE},
    {0x0501, 0x0500},
    {0x0503, 0x0502},
    {0x0505, 0x0504},
    {0x0507, 0x0506},
    {0x0509, 0x0508},
    {0x050B, 0x050A},
    {0x050D, 0x050C},
    {0x050F, 0x050E},
    {0x0511, 0x0510},
    {0x0513, 0x0512},
    {0x0515, 0x0514},
    {0x0517, 0x0516},
    {0x0519, 0x0518},
    {0x051B, 0x051A},
    {0x051D, 0x051C},
    {0x051F, 0x051E},
    {0x0521, 0x0520},
    {0x0523, 0x0522},
    {0x0525, 0x0524},
    {0x0527, 0x0526},
    {0x0529, 0x0528},
    {0x052B, 0x052A},
    {0x052D, 0x052C},
    {0x052F, 0x052E},
    {0x0561, 0x0531},
    {0x0562, 0x0532},
    {0x0563, 0x0533},
    {0x0564, 0x0534},
    {0x0565, 0x0535},
    {0x0566, 0x0536},
    {0x0567, 0x0537},
    {0x0568, 0x0538},
    {0x0569, 0x0539},
    {0x056A, 0x053A},
    {0x056B, 0x053B},
    {0x056C, 0x053C},
    {0x056D, 0x053D},
    {0x056E, 0x053E},
    {0x056F, 0x053F},
    {0x0570, 0x0540},
    {0x0571, 0x0541},
    {0x0572, 0x0542},
    {0x0573, 0x0543},
    {0x0574, 0x0544},
    {0x0575, 0x0545},
    {0x0576, 0x0546},
    {0x0577, 0x0547},
    {0x0578, 0x0548},
    {0x0579, 0x0549},
    {0x057A, 0x054A},
    {0x057B, 0x054B},
    {0x057C, 0x054C},
    {0x057D, 0x054D},
    {0x057E, 0x054E},
    {0x057F, 0x054F},
    {0x0580, 0x0550},
    {0x0581, 0x0551},
    {0x0582, 0x0552},
    {0x0583, 0x0553},
    {0x0584, 0x0554},
    {0x0585, 0x0555},
    {0x0586, 0x0556},
    {0x10D0, 0x1C90},
    {0x10D1, 0x1C91},
    {0x10D2, 0x1C92},
    {0x10D3, 0x1C93},
    {0x10D4, 0x1C94},
    {0x10D5, 0x1C95},
    {0x10D6, 0x1C96},
    {0x10D7, 0x1C97},
    {0x10D8, 0x1C98},
    {0x10D9, 0x1C99},
    {0x10DA, 0x1C9A},
    {0x10DB, 0x1C9B},
    {0x10DC, 0x1C9C},
    {0x10DD, 0x1C9D},
    {0x10DE, 0x1C9E},
    {0x10DF, 0x1C9F},
    {0x10E0, 0x1CA0},
    {0x10E1, 0x1CA1},
    {0x10E2, 0x1CA2},
    {0x10E3, 0x1CA3},
    {0x10E4, 0x1CA4},
    {0x10E5, 0x1CA5},
    {0x10E6, 0x1CA6},
    {0x10E7, 0x1CA7},
    {0x10E8, 0x1CA8},
    {0x10E9, 0x1CA9},
    {0x10EA, 0x1CAA},
    {0x10EB, 0x1CAB},
    {0x10EC, 0x1CAC},
    {0x10ED, 0x1CAD},
    {0x10EE, 0x1CAE},
    {0x10EF, 0x1CAF},
    {0x10F0, 0x1CB0},
    {0x10F1, 0x1CB1},
    {0x10F2, 0x1CB2},
    {0x10F3, 0x1CB3},
    {0x10F4, 0x1CB4},
    {0x10F5, 0x1CB5},
    {0x10F6, 0x1CB6},
    {0x10F7, 0x1CB7},
    {0x10F8, 0x1CB8},
    {0x10F9, 0x1CB9},
    {0x10FA, 0x1CBA},
    {0x10FD, 0x1CBD},
    {0x10FE, 0x1CBE},
    {0x10FF, 0x1CBF},
    {0x13F8, 0x13F0},
    {0x13F9, 0x13F1},
    {0x13FA, 0x13F2},
    {0x13FB, 0x13F3},
    {0x13FC, 0x13F4},
    {0x13FD, 0x13F5},
    {0x1C80, 0x0412},
    {0x1C81, 0x0414},
    {0x1C82, 0x041E},
    {0x1C83, 0x0421},
    {0x1C84, 0x0422},
    {0x1C85, 0x0422},
    {0x1C86, 0x042A},
    {0x1C87, 0x0462},
    {0x1C88, 0xA64A},
    {0x1D79, 0xA77D},
    {0x1D7D, 0x2C63},
    {0x1D8E, 0xA7C6},
    {0x1E01, 0x1E00},
    {0x1E03, 0x1E02},
    {0x1E05, 0x1E04},
    {0x1E07, 0x1E06},
    {0x1E09, 0x1E08},
    {0x1E0B, 0x1E0A},
    {0x1E0D, 0x1E0C},
    {0x1E0F, 0x1E0E},
    {0x1E11, 0x1E10},
    {0x1E13, 0x1E12},
    {0x1E15, 0x1E14},
    {0x1E17, 0x1E16},
    {0x1E19, 0x1E18},
    {0x1E1B, 0x1E1A},
    {0x1E1D, 0x1E1C},
    {0x1E1F, 0x1E1E},
    {0x1E21, 0x1E20},
    {0x1E23, 0x1E22},
    {0x1E25, 0x1E24},
    {0x1E27, 0x1E26},
    {0x1E29, 0x1E28},
    {0x1E2B, 0x1E2A},
    {0x1E2D, 0x1E2C},
    {0x1E2F, 0x1E2E},
    {0x1E31, 0x1E30},
    {0x1E33, 0x1E32},
    {0x1E35, 0x1E34},
    {0x1E37, 0x1E36},
    {0x1E39, 0x1E38},
    {0x1E3B, 0x1E3A},
    {0x1E3D, 0x1E3C},
    {0x1E3F, 0x1E3E},
    {0x1E41, 0x1E40},
    {0x1E43, 0x1E42},
    {0x1E45, 0x1E44},
    {0x1E47, 0x1E46},
    {0x1E49, 0x1E48},
    {0x1E4B, 0x1E4A},
    {0x1E4D, 0x1E4C},
    {0x1E4F, 0x1E4E},
    {0x1E51, 0x1E50},
    {0x1E53, 0x1E52},
    {0x1E55, 0x1E54},
    {0x1E57, 0x1E56},
    {0x1E59, 0x1E58},
    {0x1E5B, 0x1E5A},
    {0x1E5D, 0x1E5C},
    {0x1E5F, 0x1E5E},
    {0x1E61, 0x1E60},
    {0x1E63, 0x1E62},
    {0x1E65, 0x1E64},
    {0x1E67, 0x1E66},
    {0x1E69, 0x1E68},
    {0x1E6B, 0x1E6A},
    {0x1E6D, 0x1E6C},
    {0x1E6F, 0x1E6E},
    {0x1E71, 0x1E70},
    {0x1E73, 0x1E72},
    {0x1E75, 0x1E74},
    {0x1E77, 0x1E76},
    {0x1E79, 0x1E78},
    {0x1E7B, 0x1E7A},
    {0x1E7D, 0x1E7C},
    {0x1E7F, 0x1E7E},
    {0x1E81, 0x1E80},
    {0x1E83, 0x1E82},
    {0x1E85, 0x1E84},
    {0x1E87, 0x1E86},
    {0x1E89, 0x1E88},
    {0x1E8B, 0x1E8A},
    {0x1E8D, 0x1E8C},
    {0x1E8F, 0x1E8E},
    {0x1E91, 0x1E90},
    {0x1E93, 0x1E92},
    {0x1E95, 0x1E94},
    {0x1E9B, 0x1E60},
    {0x1EA1, 0x1EA0},
    {0x1EA3, 0x1EA2},
    {0x1EA5, 0x1EA4},
    {0x1EA7, 0x1EA6},
    {0x1EA9, 0x1EA8},
    {0x1EAB, 0x1EAA},
    {0x1EAD, 0x1EAC},
    {0x1EAF, 0x1EAE},
    {0x1EB1, 0x1EB0},
    {0x1EB3, 0x1EB2},
    {0x1EB5, 0x1EB4},
    {0x1EB7, 0x1EB6},
    {0x1EB9, 0x1EB8},
    {0x1EBB, 0x1EBA},
    {0x1EBD, 0x1EBC},
    {0x1EBF, 0x1EBE},
    {0x1EC1, 0x1EC0},
    {0x1EC3, 0x1EC2},
    {0x1EC5, 0x1EC4},
    {0x1EC7, 0x1EC6},
    {0x1EC9, 0x1EC8},
    {0x1ECB, 0x1ECA},
    {0x1ECD, 0x1ECC},
    {0x1ECF, 0x1ECE},
    {0x1ED1, 0x1ED0},
    {0x1ED3, 0x1ED2},
    {0x1ED5, 0x1ED4},
    {0x1ED7, 0x1ED6},
    {0x1ED9, 0x1ED8},
    {0x1EDB, 0x1EDA},
    {0x1EDD, 0x1EDC},
    {0x1EDF, 0x1EDE},
    {0x1EE1, 0x1EE0},
    {0x1EE3, 0x1EE2},
    {0x1EE5, 0x1EE4},
    {0x1EE7, 0x1EE6},
    {0x1EE9, 0x1EE8},
    {0x1EEB, 0x1EEA},
    {0x1EED, 0x1EEC},
    {0x1EEF, 0x1EEE},
    {0x1EF1, 0x1EF0},
    {0x1EF3, 0x1EF2},
    {0x1EF5, 0x1EF4},
    {0x1EF7, 0x1EF6},
    {0x1EF9, 0x1EF8},
    {0x1EFB, 0x1EFA},
    {0x1EFD, 0x1EFC},
    {0x1EFF, 0x1EFE},
    {0x1F00, 0x1F08},
    {0x1F01, 0x1F09},
    {0x1F02, 0x1F0A},
    {0x1F03, 0x1F0B},
    {0x1F04, 0x1F0C},
    {0x1F05, 0x1F0D},
    {0x1F06, 0x1F0E},
    {0x1F07, 0x1F0F},
    {0x1F10, 0x1F18},
    {0x1F11, 0x1F19},
    {0x1F12, 0x1F1A},
    {0x1F13, 0x1F1B},
    {0x1F14, 0x1F1C},
    {0x1F15, 0x1F1D},
    {0x1F20, 0x1F28},
    {0x1F21, 0x1F29},
    {0x1F22, 0x1F2A},
    {0x1F23, 0x1F2B},
    {0x1F24, 0x1F2C},
    {0x1F25, 0x1F2D},
    {0x1F26, 0x1F2E},
    {0x1F27, 0x1F2F},
    {0x1F30, 0x1F38},
    {0x1F31, 0x1F39},
    {0x1F32, 0x1F3A},
    {0x1F33, 0x1F3B},
    {0x1F34, 0x1F3C},
    {0x1F35, 0x1F3D},
    {0x1F36, 0x1F3E},
    {0x1F37, 0x1F3F},
    {0x1F40, 0x1F48},
    {0x1F41, 0x1F49},
    {0x1F42, 0x1F4A},
    {0x1F43, 0x1F4B},
    {0x1F44, 0x1F4C},
    {0x1F45, 0x1F4D},
    {0x1F51, 0x1F59},
    {0x1F53, 0x1F5B},
    {0x1F55, 0x1F5D},
    {0x1F57, 0x1F5F},
    {0x1F60, 0x1F68},
    {0x1F61, 0x1F69},
    {0x1F62, 0x1F6A},
    {0x1F63, 0x1F6B},
    {0x1F64, 0x1F6C},
    {0x1F65, 0x1F6D},
    {0x1F66, 0x1F6E},
    {0x1F67, 0x1F6F},
    {0x1F70, 0x1FBA},
    {0x1F71, 0x1FBB},
    {0x1F72, 0x1FC8},
    {0x1F73, 0x1FC9},
    {0x1F74, 0x1FCA},
    {0x1F75, 0x1FCB},
    {0x1F76, 0x1FDA},
    {0x1F77, 0x1FDB},
    {0x1F78, 0x1FF8},
    {0x1F79, 0x1FF9},
    {0x1F7A, 0x1FEA},
    {0x1F7B, 0x1FEB},
    {0x1F7C, 0x1FFA},
    {0x1F7D, 0x1FFB},
    {0x1F80, 0x1F88},
    {0x1F81, 0x1F89},
    {0x1F82, 0x1F8A},
    {0x1F83, 0x1F8B},
    {0x1F84, 0x1F8C},
    {0x1F85, 0x1F8D},
    {0x1F86, 0x1F8E},
    {0x1F87, 0x1F8F},
    {0x1F90, 0x1F98},
    {0x1F91, 0x1F99},
    {0x1F92, 0x1F9A},
    {0x1F93, 0x1F9B},
    {0x1F94, 0x1F9C},
    {0x1F95, 0x1F9D},
    {0x1F96, 0x1F9E},
    {0x1F97, 0x1F9F},
    {0x1FA0, 0x1FA8},
    {0x1FA1, 0x1FA9},
    {0x1FA2, 0x1FAA},
    {0x1FA3, 0x1FAB},
    {0x1FA4, 0x1FAC},
    {0x1FA5, 0x1FAD},
    {0x1FA6, 0x1FAE},
    {0x1FA7, 0x1FAF},
    {0x1FB0, 0x1FB8},
    {0x1FB1, 0x1FB9},
    {0x1FB3, 0x1FBC},
    {0x1FBE, 0x0399},
    {0x1FC3, 0x1FCC},
    {0x1FD0, 0x1FD8},
    {0x1FD1, 0x1FD9},
    {0x1FE0, 0x1FE8},
    {0x1FE1, 0x1FE9},
    {0x1FE5, 0x1FEC},
    {0x1FF3, 0x1FFC},
    {0x214E, 0x2132},
    {0x2170, 0x2160},
    {0x2171, 0x2161},
    {0x2172, 0x2162},
    {0x2173, 0x2163},
    {0x2174, 0x2164},
    {0x2175, 0x2165},
    {0x2176, 0x2166},
    {0x2177, 0x2167},
    {0x2178, 0x2168},
    {0x2179, 0x2169},
    {0x217A, 0x216A},
    {0x217B, 0x216B},
    {0x217C, 0x216C},
    {0x217D, 0x216D},
    {0x217E, 0x216E},
    {0x217F, 0x216F},
    {0x2184, 0x2183},
    {0x24D0, 0x24B6},
    {0x24D1, 0x24B7},
    {0x24D2, 0x24B8},
    {0x24D3, 0x24B9},
    {0x24D4, 0x24BA},
    {0x24D5, 0x24BB},
    {0x24D6, 0x24BC},
    {0x24D7, 0x24BD},
    {0x24D8, 0x24BE},
    {0x24D9, 0x24BF},
    {0x24DA, 0x24C0},
    {0x24DB, 0x24C1},
    {0x24DC, 0x24C2},
    {0x24DD, 0x24C3},
    {0x24DE, 0x24C4},
    {0x24DF, 0x24C5},
    {0x24E0, 0x24C6},
    {0x24E1, 0x24C7},
    {0x24E2, 0x24C8},
    {0x24E3, 0x24C9},
    {0x24E4, 0x24CA},
    {0x24E5, 0x24CB},
    {0x24E6, 0x24CC},
    {0x24E7, 0x24CD},
    {0x24E8, 0x24CE},
    {0x24E9, 0x24CF},
    {0x2C30, 0x2C00},
    {0x2C31, 0x2C01},
    {0x2C32, 0x2C02},
    {0x2C33, 0x2C03},
    {0x2C34, 0x2C04},
    {0x2C35, 0x2C05},
    {0x2C36, 0x2C06},
    {0x2C37, 0x2C07},
    {0x2C38, 0x2C08},
    {0x2C39, 0x2C09},
    {0x2C3A, 0x2C0A},
    {0x2C3B, 0x2C0B},
    {0x2C3C, 0x2C0C},
    {0x2C3D, 0x2C0D},
    {0x2C3E, 0x2C0E},
    {0x2C3F, 0x2C0F},
    {0x2C40, 0x2C10},
    {0x2C41, 0x2C11},
    {0x2C42, 0x2C12},
    {0x2C43, 0x2C13},
    {0x2C44, 0x2C14},
    {0x2C45, 0x2C15},
    {0x2C46, 0x2C16},
    {0x2C47, 0x2C17},
    {0x2C48, 0x2C18},
    {0x2C49, 0x2C19},
    {0x2C4A, 0x2C1A},
    {0x2C4B, 0x2C1B},
    {0x2C4C, 0x2C1C},
    {0x2C4D, 0x2C1D},
    {0x2C4E, 0x2C1E},
    {0x2C4F, 0x2C1F},
    {0x2C50, 0x2C20},
    {0x2C51, 0x2C21},
    {0x2C52, 0x2C22},
    {0x2C53, 0x2C23},
    {0x2C54, 0x2C24},
    {0x2C55, 0x2C25},
    {0x2C56, 0x2C26},
    {0x2C57, 0x2C27},
    {0x2C58, 0x2C28},
    {0x2C59, 0x2C29},
    {0x2C5A, 0x2C2A},
    {0x2C5B, 0x2C2B},
    {0x2C5C, 0x2C2C},
    {0x2C5D, 0x2C2D},
    {0x2C5E, 0x2C2E},
    {0x2C5F, 0x2C2F},
    {0x2C61, 0x2C60},
    {0x2C65, 0x023A},
    {0x2C66, 0x023E},
    {0x2C68, 0x2C67},
    {0x2C6A, 0x2C69},
    {0x2C6C, 0x2C6B},
    {0x2C73, 0x2C72},
    {0x2C76, 0x2C75},
    {0x2C81, 0x2C80},
    {0x2C83, 0x2C82},
    {0x2C85, 0x2C84},
    {0x2C87, 0x2C86},
    {0x2C89, 0x2C88},
    {0x2C8B, 0x2C8A},
    {0x2C8D, 0x2C8C},
    {0x2C8F, 0x2C8E},
    {0x2C91, 0x2C90},
    {0x2C93, 0x2C92},
    {0x2C95, 0x2C94},
    {0x2C97, 0x2C96},
    {0x2C99, 0x2C98},
    {0x2C9B, 0x2C9A},
    {0x2C9D, 0x2C9C},
    {0x2C9F, 0x2C9E},
    {0x2CA1, 0x2CA0},
    {0x2CA3, 0x2CA2},
    {0x2CA5, 0x2CA4},
    {0x2CA7, 0x2CA6},
    {0x2CA9, 0x2CA8},
    {0x2CAB, 0x2CAA},
    {0x2CAD, 0x2CAC},
    {0x2CAF, 0x2CAE},
    {0x2CB1, 0x2CB0},
    {0x2CB3, 0x2CB2},
    {0x2CB5, 0x2CB4},
    {0x2CB7, 0x2CB6},
    {0x2CB9, 0x2CB8},
    {0x2CBB, 0x2CBA},
    {0x2CBD, 0x2CBC},
    {0x2CBF, 0x2CBE},
    {0x2CC1, 0x2CC0},
    {0x2CC3, 0x2CC2},
    {0x2CC5, 0x2CC4},
    {0x2CC7, 0x2CC6},
    {0x2CC9, 0x2CC8},
    {0x2CCB, 0x2CCA},
    {0x2CCD, 0x2CCC},
    {0x2CCF, 0x2CCE},
    {0x2CD1, 0x2CD0},
    {0x2CD3, 0x2CD2},
    {0x2CD5, 0x2CD4},
    {0x2CD7, 0x2CD6},
    {0x2CD9, 0x2CD8},
    {0x2CDB, 0x2CDA},
    {0x2CDD, 0x2CDC},
    {0x2CDF, 0x2CDE},
    {0x2CE1, 0x2CE0},
    {0x2CE3, 0x2CE2},
    {0x2CEC, 0x2CEB},
    {0x2CEE, 0x2CED},
    {0x2CF3, 0x2CF2},
    {0x2D00, 0x10A0},
    {0x2D01, 0x10A1},
    {0x2D02, 0x10A2},
    {0x2D03, 0x10A3},
    {0x2D04, 0x10A4},
    {0x2D05, 0x10A5},
    {0x2D06, 0x10A6},
    {0x2D07, 0x10A7},
    {0x2D08, 0x10A8},
    {0x2D09, 0x10A9},
    {0x2D0A, 0x10AA},
    {0x2D0B, 0x10AB},
    {0x2D0C, 0x10AC},
    {0x2D0D, 0x10AD},
    {0x2D0E, 0x10AE},
    {0x2D0F, 0x10AF},
    {0x2D10, 0x10B0},
    {0x2D11, 0x10B1},
    {0x2D12, 0x10B2},
    {0x2D13, 0x10B3},
    {0x2D14, 0x10B4},
    {0x2D15, 0x10B5},
    {0x2D16, 0x10B6},
    {0x2D17, 0x10B7},
    {0x2D18, 0x10B8},
    {0x2D19, 0x10B9},
    {0x2D1A, 0x10BA},
    {0x2D1B, 0x10BB},
    {0x2D1C, 0x10BC},
    {0x2D1D, 0x10BD},
    {0x2D1E, 0x10BE},
    {0x2D1F, 0x10BF},
    {0x2D20, 0x10C0},
    {0x2D21, 0x10C1},
    {0x2D22, 0x10C2},
    {0x2D23, 0x10C3},
    {0x2D24, 0x10C4},
    {0x2D25, 0x10C5},
    {0x2D27, 0x10C7},
    {0x2D2D, 0x10CD},
    {0xA641, 0xA640},
    {0xA643, 0xA642},
    {0xA645, 0xA644},
    {0xA647, 0xA646},
    {0xA649, 0xA648},
    {0xA64B, 0xA64A},
    {0xA64D, 0xA64C},
    {0xA64F, 0xA64E},
    {0xA651, 0xA650},
    {0xA653, 0xA652},
    {0xA655, 0xA654},
    {0xA657, 0xA656},
    {0xA659, 0xA658},
    {0xA65B, 0xA65A},
    {0xA65D, 0xA65C},
    {0xA65F, 0xA65E},
    {0xA661, 0xA660},
    {0xA663, 0xA662},
    {0xA665, 0xA664},
    {0xA667, 0xA666},
    {0xA669, 0xA668},
    {0xA66B, 0xA66A},
    {0xA66D, 0xA66C},
    {0xA681, 0xA680},
    {0xA683, 0xA682},
    {0xA685, 0xA684},
    {0xA687, 0xA686},
    {0xA689, 0xA688},
    {0xA68B, 0xA68A},
    {0xA68D, 0xA68C},
    {0xA68F, 0xA68E},
    {0xA691, 0xA690},
    {0xA693, 0xA692},
    {0xA695, 0xA694},
    {0xA697, 0xA696},
    {0xA699, 0xA698},
    {0xA69B, 0xA69A},
    {0xA723, 0xA722},
    {0xA725, 0xA724},
    {0xA727, 0xA726},
    {0xA729, 0xA728},
    {0xA72B, 0xA72A},
    {0xA72D, 0xA72C},
    {0xA72F, 0xA72E},
    {0xA733, 0xA732},
    {0xA735, 0xA734},
    {0xA737, 0xA736},
    {0xA739, 0xA738},
    {0xA73B, 0xA73A},
    {0xA73D, 0xA73C},
    {0xA73F, 0xA73E},
    {0xA741, 0xA740},
    {0xA743, 0xA742},
    {0xA745, 0xA744},
    {0xA747, 0xA746},
    {0xA749, 0xA748},
    {0xA74B, 0xA74A},
    {0xA74D, 0xA74C},
    {0xA74F, 0xA74E},
    {0xA751, 0xA750},
    {0xA753, 0xA752},
    {0xA755, 0xA754},
    {0xA757, 0xA756},
    {0xA759, 0xA758},
    {0xA75B, 0xA75A},
    {0xA75D, 0xA75C},
    {0xA75F, 0xA75E},
    {0xA761, 0xA760},
    {0xA763, 0xA762},
    {0xA765, 0xA764},
    {0xA767, 0xA766},
    {0xA769, 0xA768},
    {0xA76B, 0xA76A},
    {0xA76D, 0xA76C},
    {0xA76F, 0xA76E},
    {0xA77A, 0xA779},
    {0xA77C, 0xA77B},
    {0xA77F, 0xA77E},
    {0xA781, 0xA780},
    {0xA783, 0xA782},
    {0xA785, 0xA784},
    {0xA787, 0xA786},
    {0xA78C, 0xA78B},
    {0xA791, 0xA790},
    {0xA793, 0xA792},
    {0xA794, 0xA7C4},
    {0xA797, 0xA796},
    {0xA799, 0xA798},
    {0xA79B, 0xA79A},
    {0xA79D, 0xA79C},
    {0xA79F, 0xA79E},
    {0xA7A1, 0xA7A0},
    {0xA7A3, 0xA7A2},
    {0xA7A5, 0xA7A4},
    {0xA7A7, 0xA7A6},
    {0xA7A9, 0xA7A8},
    {0xA7B5, 0xA7B4},
    {0xA7B7, 0xA7B6},
    {0xA7B9, 0xA7B8},
    {0xA7BB, 0xA7BA},
    {0xA7BD, 0xA7BC},
    {0xA7BF, 0xA7BE},
    {0xA7C1, 0xA7C0},
    {0xA7C3, 0xA7C2},
    {0xA7C8, 0xA7C7},
    {0xA7CA, 0xA7C9},
    {0xA7D1, 0xA7D0},
    {0xA7D7, 0xA7D6},
    {0xA7D9, 0xA7D8},
    {0xA7F6, 0xA7F5},
    {0xAB53, 0xA7B3},
    {0xAB70, 0x13A0},
    {0xAB71, 0x13A1},
    {0xAB72, 0x13A2},
    {0xAB73, 0x13A3},
    {0xAB74, 0x13A4},
    {0xAB75, 0x13A5},
    {0xAB76, 0x13A6},
    {0xAB77, 0x13A7},
    {0xAB78, 0x13A8},
    {0xAB79, 0x13A9},
    {0xAB7A, 0x13AA},
    {0xAB7B, 0x13AB},
    {0xAB7C, 0x13AC},
    {0xAB7D, 0x13AD},
    {0xAB7E, 0x13AE},
    {0xAB7F, 0x13AF},
    {0xAB80, 0x13B0},
    {0xAB81, 0x13B1},
    {0xAB82, 0x13B2},
    {0xAB83, 0x13B3},
    {0xAB84, 0x13B4},
    {0xAB85, 0x13B5},
    {0xAB86, 0x13B6},
    {0xAB87, 0x13B7},
    {0xAB88, 0x13B8},
    {0xAB89, 0x13B9},
    {0xAB8A, 0x13BA},
    {0xAB8B, 0x13BB},
    {0xAB8C, 0x13BC},
    {0xAB8D, 0x13BD},
    {0xAB8E, 0x13BE},
    {0xAB8F, 0x13BF},
    {0xAB90, 0x13C0},
    {0xAB91, 0x13C1},
    {0xAB92, 0x13C2},
    {0xAB93, 0x13C3},
    {0xAB94, 0x13C4},
    {0xAB95, 0x13C5},
    {0xAB96, 0x13C6},
    {0xAB97, 0x13C7},
    {0xAB98, 0x13C8},
    {0xAB99, 0x13C9},
    {0xAB9A, 0x13CA},
    {0xAB9B, 0x13CB},
    {0xAB9C, 0x13CC},
    {0xAB9D, 0x13CD},
    {0xAB9E, 0x13CE},
    {0xAB9F, 0x13CF},
    {0xABA0, 0x13D0},
    {0xABA1, 0x13D1},
    {0xABA2, 0x13D2},
    {0xABA3, 0x13D3},
    {0xABA4, 0x13D4},
    {0xABA5, 0x13D5},
    {0xABA6, 0x13D6},
    {0xABA7, 0x13D7},
    {0xABA8, 0x13D8},
    {0xABA9, 0x13D9},
    {0xABAA, 0x13DA},
    {0xABAB, 0x13DB},
    {0xABAC, 0x13DC},
    {0xABAD, 0x13DD},
    {0xABAE, 0x13DE},
    {0xABAF, 0x13DF},
    {0xABB0, 0x13E0},
    {0xABB1, 0x13E1},
    {0xABB2, 0x13E2},
    {0xABB3, 0x13E3},
    {0xABB4, 0x13E4},
    {0xABB5, 0x13E5},
    {0xABB6, 0x13E6},
    {0xABB7, 0x13E7},
    {0xABB8, 0x13E8},
    {0xABB9, 0x13E9},
    {0xABBA, 0x13EA},
    {0xABBB, 0x13EB},
    {0xABBC, 0x13EC},
    {0xABBD, 0x13ED},
    {0xABBE, 0x13EE},
    {0xABBF, 0x13EF},
    {0xFF41, 0xFF21},
    {0xFF42, 0xFF22},
    {0xFF43, 0xFF23},
    {0xFF44, 0xFF24},
    {0xFF45, 0xFF25},
    {0xFF46, 0xFF26},
    {0xFF47, 0xFF27},
    {0xFF48, 0xFF28},
    {0xFF49, 0xFF29},
    {0xFF4A, 0xFF2A},
    {0xFF4B, 0xFF2B},
    {0xFF4C, 0xFF2C},
    {0xFF4D, 0xFF2D},
    {0xFF4E, 0xFF2E},
    {0xFF4F, 0xFF2F},
    {0xFF50, 0xFF30},
    {0xFF51, 0xFF31},
    {0xFF52, 0xFF32},
    {0xFF53, 0xFF33},
    {0xFF54, 0xFF34},
    {0xFF55, 0xFF35},
    {0xFF56, 0xFF36},
    {0xFF57, 0xFF37},
    {0xFF58, 0xFF38},
    {0xFF59, 0xFF39},
    {0xFF5A, 0xFF3A},
    {0x10428, 0x10400},
    {0x10429, 0x10401},
    {0x1042A, 0x10402},
    {0x1042B, 0x10403},
    {0x1042C, 0x10404},
    {0x1042D, 0x10405},
    {0x1042E, 0x10406},
    {0x1042F, 0x10407},
    {0x10430, 0x10408},
    {0x10431, 0x10409},
    {0x10432, 0x1040A},
    {0x10433, 0x1040B},
    {0x10434, 0x1040C},
    {0x10435, 0x1040D},
    {0x10436, 0x1040E},
    {0x10437, 0x1040F},
    {0x10438, 0x10410},
    {0x10439, 0x10411},
    {0x1043A, 0x10412},
    {0x1043B, 0x10413},
    {0x1043C, 0x10414},
    {0x1043D, 0x10415},
    {0x1043E, 0x10416},
    {0x1043F, 0x10417},
    {0x10440, 0x10418},
    {0x10441, 0x10419},
    {0x10442, 0x1041A},
    {0x10443, 0x1041B},
    {0x10444, 0x1041C},
    {0x10445, 0x1041D},
    {0x10446, 0x1041E},
    {0x10447, 0x1041F},
    {0x10448, 0x10420},
    {0x10449, 0x10421},
    {0x1044A, 0x10422},
    {0x1044B, 0x10423},
    {0x1044C, 0x10424},
    {0x1044D, 0x10425},
    {0x1044E, 0x10426},
    {0x1044F, 0x10427},
    {0x104D8, 0x104B0},
    {0x104D9, 0x104B1},
    {0x104DA, 0x104B2},
    {0x104DB, 0x104B3},
    {0x104DC, 0x104B4},
    {0x104DD, 0x104B5},
    {0x104DE, 0x104B6},
    {0x104DF, 0x104B7},
    {0x104E0, 0x104B8},
    {0x104E1, 0x104B9},
    {0x104E2, 0x104BA},
    {0x104E3, 0x104BB},
    {0x104E4, 0x104BC},
    {0x104E5, 0x104BD},
    {0x104E6, 0x104BE},
    {0x104E7, 0x104BF},
    {0x104E8, 0x104C0},
    {0x104E9, 0x104C1},
    {0x104EA, 0x104C2},
    {0x104EB, 0x104C3},
    {0x104EC, 0x104C4},
    {0x104ED, 0x104C5},
    {0x104EE, 0x104C6},
    {0x104EF, 0x104C7},
    {0x104F0, 0x104C8},
    {0x104F1, 0x104C9},
    {0x104F2, 0x104CA},
    {0x104F3, 0x104CB},
    {0x104F4, 0x104CC},
    {0x104F5, 0x104CD},
    {0x104F6, 0x104CE},
    {0x104F7, 0x104CF},
    {0x104F8, 0x104D0},
    {0x104F9, 0x104D1},
    {0x104FA, 0x104D2},
    {0x104FB, 0x104D3},
    {0x10597, 0x10570},
    {0x10598, 0x10571},
    {0x10599, 0x10572},
    {0x1059A, 0x10573},
    {0x1059B, 0x10574},
    {0x1059C, 0x10575},
    {0x1059D, 0x10576},
    {0x1059E, 0x10577},
    {0x1059F, 0x10578},
    {0x105A0, 0x10579},
    {0x105A1, 0x1057A},
    {0x105A3, 0x1057C},
    {0x105A4, 0x1057D},
    {0x105A5, 0x1057E},
    {0x105A6, 0x1057F},
    {0x105A7, 0x10580},
    {0x105A8, 0x10581},
    {0x105A9, 0x10582},
    {0x105AA, 0x10583},
    {0x105AB, 0x10584},
    {0x105AC, 0x10585},
    {0x105AD, 0x10586},
    {0x105AE, 0x10587},
    {0x105AF, 0x10588},
    {0x105B0, 0x10589},
    {0x105B1, 0x1058A},
    {0x105B3, 0x1058C},
    {0x105B4, 0x1058D},
    {0x105B5, 0x1058E},
    {0x105B6, 0x1058F},
    {0x105B7, 0x10590},
    {0x105B8, 0x10591},
    {0x105B9, 0x10592},
    {0x105BB, 0x10594},
    {0x105BC, 0x10595},
    {0x10CC0, 0x10C80},
    {0x10CC1, 0x10C81},
    {0x10CC2, 0x10C82},
    {0x10CC3, 0x10C83},
    {0x10CC4, 0x10C84},
    {0x10CC5, 0x10C85},
    {0x10CC6, 0x10C86},
    {0x10CC7, 0x10C87},
    {0x10CC8, 0x10C88},
    {0x10CC9, 0x10C89},
    {0x10CCA, 0x10C8A},
    {0x10CCB, 0x10C8B},
    {0x10CCC, 0x10C8C},
    {0x10CCD, 0x10C8D},
    {0x10CCE, 0x10C8E},
    {0x10CCF, 0x10C8F},
    {0x10CD0, 0x10C90},
    {0x10CD1, 0x10C91},
    {0x10CD2, 0x10C92},
    {0x10CD3, 0x10C93},
    {0x10CD4, 0x10C94},
    {0x10CD5, 0x10C95},
    {0x10CD6, 0x10C96},
    {0x10CD7, 0x10C97},
    {0x10CD8, 0x10C98},
    {0x10CD9, 0x10C99},
    {0x10CDA, 0x10C9A},
    {0x10CDB, 0x10C9B},
    {0x10CDC, 0x10C9C},
    {0x10CDD, 0x10C9D},
    {0x10CDE, 0x10C9E},
    {0x10CDF, 0x10C9F},
    {0x10CE0, 0x10CA0},
    {0x10CE1, 0x10CA1},
    {0x10CE2, 0x10CA2},
    {0x10CE3, 0x10CA3},
    {0x10CE4, 0x10CA4},
    {0x10CE5, 0x10CA5},
    {0x10CE6, 0x10CA6},
    {0x10CE7, 0x10CA7},
    {0x10CE8, 0x10CA8},
    {0x10CE9, 0x10CA9},
    {0x10CEA, 0x10CAA},
    {0x10CEB, 0x10CAB},
    {0x10CEC, 0x10CAC},
    {0x10CED, 0x10CAD},
    {0x10CEE, 0x10CAE},
    {0x10CEF, 0x10CAF},
    {0x10CF0, 0x10CB0},
    {0x10CF1, 0x10CB1},
    {0x10CF2, 0x10CB2},
    {0x118C0, 0x118A0},
    {0x118C1, 0x118A1},
    {0x118C2, 0x118A2},
    {0x118C3, 0x118A3},
    {0x118C4, 0x118A4},
    {0x118C5, 0x118A5},
    {0x118C6, 0x118A6},
    {0x118C7, 0x118A7},
    {0x118C8, 0x118A8},
    {0x118C9, 0x118A9},
    {0x118CA, 0x118AA},
    {0x118CB, 0x118AB},
    {0x118CC, 0x118AC},
    {0x118CD, 0x118AD},
    {0x118CE, 0x118AE},
    {0x118CF, 0x118AF},
    {0x118D0, 0x118B0},
    {0x118D1, 0x118B1},
    {0x118D2, 0x118B2},
    {0x118D3, 0x118B3},
    {0x118D4, 0x118B4},
    {0x118D5, 0x118B5},
    {0x118D6, 0x118B6},
    {0x118D7, 0x118B7},
    {0x118D8, 0x118B8},
    {0x118D9, 0x118B9},
    {0x118DA, 0x118BA},
    {0x118DB, 0x118BB},
    {0x118DC, 0x118BC},
    {0x118DD, 0x118BD},
    {0x118DE, 0x118BE},
    {0x118DF, 0x118BF},
    {0x16E60, 0x16E40},
    {0x16E61, 0x16E41},
    {0x16E62, 0x16E42},
    {0x16E63, 0x16E43},
    {0x16E64, 0x16E44},
    {0x16E65, 0x16E45},
    {0x16E66, 0x16E46},
    {0x16E67, 0x16E47},
    {0x16E68, 0x16E48},
    {0x16E69, 0x16E49},
    {0x16E6A, 0x16E4A},
    {0x16E6B, 0x16E4B},
    {0x16E6C, 0x16E4C},
    {0x16E6D, 0x16E4D},
    {0x16E6E, 0x16E4E},
    {0x16E6F, 0x16E4F},
    {0x16E70, 0x16E50},
    {0x16E71, 0x16E51},
    {0x16E72, 0x16E52},
    {0x16E73, 0x16E53},
    {0x16E74, 0x16E54},
    {0x16E75, 0x16E55},
    {0x16E76, 0x16E56},
    {0x16E77, 0x16E57},
    {0x16E78, 0x16E58},
    {0x16E79, 0x16E59},
    {0x16E7A, 0x16E5A},
    {0x16E7B, 0x16E5B},
    {0x16E7C, 0x16E5C},
    {0x16E7D, 0x16E5D},
    {0x16E7E, 0x16E5E},
    {0x16E7F, 0x16E5F},
    {0x1E922, 0x1E900},
    {0x1E923, 0x1E901},
    {0x1E924, 0x1E902},
    {0x1E925, 0x1E903},
    {0x1E926, 0x1E904},
    {0x1E927, 0x1E905},
    {0x1E928, 0x1E906},
    {0x1E929, 0x1E907},
    {0x1E92A, 0x1E908},
    {0x1E92B, 0x1E909},
    {0x1E92C, 0x1E90A},
    {0x1E92D, 0x1E90B},
    {0x1E92E, 0x1E90C},
    {0x1E92F, 0x1E90D},
    {0x1E930, 0x1E90E},
    {0x1E931, 0x1E90F},
    {0x1E932, 0x1E910},
    {0x1E933, 0x1E911},
    {0x1E934, 0x1E912},
    {0x1E935, 0x1E913},
    {0x1E936, 0x1E914},
    {0x1E937, 0x1E915},
    {0x1E938, 0x1E916},
    {0x1E939, 0x1E917},
    {0x1E93A, 0x1E918},
    {0x1E93B, 0x1E919},
    {0x1E93C, 0x1E91A},
    {0x1E93D, 0x1E91B},
    {0x1E93E, 0x1E91C},
    {0x1E93F, 0x1E91D},
    {0x1E940, 0x1E91E},
    {0x1E941, 0x1E91F},
    {0x1E942, 0x1E920},
    {0x1E943, 0x1E921},
};

#define UNICODE_DOWNCASE_COUNT 1433
static const unicode_simple_fold_entry unicode_downcase_table[] = {
    {0x0041, 0x0061},
    {0x0042, 0x0062},
    {0x0043, 0x0063},
    {0x0044, 0x0064},
    {0x0045, 0x0065},
    {0x0046, 0x0066},
    {0x0047, 0x0067},
    {0x0048, 0x0068},
    {0x0049, 0x0069},
    {0x004A, 0x006A},
    {0x004B, 0x006B},
    {0x004C, 0x006C},
    {0x004D, 0x006D},
    {0x004E, 0x006E},
    {0x004F, 0x006F},
    {0x0050, 0x0070},
    {0x0051, 0x0071},
    {0x0052, 0x0072},
    {0x0053, 0x0073},
    {0x0054, 0x0074},
    {0x0055, 0x0075},
    {0x0056, 0x0076},
    {0x0057, 0x0077},
    {0x0058, 0x0078},
    {0x0059, 0x0079},
    {0x005A, 0x007A},
    {0x00C0, 0x00E0},
    {0x00C1, 0x00E1},
    {0x00C2, 0x00E2},
    {0x00C3, 0x00E3},
    {0x00C4, 0x00E4},
    {0x00C5, 0x00E5},
    {0x00C6, 0x00E6},
    {0x00C7, 0x00E7},
    {0x00C8, 0x00E8},
    {0x00C9, 0x00E9},
    {0x00CA, 0x00EA},
    {0x00CB, 0x00EB},
    {0x00CC, 0x00EC},
    {0x00CD, 0x00ED},
    {0x00CE, 0x00EE},
    {0x00CF, 0x00EF},
    {0x00D0, 0x00F0},
    {0x00D1, 0x00F1},
    {0x00D2, 0x00F2},
    {0x00D3, 0x00F3},
    {0x00D4, 0x00F4},
    {0x00D5, 0x00F5},
    {0x00D6, 0x00F6},
    {0x00D8, 0x00F8},
    {0x00D9, 0x00F9},
    {0x00DA, 0x00FA},
    {0x00DB, 0x00FB},
    {0x00DC, 0x00FC},
    {0x00DD, 0x00FD},
    {0x00DE, 0x00FE},
    {0x0100, 0x0101},
    {0x0102, 0x0103},
    {0x0104, 0x0105},
    {0x0106, 0x0107},
    {0x0108, 0x0109},
    {0x010A, 0x010B},
    {0x010C, 0x010D},
    {0x010E, 0x010F},
    {0x0110, 0x0111},
    {0x0112, 0x0113},
    {0x0114, 0x0115},
    {0x0116, 0x0117},
    {0x0118, 0x0119},
    {0x011A, 0x011B},
    {0x011C, 0x011D},
    {0x011E, 0x011F},
    {0x0120, 0x0121},
    {0x0122, 0x0123},
    {0x0124, 0x0125},
    {0x0126, 0x0127},
    {0x0128, 0x0129},
    {0x012A, 0x012B},
    {0x012C, 0x012D},
    {0x012E, 0x012F},
    {0x0130, 0x0069},
    {0x0132, 0x0133},
    {0x0134, 0x0135},
    {0x0136, 0x0137},
    {0x0139, 0x013A},
    {0x013B, 0x013C},
    {0x013D, 0x013E},
    {0x013F, 0x0140},
    {0x0141, 0x0142},
    {0x0143, 0x0144},
    {0x0145, 0x0146},
    {0x0147, 0x0148},
    {0x014A, 0x014B},
    {0x014C, 0x014D},
    {0x014E, 0x014F},
    {0x0150, 0x0151},
    {0x0152, 0x0153},
    {0x0154, 0x0155},
    {0x0156, 0x0157},
    {0x0158, 0x0159},
    {0x015A, 0x015B},
    {0x015C, 0x015D},
    {0x015E, 0x015F},
    {0x0160, 0x0161},
    {0x0162, 0x0163},
    {0x0164, 0x0165},
    {0x0166, 0x0167},
    {0x0168, 0x0169},
    {0x016A, 0x016B},
    {0x016C, 0x016D},
    {0x016E, 0x016F},
    {0x0170, 0x0171},
    {0x0172, 0x0173},
    {0x0174, 0x0175},
    {0x0176, 0x0177},
    {0x0178, 0x00FF},
    {0x0179, 0x017A},
    {0x017B, 0x017C},
    {0x017D, 0x017E},
    {0x0181, 0x0253},
    {0x0182, 0x0183},
    {0x0184, 0x0185},
    {0x0186, 0x0254},
    {0x0187, 0x0188},
    {0x0189, 0x0256},
    {0x018A, 0x0257},
    {0x018B, 0x018C},
    {0x018E, 0x01DD},
    {0x018F, 0x0259},
    {0x0190, 0x025B},
    {0x0191, 0x0192},
    {0x0193, 0x0260},
    {0x0194, 0x0263},
    {0x0196, 0x0269},
    {0x0197, 0x0268},
    {0x0198, 0x0199},
    {0x019C, 0x026F},
    {0x019D, 0x0272},
    {0x019F, 0x0275},
    {0x01A0, 0x01A1},
    {0x01A2, 0x01A3},
    {0x01A4, 0x01A5},
    {0x01A6, 0x0280},
    {0x01A7, 0x01A8},
    {0x01A9, 0x0283},
    {0x01AC, 0x01AD},
    {0x01AE, 0x0288},
    {0x01AF, 0x01B0},
    {0x01B1, 0x028A},
    {0x01B2, 0x028B},
    {0x01B3, 0x01B4},
    {0x01B5, 0x01B6},
    {0x01B7, 0x0292},
    {0x01B8, 0x01B9},
    {0x01BC, 0x01BD},
    {0x01C4, 0x01C6},
    {0x01C5, 0x01C6},
    {0x01C7, 0x01C9},
    {0x01C8, 0x01C9},
    {0x01CA, 0x01CC},
    {0x01CB, 0x01CC},
    {0x01CD, 0x01CE},
    {0x01CF, 0x01D0},
    {0x01D1, 0x01D2},
    {0x01D3, 0x01D4},
    {0x01D5, 0x01D6},
    {0x01D7, 0x01D8},
    {0x01D9, 0x01DA},
    {0x01DB, 0x01DC},
    {0x01DE, 0x01DF},
    {0x01E0, 0x01E1},
    {0x01E2, 0x01E3},
    {0x01E4, 0x01E5},
    {0x01E6, 0x01E7},
    {0x01E8, 0x01E9},
    {0x01EA, 0x01EB},
    {0x01EC, 0x01ED},
    {0x01EE, 0x01EF},
    {0x01F1, 0x01F3},
    {0x01F2, 0x01F3},
    {0x01F4, 0x01F5},
    {0x01F6, 0x0195},
    {0x01F7, 0x01BF},
    {0x01F8, 0x01F9},
    {0x01FA, 0x01FB},
    {0x01FC, 0x01FD},
    {0x01FE, 0x01FF},
    {0x0200, 0x0201},
    {0x0202, 0x0203},
    {0x0204, 0x0205},
    {0x0206, 0x0207},
    {0x0208, 0x0209},
    {0x020A, 0x020B},
    {0x020C, 0x020D},
    {0x020E, 0x020F},
    {0x0210, 0x0211},
    {0x0212, 0x0213},
    {0x0214, 0x0215},
    {0x0216, 0x0217},
    {0x0218, 0x0219},
    {0x021A, 0x021B},
    {0x021C, 0x021D},
    {0x021E, 0x021F},
    {0x0220, 0x019E},
    {0x0222, 0x0223},
    {0x0224, 0x0225},
    {0x0226, 0x0227},
    {0x0228, 0x0229},
    {0x022A, 0x022B},
    {0x022C, 0x022D},
    {0x022E, 0x022F},
    {0x0230, 0x0231},
    {0x0232, 0x0233},
    {0x023A, 0x2C65},
    {0x023B, 0x023C},
    {0x023D, 0x019A},
    {0x023E, 0x2C66},
    {0x0241, 0x0242},
    {0x0243, 0x0180},
    {0x0244, 0x0289},
    {0x0245, 0x028C},
    {0x0246, 0x0247},
    {0x0248, 0x0249},
    {0x024A, 0x024B},
    {0x024C, 0x024D},
    {0x024E, 0x024F},
    {0x0370, 0x0371},
    {0x0372, 0x0373},
    {0x0376, 0x0377},
    {0x037F, 0x03F3},
    {0x0386, 0x03AC},
    {0x0388, 0x03AD},
    {0x0389, 0x03AE},
    {0x038A, 0x03AF},
    {0x038C, 0x03CC},
    {0x038E, 0x03CD},
    {0x038F, 0x03CE},
    {0x0391, 0x03B1},
    {0x0392, 0x03B2},
    {0x0393, 0x03B3},
    {0x0394, 0x03B4},
    {0x0395, 0x03B5},
    {0x0396, 0x03B6},
    {0x0397, 0x03B7},
    {0x0398, 0x03B8},
    {0x0399, 0x03B9},
    {0x039A, 0x03BA},
    {0x039B, 0x03BB},
    {0x039C, 0x03BC},
    {0x039D, 0x03BD},
    {0x039E, 0x03BE},
    {0x039F, 0x03BF},
    {0x03A0, 0x03C0},
    {0x03A1, 0x03C1},
    {0x03A3, 0x03C3},
    {0x03A4, 0x03C4},
    {0x03A5, 0x03C5},
    {0x03A6, 0x03C6},
    {0x03A7, 0x03C7},
    {0x03A8, 0x03C8},
    {0x03A9, 0x03C9},
    {0x03AA, 0x03CA},
    {0x03AB, 0x03CB},
    {0x03CF, 0x03D7},
    {0x03D8, 0x03D9},
    {0x03DA, 0x03DB},
    {0x03DC, 0x03DD},
    {0x03DE, 0x03DF},
    {0x03E0, 0x03E1},
    {0x03E2, 0x03E3},
    {0x03E4, 0x03E5},
    {0x03E6, 0x03E7},
    {0x03E8, 0x03E9},
    {0x03EA, 0x03EB},
    {0x03EC, 0x03ED},
    {0x03EE, 0x03EF},
    {0x03F4, 0x03B8},
    {0x03F7, 0x03F8},
    {0x03F9, 0x03F2},
    {0x03FA, 0x03FB},
    {0x03FD, 0x037B},
    {0x03FE, 0x037C},
    {0x03FF, 0x037D},
    {0x0400, 0x0450},
    {0x0401, 0x0451},
    {0x0402, 0x0452},
    {0x0403, 0x0453},
    {0x0404, 0x0454},
    {0x0405, 0x0455},
    {0x0406, 0x0456},
    {0x0407, 0x0457},
    {0x0408, 0x0458},
    {0x0409, 0x0459},
    {0x040A, 0x045A},
    {0x040B, 0x045B},
    {0x040C, 0x045C},
    {0x040D, 0x045D},
    {0x040E, 0x045E},
    {0x040F, 0x045F},
    {0x0410, 0x0430},
    {0x0411, 0x0431},
    {0x0412, 0x0432},
    {0x0413, 0x0433},
    {0x0414, 0x0434},
    {0x0415, 0x0435},
    {0x0416, 0x0436},
    {0x0417, 0x0437},
    {0x0418, 0x0438},
    {0x0419, 0x0439},
    {0x041A, 0x043A},
    {0x041B, 0x043B},
    {0x041C, 0x043C},
    {0x041D, 0x043D},
    {0x041E, 0x043E},
    {0x041F, 0x043F},
    {0x0420, 0x0440},
    {0x0421, 0x0441},
    {0x0422, 0x0442},
    {0x0423, 0x0443},
    {0x0424, 0x0444},
    {0x0425, 0x0445},
    {0x0426, 0x0446},
    {0x0427, 0x0447},
    {0x0428, 0x0448},
    {0x0429, 0x0449},
    {0x042A, 0x044A},
    {0x042B, 0x044B},
    {0x042C, 0x044C},
    {0x042D, 0x044D},
    {0x042E, 0x044E},
    {0x042F, 0x044F},
    {0x0460, 0x0461},
    {0x0462, 0x0463},
    {0x0464, 0x0465},
    {0x0466, 0x0467},
    {0x0468, 0x0469},
    {0x046A, 0x046B},
    {0x046C, 0x046D},
    {0x046E, 0x046F},
    {0x0470, 0x0471},
    {0x0472, 0x0473},
    {0x0474, 0x0475},
    {0x0476, 0x0477},
    {0x0478, 0x0479},
    {0x047A, 0x047B},
    {0x047C, 0x047D},
    {0x047E, 0x047F},
    {0x0480, 0x0481},
    {0x048A, 0x048B},
    {0x048C, 0x048D},
    {0x048E, 0x048F},
    {0x0490, 0x0491},
    {0x0492, 0x0493},
    {0x0494, 0x0495},
    {0x0496, 0x0497},
    {0x0498, 0x0499},
    {0x049A, 0x049B},
    {0x049C, 0x049D},
    {0x049E, 0x049F},
    {0x04A0, 0x04A1},
    {0x04A2, 0x04A3},
    {0x04A4, 0x04A5},
    {0x04A6, 0x04A7},
    {0x04A8, 0x04A9},
    {0x04AA, 0x04AB},
    {0x04AC, 0x04AD},
    {0x04AE, 0x04AF},
    {0x04B0, 0x04B1},
    {0x04B2, 0x04B3},
    {0x04B4, 0x04B5},
    {0x04B6, 0x04B7},
    {0x04B8, 0x04B9},
    {0x04BA, 0x04BB},
    {0x04BC, 0x04BD},
    {0x04BE, 0x04BF},
    {0x04C0, 0x04CF},
    {0x04C1, 0x04C2},
    {0x04C3, 0x04C4},
    {0x04C5, 0x04C6},
    {0x04C7, 0x04C8},
    {0x04C9, 0x04CA},
    {0x04CB, 0x04CC},
    {0x04CD, 0x04CE},
    {0x04D0, 0x04D1},
    {0x04D2, 0x04D3},
    {0x04D4, 0x04D5},
    {0x04D6, 0x04D7},
    {0x04D8, 0x04D9},
    {0x04DA, 0x04DB},
    {0x04DC, 0x04DD},
    {0x04DE, 0x04DF},
    {0x04E0, 0x04E1},
    {0x04E2, 0x04E3},
    {0x04E4, 0x04E5},
    {0x04E6, 0x04E7},
    {0x04E8, 0x04E9},
    {0x04EA, 0x04EB},
    {0x04EC, 0x04ED},
    {0x04EE, 0x04EF},
    {0x04F0, 0x04F1},
    {0x04F2, 0x04F3},
    {0x04F4, 0x04F5},
    {0x04F6, 0x04F7},
    {0x04F8, 0x04F9},
    {0x04FA, 0x04FB},
    {0x04FC, 0x04FD},
    {0x04FE, 0x04FF},
    {0x0500, 0x0501},
    {0x0502, 0x0503},
    {0x0504, 0x0505},
    {0x0506, 0x0507},
    {0x0508, 0x0509},
    {0x050A, 0x050B},
    {0x050C, 0x050D},
    {0x050E, 0x050F},
    {0x0510, 0x0511},
    {0x0512, 0x0513},
    {0x0514, 0x0515},
    {0x0516, 0x0517},
    {0x0518, 0x0519},
    {0x051A, 0x051B},
    {0x051C, 0x051D},
    {0x051E, 0x051F},
    {0x0520, 0x0521},
    {0x0522, 0x0523},
    {0x0524, 0x0525},
    {0x0526, 0x0527},
    {0x0528, 0x0529},
    {0x052A, 0x052B},
    {0x052C, 0x052D},
    {0x052E, 0x052F},
    {0x0531, 0x0561},
    {0x0532, 0x0562},
    {0x0533, 0x0563},
    {0x0534, 0x0564},
    {0x0535, 0x0565},
    {0x0536, 0x0566},
    {0x0537, 0x0567},
    {0x0538, 0x0568},
    {0x0539, 0x0569},
    {0x053A, 0x056A},
    {0x053B, 0x056B},
    {0x053C, 0x056C},
    {0x053D, 0x056D},
    {0x053E, 0x056E},
    {0x053F, 0x056F},
    {0x0540, 0x0570},
    {0x0541, 0x0571},
    {0x0542, 0x0572},
    {0x0543, 0x0573},
    {0x0544, 0x0574},
    {0x0545, 0x0575},
    {0x0546, 0x0576},
    {0x0547, 0x0577},
    {0x0548, 0x0578},
    {0x0549, 0x0579},
    {0x054A, 0x057A},
    {0x054B, 0x057B},
    {0x054C, 0x057C},
    {0x054D, 0x057D},
    {0x054E, 0x057E},
    {0x054F, 0x057F},
    {0x0550, 0x0580},
    {0x0551, 0x0581},
    {0x0552, 0x0582},
    {0x0553, 0x0583},
    {0x0554, 0x0584},
    {0x0555, 0x0585},
    {0x0556, 0x0586},
    {0x10A0, 0x2D00},
    {0x10A1, 0x2D01},
    {0x10A2, 0x2D02},
    {0x10A3, 0x2D03},
    {0x10A4, 0x2D04},
    {0x10A5, 0x2D05},
    {0x10A6, 0x2D06},
    {0x10A7, 0x2D07},
    {0x10A8, 0x2D08},
    {0x10A9, 0x2D09},
    {0x10AA, 0x2D0A},
    {0x10AB, 0x2D0B},
    {0x10AC, 0x2D0C},
    {0x10AD, 0x2D0D},
    {0x10AE, 0x2D0E},
    {0x10AF, 0x2D0F},
    {0x10B0, 0x2D10},
    {0x10B1, 0x2D11},
    {0x10B2, 0x2D12},
    {0x10B3, 0x2D13},
    {0x10B4, 0x2D14},
    {0x10B5, 0x2D15},
    {0x10B6, 0x2D16},
    {0x10B7, 0x2D17},
    {0x10B8, 0x2D18},
    {0x10B9, 0x2D19},
    {0x10BA, 0x2D1A},
    {0x10BB, 0x2D1B},
    {0x10BC, 0x2D1C},
    {0x10BD, 0x2D1D},
    {0x10BE, 0x2D1E},
    {0x10BF, 0x2D1F},
    {0x10C0, 0x2D20},
    {0x10C1, 0x2D21},
    {0x10C2, 0x2D22},
    {0x10C3, 0x2D23},
    {0x10C4, 0x2D24},
    {0x10C5, 0x2D25},
    {0x10C7, 0x2D27},
    {0x10CD, 0x2D2D},
    {0x13A0, 0xAB70},
    {0x13A1, 0xAB71},
    {0x13A2, 0xAB72},
    {0x13A3, 0xAB73},
    {0x13A4, 0xAB74},
    {0x13A5, 0xAB75},
    {0x13A6, 0xAB76},
    {0x13A7, 0xAB77},
    {0x13A8, 0xAB78},
    {0x13A9, 0xAB79},
    {0x13AA, 0xAB7A},
    {0x13AB, 0xAB7B},
    {0x13AC, 0xAB7C},
    {0x13AD, 0xAB7D},
    {0x13AE, 0xAB7E},
    {0x13AF, 0xAB7F},
    {0x13B0, 0xAB80},
    {0x13B1, 0xAB81},
    {0x13B2, 0xAB82},
    {0x13B3, 0xAB83},
    {0x13B4, 0xAB84},
    {0x13B5, 0xAB85},
    {0x13B6, 0xAB86},
    {0x13B7, 0xAB87},
    {0x13B8, 0xAB88},
    {0x13B9, 0xAB89},
    {0x13BA, 0xAB8A},
    {0x13BB, 0xAB8B},
    {0x13BC, 0xAB8C},
    {0x13BD, 0xAB8D},
    {0x13BE, 0xAB8E},
    {0x13BF, 0xAB8F},
    {0x13C0, 0xAB90},
    {0x13C1, 0xAB91},
    {0x13C2, 0xAB92},
    {0x13C3, 0xAB93},
    {0x13C4, 0xAB94},
    {0x13C5, 0xAB95},
    {0x13C6, 0xAB96},
    {0x13C7, 0xAB97},
    {0x13C8, 0xAB98},
    {0x13C9, 0xAB99},
    {0x13CA, 0xAB9A},
    {0x13CB, 0xAB9B},
    {0x13CC, 0xAB9C},
    {0x13CD, 0xAB9D},
    {0x13CE, 0xAB9E},
    {0x13CF, 0xAB9F},
    {0x13D0, 0xABA0},
    {0x13D1, 0xABA1},
    {0x13D2, 0xABA2},
    {0x13D3, 0xABA3},
    {0x13D4, 0xABA4},
    {0x13D5, 0xABA5},
    {0x13D6, 0xABA6},
    {0x13D7, 0xABA7},
    {0x13D8, 0xABA8},
    {0x13D9, 0xABA9},
    {0x13DA, 0xABAA},
    {0x13DB, 0xABAB},
    {0x13DC, 0xABAC},
    {0x13DD, 0xABAD},
    {0x13DE, 0xABAE},
    {0x13DF, 0xABAF},
    {0x13E0, 0xABB0},
    {0x13E1, 0xABB1},
    {0x13E2, 0xABB2},
    {0x13E3, 0xABB3},
    {0x13E4, 0xABB4},
    {0x13E5, 0xABB5},
    {0x13E6, 0xABB6},
    {0x13E7, 0xABB7},
    {0x13E8, 0xABB8},
    {0x13E9, 0xABB9},
    {0x13EA, 0xABBA},
    {0x13EB, 0xABBB},
    {0x13EC, 0xABBC},
    {0x13ED, 0xABBD},
    {0x13EE, 0xABBE},
    {0x13EF, 0xABBF},
    {0x13F0, 0x13F8},
    {0x13F1, 0x13F9},
    {0x13F2, 0x13FA},
    {0x13F3, 0x13FB},
    {0x13F4, 0x13FC},
    {0x13F5, 0x13FD},
    {0x1C90, 0x10D0},
    {0x1C91, 0x10D1},
    {0x1C92, 0x10D2},
    {0x1C93, 0x10D3},
    {0x1C94, 0x10D4},
    {0x1C95, 0x10D5},
    {0x1C96, 0x10D6},
    {0x1C97, 0x10D7},
    {0x1C98, 0x10D8},
    {0x1C99, 0x10D9},
    {0x1C9A, 0x10DA},
    {0x1C9B, 0x10DB},
    {0x1C9C, 0x10DC},
    {0x1C9D, 0x10DD},
    {0x1C9E, 0x10DE},
    {0x1C9F, 0x10DF},
    {0x1CA0, 0x10E0},
    {0x1CA1, 0x10E1},
    {0x1CA2, 0x10E2},
    {0x1CA3, 0x10E3},
    {0x1CA4, 0x10E4},
    {0x1CA5, 0x10E5},
    {0x1CA6, 0x10E6},
    {0x1CA7, 0x10E7},
    {0x1CA8, 0x10E8},
    {0x1CA9, 0x10E9},
    {0x1CAA, 0x10EA},
    {0x1CAB, 0x10EB},
    {0x1CAC, 0x10EC},
    {0x1CAD, 0x10ED},
    {0x1CAE, 0x10EE},
    {0x1CAF, 0x10EF},
    {0x1CB0, 0x10F0},
    {0x1CB1, 0x10F1},
    {0x1CB2, 0x10F2},
    {0x1CB3, 0x10F3},
    {0x1CB4, 0x10F4},
    {0x1CB5, 0x10F5},
    {0x1CB6, 0x10F6},
    {0x1CB7, 0x10F7},
    {0x1CB8, 0x10F8},
    {0x1CB9, 0x10F9},
    {0x1CBA, 0x10FA},
    {0x1CBD, 0x10FD},
    {0x1CBE, 0x10FE},
    {0x1CBF, 0x10FF},
    {0x1E00, 0x1E01},
    {0x1E02, 0x1E03},
    {0x1E04, 0x1E05},
    {0x1E06, 0x1E07},
    {0x1E08, 0x1E09},
    {0x1E0A, 0x1E0B},
    {0x1E0C, 0x1E0D},
    {0x1E0E, 0x1E0F},
    {0x1E10, 0x1E11},
    {0x1E12, 0x1E13},
    {0x1E14, 0x1E15},
    {0x1E16, 0x1E17},
    {0x1E18, 0x1E19},
    {0x1E1A, 0x1E1B},
    {0x1E1C, 0x1E1D},
    {0x1E1E, 0x1E1F},
    {0x1E20, 0x1E21},
    {0x1E22, 0x1E23},
    {0x1E24, 0x1E25},
    {0x1E26, 0x1E27},
    {0x1E28, 0x1E29},
    {0x1E2A, 0x1E2B},
    {0x1E2C, 0x1E2D},
    {0x1E2E, 0x1E2F},
    {0x1E30, 0x1E31},
    {0x1E32, 0x1E33},
    {0x1E34, 0x1E35},
    {0x1E36, 0x1E37},
    {0x1E38, 0x1E39},
    {0x1E3A, 0x1E3B},
    {0x1E3C, 0x1E3D},
    {0x1E3E, 0x1E3F},
    {0x1E40, 0x1E41},
    {0x1E42, 0x1E43},
    {0x1E44, 0x1E45},
    {0x1E46, 0x1E47},
    {0x1E48, 0x1E49},
    {0x1E4A, 0x1E4B},
    {0x1E4C, 0x1E4D},
    {0x1E4E, 0x1E4F},
    {0x1E50, 0x1E51},
    {0x1E52, 0x1E53},
    {0x1E54, 0x1E55},
    {0x1E56, 0x1E57},
    {0x1E58, 0x1E59},
    {0x1E5A, 0x1E5B},
    {0x1E5C, 0x1E5D},
    {0x1E5E, 0x1E5F},
    {0x1E60, 0x1E61},
    {0x1E62, 0x1E63},
    {0x1E64, 0x1E65},
    {0x1E66, 0x1E67},
    {0x1E68, 0x1E69},
    {0x1E6A, 0x1E6B},
    {0x1E6C, 0x1E6D},
    {0x1E6E, 0x1E6F},
    {0x1E70, 0x1E71},
    {0x1E72, 0x1E73},
    {0x1E74, 0x1E75},
    {0x1E76, 0x1E77},
    {0x1E78, 0x1E79},
    {0x1E7A, 0x1E7B},
    {0x1E7C, 0x1E7D},
    {0x1E7E, 0x1E7F},
    {0x1E80, 0x1E81},
    {0x1E82, 0x1E83},
    {0x1E84, 0x1E85},
    {0x1E86, 0x1E87},
    {0x1E88, 0x1E89},
    {0x1E8A, 0x1E8B},
    {0x1E8C, 0x1E8D},
    {0x1E8E, 0x1E8F},
    {0x1E90, 0x1E91},
    {0x1E92, 0x1E93},
    {0x1E94, 0x1E95},
    {0x1E9E, 0x00DF},
    {0x1EA0, 0x1EA1},
    {0x1EA2, 0x1EA3},
    {0x1EA4, 0x1EA5},
    {0x1EA6, 0x1EA7},
    {0x1EA8, 0x1EA9},
    {0x1EAA, 0x1EAB},
    {0x1EAC, 0x1EAD},
    {0x1EAE, 0x1EAF},
    {0x1EB0, 0x1EB1},
    {0x1EB2, 0x1EB3},
    {0x1EB4, 0x1EB5},
    {0x1EB6, 0x1EB7},
    {0x1EB8, 0x1EB9},
    {0x1EBA, 0x1EBB},
    {0x1EBC, 0x1EBD},
    {0x1EBE, 0x1EBF},
    {0x1EC0, 0x1EC1},
    {0x1EC2, 0x1EC3},
    {0x1EC4, 0x1EC5},
    {0x1EC6, 0x1EC7},
    {0x1EC8, 0x1EC9},
    {0x1ECA, 0x1ECB},
    {0x1ECC, 0x1ECD},
    {0x1ECE, 0x1ECF},
    {0x1ED0, 0x1ED1},
    {0x1ED2, 0x1ED3},
    {0x1ED4, 0x1ED5},
    {0x1ED6, 0x1ED7},
    {0x1ED8, 0x1ED9},
    {0x1EDA, 0x1EDB},
    {0x1EDC, 0x1EDD},
    {0x1EDE, 0x1EDF},
    {0x1EE0, 0x1EE1},
    {0x1EE2, 0x1EE3},
    {0x1EE4, 0x1EE5},
    {0x1EE6, 0x1EE7},
    {0x1EE8, 0x1EE9},
    {0x1EEA, 0x1EEB},
    {0x1EEC, 0x1EED},
    {0x1EEE, 0x1EEF},
    {0x1EF0, 0x1EF1},
    {0x1EF2, 0x1EF3},
    {0x1EF4, 0x1EF5},
    {0x1EF6, 0x1EF7},
    {0x1EF8, 0x1EF9},
    {0x1EFA, 0x1EFB},
    {0x1EFC, 0x1EFD},
    {0x1EFE, 0x1EFF},
    {0x1F08, 0x1F00},
    {0x1F09, 0x1F01},
    {0x1F0A, 0x1F02},
    {0x1F0B, 0x1F03},
    {0x1F0C, 0x1F04},
    {0x1F0D, 0x1F05},
    {0x1F0E, 0x1F06},
    {0x1F0F, 0x1F07},
    {0x1F18, 0x1F10},
    {0x1F19, 0x1F11},
    {0x1F1A, 0x1F12},
    {0x1F1B, 0x1F13},
    {0x1F1C, 0x1F14},
    {0x1F1D, 0x1F15},
    {0x1F28, 0x1F20},
    {0x1F29, 0x1F21},
    {0x1F2A, 0x1F22},
    {0x1F2B, 0x1F23},
    {0x1F2C, 0x1F24},
    {0x1F2D, 0x1F25},
    {0x1F2E, 0x1F26},
    {0x1F2F, 0x1F27},
    {0x1F38, 0x1F30},
    {0x1F39, 0x1F31},
    {0x1F3A, 0x1F32},
    {0x1F3B, 0x1F33},
    {0x1F3C, 0x1F34},
    {0x1F3D, 0x1F35},
    {0x1F3E, 0x1F36},
    {0x1F3F, 0x1F37},
    {0x1F48, 0x1F40},
    {0x1F49, 0x1F41},
    {0x1F4A, 0x1F42},
    {0x1F4B, 0x1F43},
    {0x1F4C, 0x1F44},
    {0x1F4D, 0x1F45},
    {0x1F59, 0x1F51},
    {0x1F5B, 0x1F53},
    {0x1F5D, 0x1F55},
    {0x1F5F, 0x1F57},
    {0x1F68, 0x1F60},
    {0x1F69, 0x1F61},
    {0x1F6A, 0x1F62},
    {0x1F6B, 0x1F63},
    {0x1F6C, 0x1F64},
    {0x1F6D, 0x1F65},
    {0x1F6E, 0x1F66},
    {0x1F6F, 0x1F67},
    {0x1F88, 0x1F80},
    {0x1F89, 0x1F81},
    {0x1F8A, 0x1F82},
    {0x1F8B, 0x1F83},
    {0x1F8C, 0x1F84},
    {0x1F8D, 0x1F85},
    {0x1F8E, 0x1F86},
    {0x1F8F, 0x1F87},
    {0x1F98, 0x1F90},
    {0x1F99, 0x1F91},
    {0x1F9A, 0x1F92},
    {0x1F9B, 0x1F93},
    {0x1F9C, 0x1F94},
    {0x1F9D, 0x1F95},
    {0x1F9E, 0x1F96},
    {0x1F9F, 0x1F97},
    {0x1FA8, 0x1FA0},
    {0x1FA9, 0x1FA1},
    {0x1FAA, 0x1FA2},
    {0x1FAB, 0x1FA3},
    {0x1FAC, 0x1FA4},
    {0x1FAD, 0x1FA5},
    {0x1FAE, 0x1FA6},
    {0x1FAF, 0x1FA7},
    {0x1FB8, 0x1FB0},
    {0x1FB9, 0x1FB1},
    {0x1FBA, 0x1F70},
    {0x1FBB, 0x1F71},
    {0x1FBC, 0x1FB3},
    {0x1FC8, 0x1F72},
    {0x1FC9, 0x1F73},
    {0x1FCA, 0x1F74},
    {0x1FCB, 0x1F75},
    {0x1FCC, 0x1FC3},
    {0x1FD8, 0x1FD0},
    {0x1FD9, 0x1FD1},
    {0x1FDA, 0x1F76},
    {0x1FDB, 0x1F77},
    {0x1FE8, 0x1FE0},
    {0x1FE9, 0x1FE1},
    {0x1FEA, 0x1F7A},
    {0x1FEB, 0x1F7B},
    {0x1FEC, 0x1FE5},
    {0x1FF8, 0x1F78},
    {0x1FF9, 0x1F79},
    {0x1FFA, 0x1F7C},
    {0x1FFB, 0x1F7D},
    {0x1FFC, 0x1FF3},
    {0x2126, 0x03C9},
    {0x212A, 0x006B},
    {0x212B, 0x00E5},
    {0x2132, 0x214E},
    {0x2160, 0x2170},
    {0x2161, 0x2171},
    {0x2162, 0x2172},
    {0x2163, 0x2173},
    {0x2164, 0x2174},
    {0x2165, 0x2175},
    {0x2166, 0x2176},
    {0x2167, 0x2177},
    {0x2168, 0x2178},
    {0x2169, 0x2179},
    {0x216A, 0x217A},
    {0x216B, 0x217B},
    {0x216C, 0x217C},
    {0x216D, 0x217D},
    {0x216E, 0x217E},
    {0x216F, 0x217F},
    {0x2183, 0x2184},
    {0x24B6, 0x24D0},
    {0x24B7, 0x24D1},
    {0x24B8, 0x24D2},
    {0x24B9, 0x24D3},
    {0x24BA, 0x24D4},
    {0x24BB, 0x24D5},
    {0x24BC, 0x24D6},
    {0x24BD, 0x24D7},
    {0x24BE, 0x24D8},
    {0x24BF, 0x24D9},
    {0x24C0, 0x24DA},
    {0x24C1, 0x24DB},
    {0x24C2, 0x24DC},
    {0x24C3, 0x24DD},
    {0x24C4, 0x24DE},
    {0x24C5, 0x24DF},
    {0x24C6, 0x24E0},
    {0x24C7, 0x24E1},
    {0x24C8, 0x24E2},
    {0x24C9, 0x24E3},
    {0x24CA, 0x24E4},
    {0x24CB, 0x24E5},
    {0x24CC, 0x24E6},
    {0x24CD, 0x24E7},
    {0x24CE, 0x24E8},
    {0x24CF, 0x24E9},
    {0x2C00, 0x2C30},
    {0x2C01, 0x2C31},
    {0x2C02, 0x2C32},
    {0x2C03, 0x2C33},
    {0x2C04, 0x2C34},
    {0x2C05, 0x2C35},
    {0x2C06, 0x2C36},
    {0x2C07, 0x2C37},
    {0x2C08, 0x2C38},
    {0x2C09, 0x2C39},
    {0x2C0A, 0x2C3A},
    {0x2C0B, 0x2C3B},
    {0x2C0C, 0x2C3C},
    {0x2C0D, 0x2C3D},
    {0x2C0E, 0x2C3E},
    {0x2C0F, 0x2C3F},
    {0x2C10, 0x2C40},
    {0x2C11, 0x2C41},
    {0x2C12, 0x2C42},
    {0x2C13, 0x2C43},
    {0x2C14, 0x2C44},
    {0x2C15, 0x2C45},
    {0x2C16, 0x2C46},
    {0x2C17, 0x2C47},
    {0x2C18, 0x2C48},
    {0x2C19, 0x2C49},
    {0x2C1A, 0x2C4A},
    {0x2C1B, 0x2C4B},
    {0x2C1C, 0x2C4C},
    {0x2C1D, 0x2C4D},
    {0x2C1E, 0x2C4E},
    {0x2C1F, 0x2C4F},
    {0x2C20, 0x2C50},
    {0x2C21, 0x2C51},
    {0x2C22, 0x2C52},
    {0x2C23, 0x2C53},
    {0x2C24, 0x2C54},
    {0x2C25, 0x2C55},
    {0x2C26, 0x2C56},
    {0x2C27, 0x2C57},
    {0x2C28, 0x2C58},
    {0x2C29, 0x2C59},
    {0x2C2A, 0x2C5A},
    {0x2C2B, 0x2C5B},
    {0x2C2C, 0x2C5C},
    {0x2C2D, 0x2C5D},
    {0x2C2E, 0x2C5E},
    {0x2C2F, 0x2C5F},
    {0x2C60, 0x2C61},
    {0x2C62, 0x026B},
    {0x2C63, 0x1D7D},
    {0x2C64, 0x027D},
    {0x2C67, 0x2C68},
    {0x2C69, 0x2C6A},
    {0x2C6B, 0x2C6C},
    {0x2C6D, 0x0251},
    {0x2C6E, 0x0271},
    {0x2C6F, 0x0250},
    {0x2C70, 0x0252},
    {0x2C72, 0x2C73},
    {0x2C75, 0x2C76},
    {0x2C7E, 0x023F},
    {0x2C7F, 0x0240},
    {0x2C80, 0x2C81},
    {0x2C82, 0x2C83},
    {0x2C84, 0x2C85},
    {0x2C86, 0x2C87},
    {0x2C88, 0x2C89},
    {0x2C8A, 0x2C8B},
    {0x2C8C, 0x2C8D},
    {0x2C8E, 0x2C8F},
    {0x2C90, 0x2C91},
    {0x2C92, 0x2C93},
    {0x2C94, 0x2C95},
    {0x2C96, 0x2C97},
    {0x2C98, 0x2C99},
    {0x2C9A, 0x2C9B},
    {0x2C9C, 0x2C9D},
    {0x2C9E, 0x2C9F},
    {0x2CA0, 0x2CA1},
    {0x2CA2, 0x2CA3},
    {0x2CA4, 0x2CA5},
    {0x2CA6, 0x2CA7},
    {0x2CA8, 0x2CA9},
    {0x2CAA, 0x2CAB},
    {0x2CAC, 0x2CAD},
    {0x2CAE, 0x2CAF},
    {0x2CB0, 0x2CB1},
    {0x2CB2, 0x2CB3},
    {0x2CB4, 0x2CB5},
    {0x2CB6, 0x2CB7},
    {0x2CB8, 0x2CB9},
    {0x2CBA, 0x2CBB},
    {0x2CBC, 0x2CBD},
    {0x2CBE, 0x2CBF},
    {0x2CC0, 0x2CC1},
    {0x2CC2, 0x2CC3},
    {0x2CC4, 0x2CC5},
    {0x2CC6, 0x2CC7},
    {0x2CC8, 0x2CC9},
    {0x2CCA, 0x2CCB},
    {0x2CCC, 0x2CCD},
    {0x2CCE, 0x2CCF},
    {0x2CD0, 0x2CD1},
    {0x2CD2, 0x2CD3},
    {0x2CD4, 0x2CD5},
    {0x2CD6, 0x2CD7},
    {0x2CD8, 0x2CD9},
    {0x2CDA, 0x2CDB},
    {0x2CDC, 0x2CDD},
    {0x2CDE, 0x2CDF},
    {0x2CE0, 0x2CE1},
    {0x2CE2, 0x2CE3},
    {0x2CEB, 0x2CEC},
    {0x2CED, 0x2CEE},
    {0x2CF2, 0x2CF3},
    {0xA640, 0xA641},
    {0xA642, 0xA643},
    {0xA644, 0xA645},
    {0xA646, 0xA647},
    {0xA648, 0xA649},
    {0xA64A, 0xA64B},
    {0xA64C, 0xA64D},
    {0xA64E, 0xA64F},
    {0xA650, 0xA651},
    {0xA652, 0xA653},
    {0xA654, 0xA655},
    {0xA656, 0xA657},
    {0xA658, 0xA659},
    {0xA65A, 0xA65B},
    {0xA65C, 0xA65D},
    {0xA65E, 0xA65F},
    {0xA660, 0xA661},
    {0xA662, 0xA663},
    {0xA664, 0xA665},
    {0xA666, 0xA667},
    {0xA668, 0xA669},
    {0xA66A, 0xA66B},
    {0xA66C, 0xA66D},
    {0xA680, 0xA681},
    {0xA682, 0xA683},
    {0xA684, 0xA685},
    {0xA686, 0xA687},
    {0xA688, 0xA689},
    {0xA68A, 0xA68B},
    {0xA68C, 0xA68D},
    {0xA68E, 0xA68F},
    {0xA690, 0xA691},
    {0xA692, 0xA693},
    {0xA694, 0xA695},
    {0xA696, 0xA697},
    {0xA698, 0xA699},
    {0xA69A, 0xA69B},
    {0xA722, 0xA723},
    {0xA724, 0xA725},
    {0xA726, 0xA727},
    {0xA728, 0xA729},
    {0xA72A, 0xA72B},
    {0xA72C, 0xA72D},
    {0xA72E, 0xA72F},
    {0xA732, 0xA733},
    {0xA734, 0xA735},
    {0xA736, 0xA737},
    {0xA738, 0xA739},
    {0xA73A, 0xA73B},
    {0xA73C, 0xA73D},
    {0xA73E, 0xA73F},
    {0xA740, 0xA741},
    {0xA742, 0xA743},
    {0xA744, 0xA745},
    {0xA746, 0xA747},
    {0xA748, 0xA749},
    {0xA74A, 0xA74B},
    {0xA74C, 0xA74D},
    {0xA74E, 0xA74F},
    {0xA750, 0xA751},
    {0xA752, 0xA753},
    {0xA754, 0xA755},
    {0xA756, 0xA757},
    {0xA758, 0xA759},
    {0xA75A, 0xA75B},
    {0xA75C, 0xA75D},
    {0xA75E, 0xA75F},
    {0xA760, 0xA761},
    {0xA762, 0xA763},
    {0xA764, 0xA765},
    {0xA766, 0xA767},
    {0xA768, 0xA769},
    {0xA76A, 0xA76B},
    {0xA76C, 0xA76D},
    {0xA76E, 0xA76F},
    {0xA779, 0xA77A},
    {0xA77B, 0xA77C},
    {0xA77D, 0x1D79},
    {0xA77E, 0xA77F},
    {0xA780, 0xA781},
    {0xA782, 0xA783},
    {0xA784, 0xA785},
    {0xA786, 0xA787},
    {0xA78B, 0xA78C},
    {0xA78D, 0x0265},
    {0xA790, 0xA791},
    {0xA792, 0xA793},
    {0xA796, 0xA797},
    {0xA798, 0xA799},
    {0xA79A, 0xA79B},
    {0xA79C, 0xA79D},
    {0xA79E, 0xA79F},
    {0xA7A0, 0xA7A1},
    {0xA7A2, 0xA7A3},
    {0xA7A4, 0xA7A5},
    {0xA7A6, 0xA7A7},
    {0xA7A8, 0xA7A9},
    {0xA7AA, 0x0266},
    {0xA7AB, 0x025C},
    {0xA7AC, 0x0261},
    {0xA7AD, 0x026C},
    {0xA7AE, 0x026A},
    {0xA7B0, 0x029E},
    {0xA7B1, 0x0287},
    {0xA7B2, 0x029D},
    {0xA7B3, 0xAB53},
    {0xA7B4, 0xA7B5},
    {0xA7B6, 0xA7B7},
    {0xA7B8, 0xA7B9},
    {0xA7BA, 0xA7BB},
    {0xA7BC, 0xA7BD},
    {0xA7BE, 0xA7BF},
    {0xA7C0, 0xA7C1},
    {0xA7C2, 0xA7C3},
    {0xA7C4, 0xA794},
    {0xA7C5, 0x0282},
    {0xA7C6, 0x1D8E},
    {0xA7C7, 0xA7C8},
    {0xA7C9, 0xA7CA},
    {0xA7D0, 0xA7D1},
    {0xA7D6, 0xA7D7},
    {0xA7D8, 0xA7D9},
    {0xA7F5, 0xA7F6},
    {0xFF21, 0xFF41},
    {0xFF22, 0xFF42},
    {0xFF23, 0xFF43},
    {0xFF24, 0xFF44},
    {0xFF25, 0xFF45},
    {0xFF26, 0xFF46},
    {0xFF27, 0xFF47},
    {0xFF28, 0xFF48},
    {0xFF29, 0xFF49},
    {0xFF2A, 0xFF4A},
    {0xFF2B, 0xFF4B},
    {0xFF2C, 0xFF4C},
    {0xFF2D, 0xFF4D},
    {0xFF2E, 0xFF4E},
    {0xFF2F, 0xFF4F},
    {0xFF30, 0xFF50},
    {0xFF31, 0xFF51},
    {0xFF32, 0xFF52},
    {0xFF33, 0xFF53},
    {0xFF34, 0xFF54},
    {0xFF35, 0xFF55},
    {0xFF36, 0xFF56},
    {0xFF37, 0xFF57},
    {0xFF38, 0xFF58},
    {0xFF39, 0xFF59},
    {0xFF3A, 0xFF5A},
    {0x10400, 0x10428},
    {0x10401, 0x10429},
    {0x10402, 0x1042A},
    {0x10403, 0x1042B},
    {0x10404, 0x1042C},
    {0x10405, 0x1042D},
    {0x10406, 0x1042E},
    {0x10407, 0x1042F},
    {0x10408, 0x10430},
    {0x10409, 0x10431},
    {0x1040A, 0x10432},
    {0x1040B, 0x10433},
    {0x1040C, 0x10434},
    {0x1040D, 0x10435},
    {0x1040E, 0x10436},
    {0x1040F, 0x10437},
    {0x10410, 0x10438},
    {0x10411, 0x10439},
    {0x10412, 0x1043A},
    {0x10413, 0x1043B},
    {0x10414, 0x1043C},
    {0x10415, 0x1043D},
    {0x10416, 0x1043E},
    {0x10417, 0x1043F},
    {0x10418, 0x10440},
    {0x10419, 0x10441},
    {0x1041A, 0x10442},
    {0x1041B, 0x10443},
    {0x1041C, 0x10444},
    {0x1041D, 0x10445},
    {0x1041E, 0x10446},
    {0x1041F, 0x10447},
    {0x10420, 0x10448},
    {0x10421, 0x10449},
    {0x10422, 0x1044A},
    {0x10423, 0x1044B},
    {0x10424, 0x1044C},
    {0x10425, 0x1044D},
    {0x10426, 0x1044E},
    {0x10427, 0x1044F},
    {0x104B0, 0x104D8},
    {0x104B1, 0x104D9},
    {0x104B2, 0x104DA},
    {0x104B3, 0x104DB},
    {0x104B4, 0x104DC},
    {0x104B5, 0x104DD},
    {0x104B6, 0x104DE},
    {0x104B7, 0x104DF},
    {0x104B8, 0x104E0},
    {0x104B9, 0x104E1},
    {0x104BA, 0x104E2},
    {0x104BB, 0x104E3},
    {0x104BC, 0x104E4},
    {0x104BD, 0x104E5},
    {0x104BE, 0x104E6},
    {0x104BF, 0x104E7},
    {0x104C0, 0x104E8},
    {0x104C1, 0x104E9},
    {0x104C2, 0x104EA},
    {0x104C3, 0x104EB},
    {0x104C4, 0x104EC},
    {0x104C5, 0x104ED},
    {0x104C6, 0x104EE},
    {0x104C7, 0x104EF},
    {0x104C8, 0x104F0},
    {0x104C9, 0x104F1},
    {0x104CA, 0x104F2},
    {0x104CB, 0x104F3},
    {0x104CC, 0x104F4},
    {0x104CD, 0x104F5},
    {0x104CE, 0x104F6},
    {0x104CF, 0x104F7},
    {0x104D0, 0x104F8},
    {0x104D1, 0x104F9},
    {0x104D2, 0x104FA},
    {0x104D3, 0x104FB},
    {0x10570, 0x10597},
    {0x10571, 0x10598},
    {0x10572, 0x10599},
    {0x10573, 0x1059A},
    {0x10574, 0x1059B},
    {0x10575, 0x1059C},
    {0x10576, 0x1059D},
    {0x10577, 0x1059E},
    {0x10578, 0x1059F},
    {0x10579, 0x105A0},
    {0x1057A, 0x105A1},
    {0x1057C, 0x105A3},
    {0x1057D, 0x105A4},
    {0x1057E, 0x105A5},
    {0x1057F, 0x105A6},
    {0x10580, 0x105A7},
    {0x10581, 0x105A8},
    {0x10582, 0x105A9},
    {0x10583, 0x105AA},
    {0x10584, 0x105AB},
    {0x10585, 0x105AC},
    {0x10586, 0x105AD},
    {0x10587, 0x105AE},
    {0x10588, 0x105AF},
    {0x10589, 0x105B0},
    {0x1058A, 0x105B1},
    {0x1058C, 0x105B3},
    {0x1058D, 0x105B4},
    {0x1058E, 0x105B5},
    {0x1058F, 0x105B6},
    {0x10590, 0x105B7},
    {0x10591, 0x105B8},
    {0x10592, 0x105B9},
    {0x10594, 0x105BB},
    {0x10595, 0x105BC},
    {0x10C80, 0x10CC0},
    {0x10C81, 0x10CC1},
    {0x10C82, 0x10CC2},
    {0x10C83, 0x10CC3},
    {0x10C84, 0x10CC4},
    {0x10C85, 0x10CC5},
    {0x10C86, 0x10CC6},
    {0x10C87, 0x10CC7},
    {0x10C88, 0x10CC8},
    {0x10C89, 0x10CC9},
    {0x10C8A, 0x10CCA},
    {0x10C8B, 0x10CCB},
    {0x10C8C, 0x10CCC},
    {0x10C8D, 0x10CCD},
    {0x10C8E, 0x10CCE},
    {0x10C8F, 0x10CCF},
    {0x10C90, 0x10CD0},
    {0x10C91, 0x10CD1},
    {0x10C92, 0x10CD2},
    {0x10C93, 0x10CD3},
    {0x10C94, 0x10CD4},
    {0x10C95, 0x10CD5},
    {0x10C96, 0x10CD6},
    {0x10C97, 0x10CD7},
    {0x10C98, 0x10CD8},
    {0x10C99, 0x10CD9},
    {0x10C9A, 0x10CDA},
    {0x10C9B, 0x10CDB},
    {0x10C9C, 0x10CDC},
    {0x10C9D, 0x10CDD},
    {0x10C9E, 0x10CDE},
    {0x10C9F, 0x10CDF},
    {0x10CA0, 0x10CE0},
    {0x10CA1, 0x10CE1},
    {0x10CA2, 0x10CE2},
    {0x10CA3, 0x10CE3},
    {0x10CA4, 0x10CE4},
    {0x10CA5, 0x10CE5},
    {0x10CA6, 0x10CE6},
    {0x10CA7, 0x10CE7},
    {0x10CA8, 0x10CE8},
    {0x10CA9, 0x10CE9},
    {0x10CAA, 0x10CEA},
    {0x10CAB, 0x10CEB},
    {0x10CAC, 0x10CEC},
    {0x10CAD, 0x10CED},
    {0x10CAE, 0x10CEE},
    {0x10CAF, 0x10CEF},
    {0x10CB0, 0x10CF0},
    {0x10CB1, 0x10CF1},
    {0x10CB2, 0x10CF2},
    {0x118A0, 0x118C0},
    {0x118A1, 0x118C1},
    {0x118A2, 0x118C2},
    {0x118A3, 0x118C3},
    {0x118A4, 0x118C4},
    {0x118A5, 0x118C5},
    {0x118A6, 0x118C6},
    {0x118A7, 0x118C7},
    {0x118A8, 0x118C8},
    {0x118A9, 0x118C9},
    {0x118AA, 0x118CA},
    {0x118AB, 0x118CB},
    {0x118AC, 0x118CC},
    {0x118AD, 0x118CD},
    {0x118AE, 0x118CE},
    {0x118AF, 0x118CF},
    {0x118B0, 0x118D0},
    {0x118B1, 0x118D1},
    {0x118B2, 0x118D2},
    {0x118B3, 0x118D3},
    {0x118B4, 0x118D4},
    {0x118B5, 0x118D5},
    {0x118B6, 0x118D6},
    {0x118B7, 0x118D7},
    {0x118B8, 0x118D8},
    {0x118B9, 0x118D9},
    {0x118BA, 0x118DA},
    {0x118BB, 0x118DB},
    {0x118BC, 0x118DC},
    {0x118BD, 0x118DD},
    {0x118BE, 0x118DE},
    {0x118BF, 0x118DF},
    {0x16E40, 0x16E60},
    {0x16E41, 0x16E61},
    {0x16E42, 0x16E62},
    {0x16E43, 0x16E63},
    {0x16E44, 0x16E64},
    {0x16E45, 0x16E65},
    {0x16E46, 0x16E66},
    {0x16E47, 0x16E67},
    {0x16E48, 0x16E68},
    {0x16E49, 0x16E69},
    {0x16E4A, 0x16E6A},
    {0x16E4B, 0x16E6B},
    {0x16E4C, 0x16E6C},
    {0x16E4D, 0x16E6D},
    {0x16E4E, 0x16E6E},
    {0x16E4F, 0x16E6F},
    {0x16E50, 0x16E70},
    {0x16E51, 0x16E71},
    {0x16E52, 0x16E72},
    {0x16E53, 0x16E73},
    {0x16E54, 0x16E74},
    {0x16E55, 0x16E75},
    {0x16E56, 0x16E76},
    {0x16E57, 0x16E77},
    {0x16E58, 0x16E78},
    {0x16E59, 0x16E79},
    {0x16E5A, 0x16E7A},
    {0x16E5B, 0x16E7B},
    {0x16E5C, 0x16E7C},
    {0x16E5D, 0x16E7D},
    {0x16E5E, 0x16E7E},
    {0x16E5F, 0x16E7F},
    {0x1E900, 0x1E922},
    {0x1E901, 0x1E923},
    {0x1E902, 0x1E924},
    {0x1E903, 0x1E925},
    {0x1E904, 0x1E926},
    {0x1E905, 0x1E927},
    {0x1E906, 0x1E928},
    {0x1E907, 0x1E929},
    {0x1E908, 0x1E92A},
    {0x1E909, 0x1E92B},
    {0x1E90A, 0x1E92C},
    {0x1E90B, 0x1E92D},
    {0x1E90C, 0x1E92E},
    {0x1E90D, 0x1E92F},
    {0x1E90E, 0x1E930},
    {0x1E90F, 0x1E931},
    {0x1E910, 0x1E932},
    {0x1E911, 0x1E933},
    {0x1E912, 0x1E934},
    {0x1E913, 0x1E935},
    {0x1E914, 0x1E936},
    {0x1E915, 0x1E937},
    {0x1E916, 0x1E938},
    {0x1E917, 0x1E939},
    {0x1E918, 0x1E93A},
    {0x1E919, 0x1E93B},
    {0x1E91A, 0x1E93C},
    {0x1E91B, 0x1E93D},
    {0x1E91C, 0x1E93E},
    {0x1E91D, 0x1E93F},
    {0x1E91E, 0x1E940},
    {0x1E91F, 0x1E941},
    {0x1E920, 0x1E942},
    {0x1E921, 0x1E943},
};

#define UNICODE_SIMPLE_FOLD_COUNT 1457
static const unicode_simple_fold_entry unicode_simple_fold_table[] = {
    {0x0041, 0x0061},
    {0x0042, 0x0062},
    {0x0043, 0x0063},
    {0x0044, 0x0064},
    {0x0045, 0x0065},
    {0x0046, 0x0066},
    {0x0047, 0x0067},
    {0x0048, 0x0068},
    {0x0049, 0x0069},
    {0x004A, 0x006A},
    {0x004B, 0x006B},
    {0x004C, 0x006C},
    {0x004D, 0x006D},
    {0x004E, 0x006E},
    {0x004F, 0x006F},
    {0x0050, 0x0070},
    {0x0051, 0x0071},
    {0x0052, 0x0072},
    {0x0053, 0x0073},
    {0x0054, 0x0074},
    {0x0055, 0x0075},
    {0x0056, 0x0076},
    {0x0057, 0x0077},
    {0x0058, 0x0078},
    {0x0059, 0x0079},
    {0x005A, 0x007A},
    {0x00B5, 0x03BC},
    {0x00C0, 0x00E0},
    {0x00C1, 0x00E1},
    {0x00C2, 0x00E2},
    {0x00C3, 0x00E3},
    {0x00C4, 0x00E4},
    {0x00C5, 0x00E5},
    {0x00C6, 0x00E6},
    {0x00C7, 0x00E7},
    {0x00C8, 0x00E8},
    {0x00C9, 0x00E9},
    {0x00CA, 0x00EA},
    {0x00CB, 0x00EB},
    {0x00CC, 0x00EC},
    {0x00CD, 0x00ED},
    {0x00CE, 0x00EE},
    {0x00CF, 0x00EF},
    {0x00D0, 0x00F0},
    {0x00D1, 0x00F1},
    {0x00D2, 0x00F2},
    {0x00D3, 0x00F3},
    {0x00D4, 0x00F4},
    {0x00D5, 0x00F5},
    {0x00D6, 0x00F6},
    {0x00D8, 0x00F8},
    {0x00D9, 0x00F9},
    {0x00DA, 0x00FA},
    {0x00DB, 0x00FB},
    {0x00DC, 0x00FC},
    {0x00DD, 0x00FD},
    {0x00DE, 0x00FE},
    {0x0100, 0x0101},
    {0x0102, 0x0103},
    {0x0104, 0x0105},
    {0x0106, 0x0107},
    {0x0108, 0x0109},
    {0x010A, 0x010B},
    {0x010C, 0x010D},
    {0x010E, 0x010F},
    {0x0110, 0x0111},
    {0x0112, 0x0113},
    {0x0114, 0x0115},
    {0x0116, 0x0117},
    {0x0118, 0x0119},
    {0x011A, 0x011B},
    {0x011C, 0x011D},
    {0x011E, 0x011F},
    {0x0120, 0x0121},
    {0x0122, 0x0123},
    {0x0124, 0x0125},
    {0x0126, 0x0127},
    {0x0128, 0x0129},
    {0x012A, 0x012B},
    {0x012C, 0x012D},
    {0x012E, 0x012F},
    {0x0132, 0x0133},
    {0x0134, 0x0135},
    {0x0136, 0x0137},
    {0x0139, 0x013A},
    {0x013B, 0x013C},
    {0x013D, 0x013E},
    {0x013F, 0x0140},
    {0x0141, 0x0142},
    {0x0143, 0x0144},
    {0x0145, 0x0146},
    {0x0147, 0x0148},
    {0x014A, 0x014B},
    {0x014C, 0x014D},
    {0x014E, 0x014F},
    {0x0150, 0x0151},
    {0x0152, 0x0153},
    {0x0154, 0x0155},
    {0x0156, 0x0157},
    {0x0158, 0x0159},
    {0x015A, 0x015B},
    {0x015C, 0x015D},
    {0x015E, 0x015F},
    {0x0160, 0x0161},
    {0x0162, 0x0163},
    {0x0164, 0x0165},
    {0x0166, 0x0167},
    {0x0168, 0x0169},
    {0x016A, 0x016B},
    {0x016C, 0x016D},
    {0x016E, 0x016F},
    {0x0170, 0x0171},
    {0x0172, 0x0173},
    {0x0174, 0x0175},
    {0x0176, 0x0177},
    {0x0178, 0x00FF},
    {0x0179, 0x017A},
    {0x017B, 0x017C},
    {0x017D, 0x017E},
    {0x017F, 0x0073},
    {0x0181, 0x0253},
    {0x0182, 0x0183},
    {0x0184, 0x0185},
    {0x0186, 0x0254},
    {0x0187, 0x0188},
    {0x0189, 0x0256},
    {0x018A, 0x0257},
    {0x018B, 0x018C},
    {0x018E, 0x01DD},
    {0x018F, 0x0259},
    {0x0190, 0x025B},
    {0x0191, 0x0192},
    {0x0193, 0x0260},
    {0x0194, 0x0263},
    {0x0196, 0x0269},
    {0x0197, 0x0268},
    {0x0198, 0x0199},
    {0x019C, 0x026F},
    {0x019D, 0x0272},
    {0x019F, 0x0275},
    {0x01A0, 0x01A1},
    {0x01A2, 0x01A3},
    {0x01A4, 0x01A5},
    {0x01A6, 0x0280},
    {0x01A7, 0x01A8},
    {0x01A9, 0x0283},
    {0x01AC, 0x01AD},
    {0x01AE, 0x0288},
    {0x01AF, 0x01B0},
    {0x01B1, 0x028A},
    {0x01B2, 0x028B},
    {0x01B3, 0x01B4},
    {0x01B5, 0x01B6},
    {0x01B7, 0x0292},
    {0x01B8, 0x01B9},
    {0x01BC, 0x01BD},
    {0x01C4, 0x01C6},
    {0x01C5, 0x01C6},
    {0x01C7, 0x01C9},
    {0x01C8, 0x01C9},
    {0x01CA, 0x01CC},
    {0x01CB, 0x01CC},
    {0x01CD, 0x01CE},
    {0x01CF, 0x01D0},
    {0x01D1, 0x01D2},
    {0x01D3, 0x01D4},
    {0x01D5, 0x01D6},
    {0x01D7, 0x01D8},
    {0x01D9, 0x01DA},
    {0x01DB, 0x01DC},
    {0x01DE, 0x01DF},
    {0x01E0, 0x01E1},
    {0x01E2, 0x01E3},
    {0x01E4, 0x01E5},
    {0x01E6, 0x01E7},
    {0x01E8, 0x01E9},
    {0x01EA, 0x01EB},
    {0x01EC, 0x01ED},
    {0x01EE, 0x01EF},
    {0x01F1, 0x01F3},
    {0x01F2, 0x01F3},
    {0x01F4, 0x01F5},
    {0x01F6, 0x0195},
    {0x01F7, 0x01BF},
    {0x01F8, 0x01F9},
    {0x01FA, 0x01FB},
    {0x01FC, 0x01FD},
    {0x01FE, 0x01FF},
    {0x0200, 0x0201},
    {0x0202, 0x0203},
    {0x0204, 0x0205},
    {0x0206, 0x0207},
    {0x0208, 0x0209},
    {0x020A, 0x020B},
    {0x020C, 0x020D},
    {0x020E, 0x020F},
    {0x0210, 0x0211},
    {0x0212, 0x0213},
    {0x0214, 0x0215},
    {0x0216, 0x0217},
    {0x0218, 0x0219},
    {0x021A, 0x021B},
    {0x021C, 0x021D},
    {0x021E, 0x021F},
    {0x0220, 0x019E},
    {0x0222, 0x0223},
    {0x0224, 0x0225},
    {0x0226, 0x0227},
    {0x0228, 0x0229},
    {0x022A, 0x022B},
    {0x022C, 0x022D},
    {0x022E, 0x022F},
    {0x0230, 0x0231},
    {0x0232, 0x0233},
    {0x023A, 0x2C65},
    {0x023B, 0x023C},
    {0x023D, 0x019A},
    {0x023E, 0x2C66},
    {0x0241, 0x0242},
    {0x0243, 0x0180},
    {0x0244, 0x0289},
    {0x0245, 0x028C},
    {0x0246, 0x0247},
    {0x0248, 0x0249},
    {0x024A, 0x024B},
    {0x024C, 0x024D},
    {0x024E, 0x024F},
    {0x0345, 0x03B9},
    {0x0370, 0x0371},
    {0x0372, 0x0373},
    {0x0376, 0x0377},
    {0x037F, 0x03F3},
    {0x0386, 0x03AC},
    {0x0388, 0x03AD},
    {0x0389, 0x03AE},
    {0x038A, 0x03AF},
    {0x038C, 0x03CC},
    {0x038E, 0x03CD},
    {0x038F, 0x03CE},
    {0x0391, 0x03B1},
    {0x0392, 0x03B2},
    {0x0393, 0x03B3},
    {0x0394, 0x03B4},
    {0x0395, 0x03B5},
    {0x0396, 0x03B6},
    {0x0397, 0x03B7},
    {0x0398, 0x03B8},
    {0x0399, 0x03B9},
    {0x039A, 0x03BA},
    {0x039B, 0x03BB},
    {0x039C, 0x03BC},
    {0x039D, 0x03BD},
    {0x039E, 0x03BE},
    {0x039F, 0x03BF},
    {0x03A0, 0x03C0},
    {0x03A1, 0x03C1},
    {0x03A3, 0x03C3},
    {0x03A4, 0x03C4},
    {0x03A5, 0x03C5},
    {0x03A6, 0x03C6},
    {0x03A7, 0x03C7},
    {0x03A8, 0x03C8},
    {0x03A9, 0x03C9},
    {0x03AA, 0x03CA},
    {0x03AB, 0x03CB},
    {0x03C2, 0x03C3},
    {0x03CF, 0x03D7},
    {0x03D0, 0x03B2},
    {0x03D1, 0x03B8},
    {0x03D5, 0x03C6},
    {0x03D6, 0x03C0},
    {0x03D8, 0x03D9},
    {0x03DA, 0x03DB},
    {0x03DC, 0x03DD},
    {0x03DE, 0x03DF},
    {0x03E0, 0x03E1},
    {0x03E2, 0x03E3},
    {0x03E4, 0x03E5},
    {0x03E6, 0x03E7},
    {0x03E8, 0x03E9},
    {0x03EA, 0x03EB},
    {0x03EC, 0x03ED},
    {0x03EE, 0x03EF},
    {0x03F0, 0x03BA},
    {0x03F1, 0x03C1},
    {0x03F4, 0x03B8},
    {0x03F5, 0x03B5},
    {0x03F7, 0x03F8},
    {0x03F9, 0x03F2},
    {0x03FA, 0x03FB},
    {0x03FD, 0x037B},
    {0x03FE, 0x037C},
    {0x03FF, 0x037D},
    {0x0400, 0x0450},
    {0x0401, 0x0451},
    {0x0402, 0x0452},
    {0x0403, 0x0453},
    {0x0404, 0x0454},
    {0x0405, 0x0455},
    {0x0406, 0x0456},
    {0x0407, 0x0457},
    {0x0408, 0x0458},
    {0x0409, 0x0459},
    {0x040A, 0x045A},
    {0x040B, 0x045B},
    {0x040C, 0x045C},
    {0x040D, 0x045D},
    {0x040E, 0x045E},
    {0x040F, 0x045F},
    {0x0410, 0x0430},
    {0x0411, 0x0431},
    {0x0412, 0x0432},
    {0x0413, 0x0433},
    {0x0414, 0x0434},
    {0x0415, 0x0435},
    {0x0416, 0x0436},
    {0x0417, 0x0437},
    {0x0418, 0x0438},
    {0x0419, 0x0439},
    {0x041A, 0x043A},
    {0x041B, 0x043B},
    {0x041C, 0x043C},
    {0x041D, 0x043D},
    {0x041E, 0x043E},
    {0x041F, 0x043F},
    {0x0420, 0x0440},
    {0x0421, 0x0441},
    {0x0422, 0x0442},
    {0x0423, 0x0443},
    {0x0424, 0x0444},
    {0x0425, 0x0445},
    {0x0426, 0x0446},
    {0x0427, 0x0447},
    {0x0428, 0x0448},
    {0x0429, 0x0449},
    {0x042A, 0x044A},
    {0x042B, 0x044B},
    {0x042C, 0x044C},
    {0x042D, 0x044D},
    {0x042E, 0x044E},
    {0x042F, 0x044F},
    {0x0460, 0x0461},
    {0x0462, 0x0463},
    {0x0464, 0x0465},
    {0x0466, 0x0467},
    {0x0468, 0x0469},
    {0x046A, 0x046B},
    {0x046C, 0x046D},
    {0x046E, 0x046F},
    {0x0470, 0x0471},
    {0x0472, 0x0473},
    {0x0474, 0x0475},
    {0x0476, 0x0477},
    {0x0478, 0x0479},
    {0x047A, 0x047B},
    {0x047C, 0x047D},
    {0x047E, 0x047F},
    {0x0480, 0x0481},
    {0x048A, 0x048B},
    {0x048C, 0x048D},
    {0x048E, 0x048F},
    {0x0490, 0x0491},
    {0x0492, 0x0493},
    {0x0494, 0x0495},
    {0x0496, 0x0497},
    {0x0498, 0x0499},
    {0x049A, 0x049B},
    {0x049C, 0x049D},
    {0x049E, 0x049F},
    {0x04A0, 0x04A1},
    {0x04A2, 0x04A3},
    {0x04A4, 0x04A5},
    {0x04A6, 0x04A7},
    {0x04A8, 0x04A9},
    {0x04AA, 0x04AB},
    {0x04AC, 0x04AD},
    {0x04AE, 0x04AF},
    {0x04B0, 0x04B1},
    {0x04B2, 0x04B3},
    {0x04B4, 0x04B5},
    {0x04B6, 0x04B7},
    {0x04B8, 0x04B9},
    {0x04BA, 0x04BB},
    {0x04BC, 0x04BD},
    {0x04BE, 0x04BF},
    {0x04C0, 0x04CF},
    {0x04C1, 0x04C2},
    {0x04C3, 0x04C4},
    {0x04C5, 0x04C6},
    {0x04C7, 0x04C8},
    {0x04C9, 0x04CA},
    {0x04CB, 0x04CC},
    {0x04CD, 0x04CE},
    {0x04D0, 0x04D1},
    {0x04D2, 0x04D3},
    {0x04D4, 0x04D5},
    {0x04D6, 0x04D7},
    {0x04D8, 0x04D9},
    {0x04DA, 0x04DB},
    {0x04DC, 0x04DD},
    {0x04DE, 0x04DF},
    {0x04E0, 0x04E1},
    {0x04E2, 0x04E3},
    {0x04E4, 0x04E5},
    {0x04E6, 0x04E7},
    {0x04E8, 0x04E9},
    {0x04EA, 0x04EB},
    {0x04EC, 0x04ED},
    {0x04EE, 0x04EF},
    {0x04F0, 0x04F1},
    {0x04F2, 0x04F3},
    {0x04F4, 0x04F5},
    {0x04F6, 0x04F7},
    {0x04F8, 0x04F9},
    {0x04FA, 0x04FB},
    {0x04FC, 0x04FD},
    {0x04FE, 0x04FF},
    {0x0500, 0x0501},
    {0x0502, 0x0503},
    {0x0504, 0x0505},
    {0x0506, 0x0507},
    {0x0508, 0x0509},
    {0x050A, 0x050B},
    {0x050C, 0x050D},
    {0x050E, 0x050F},
    {0x0510, 0x0511},
    {0x0512, 0x0513},
    {0x0514, 0x0515},
    {0x0516, 0x0517},
    {0x0518, 0x0519},
    {0x051A, 0x051B},
    {0x051C, 0x051D},
    {0x051E, 0x051F},
    {0x0520, 0x0521},
    {0x0522, 0x0523},
    {0x0524, 0x0525},
    {0x0526, 0x0527},
    {0x0528, 0x0529},
    {0x052A, 0x052B},
    {0x052C, 0x052D},
    {0x052E, 0x052F},
    {0x0531, 0x0561},
    {0x0532, 0x0562},
    {0x0533, 0x0563},
    {0x0534, 0x0564},
    {0x0535, 0x0565},
    {0x0536, 0x0566},
    {0x0537, 0x0567},
    {0x0538, 0x0568},
    {0x0539, 0x0569},
    {0x053A, 0x056A},
    {0x053B, 0x056B},
    {0x053C, 0x056C},
    {0x053D, 0x056D},
    {0x053E, 0x056E},
    {0x053F, 0x056F},
    {0x0540, 0x0570},
    {0x0541, 0x0571},
    {0x0542, 0x0572},
    {0x0543, 0x0573},
    {0x0544, 0x0574},
    {0x0545, 0x0575},
    {0x0546, 0x0576},
    {0x0547, 0x0577},
    {0x0548, 0x0578},
    {0x0549, 0x0579},
    {0x054A, 0x057A},
    {0x054B, 0x057B},
    {0x054C, 0x057C},
    {0x054D, 0x057D},
    {0x054E, 0x057E},
    {0x054F, 0x057F},
    {0x0550, 0x0580},
    {0x0551, 0x0581},
    {0x0552, 0x0582},
    {0x0553, 0x0583},
    {0x0554, 0x0584},
    {0x0555, 0x0585},
    {0x0556, 0x0586},
    {0x10A0, 0x2D00},
    {0x10A1, 0x2D01},
    {0x10A2, 0x2D02},
    {0x10A3, 0x2D03},
    {0x10A4, 0x2D04},
    {0x10A5, 0x2D05},
    {0x10A6, 0x2D06},
    {0x10A7, 0x2D07},
    {0x10A8, 0x2D08},
    {0x10A9, 0x2D09},
    {0x10AA, 0x2D0A},
    {0x10AB, 0x2D0B},
    {0x10AC, 0x2D0C},
    {0x10AD, 0x2D0D},
    {0x10AE, 0x2D0E},
    {0x10AF, 0x2D0F},
    {0x10B0, 0x2D10},
    {0x10B1, 0x2D11},
    {0x10B2, 0x2D12},
    {0x10B3, 0x2D13},
    {0x10B4, 0x2D14},
    {0x10B5, 0x2D15},
    {0x10B6, 0x2D16},
    {0x10B7, 0x2D17},
    {0x10B8, 0x2D18},
    {0x10B9, 0x2D19},
    {0x10BA, 0x2D1A},
    {0x10BB, 0x2D1B},
    {0x10BC, 0x2D1C},
    {0x10BD, 0x2D1D},
    {0x10BE, 0x2D1E},
    {0x10BF, 0x2D1F},
    {0x10C0, 0x2D20},
    {0x10C1, 0x2D21},
    {0x10C2, 0x2D22},
    {0x10C3, 0x2D23},
    {0x10C4, 0x2D24},
    {0x10C5, 0x2D25},
    {0x10C7, 0x2D27},
    {0x10CD, 0x2D2D},
    {0x13F8, 0x13F0},
    {0x13F9, 0x13F1},
    {0x13FA, 0x13F2},
    {0x13FB, 0x13F3},
    {0x13FC, 0x13F4},
    {0x13FD, 0x13F5},
    {0x1C80, 0x0432},
    {0x1C81, 0x0434},
    {0x1C82, 0x043E},
    {0x1C83, 0x0441},
    {0x1C84, 0x0442},
    {0x1C85, 0x0442},
    {0x1C86, 0x044A},
    {0x1C87, 0x0463},
    {0x1C88, 0xA64B},
    {0x1C90, 0x10D0},
    {0x1C91, 0x10D1},
    {0x1C92, 0x10D2},
    {0x1C93, 0x10D3},
    {0x1C94, 0x10D4},
    {0x1C95, 0x10D5},
    {0x1C96, 0x10D6},
    {0x1C97, 0x10D7},
    {0x1C98, 0x10D8},
    {0x1C99, 0x10D9},
    {0x1C9A, 0x10DA},
    {0x1C9B, 0x10DB},
    {0x1C9C, 0x10DC},
    {0x1C9D, 0x10DD},
    {0x1C9E, 0x10DE},
    {0x1C9F, 0x10DF},
    {0x1CA0, 0x10E0},
    {0x1CA1, 0x10E1},
    {0x1CA2, 0x10E2},
    {0x1CA3, 0x10E3},
    {0x1CA4, 0x10E4},
    {0x1CA5, 0x10E5},
    {0x1CA6, 0x10E6},
    {0x1CA7, 0x10E7},
    {0x1CA8, 0x10E8},
    {0x1CA9, 0x10E9},
    {0x1CAA, 0x10EA},
    {0x1CAB, 0x10EB},
    {0x1CAC, 0x10EC},
    {0x1CAD, 0x10ED},
    {0x1CAE, 0x10EE},
    {0x1CAF, 0x10EF},
    {0x1CB0, 0x10F0},
    {0x1CB1, 0x10F1},
    {0x1CB2, 0x10F2},
    {0x1CB3, 0x10F3},
    {0x1CB4, 0x10F4},
    {0x1CB5, 0x10F5},
    {0x1CB6, 0x10F6},
    {0x1CB7, 0x10F7},
    {0x1CB8, 0x10F8},
    {0x1CB9, 0x10F9},
    {0x1CBA, 0x10FA},
    {0x1CBD, 0x10FD},
    {0x1CBE, 0x10FE},
    {0x1CBF, 0x10FF},
    {0x1E00, 0x1E01},
    {0x1E02, 0x1E03},
    {0x1E04, 0x1E05},
    {0x1E06, 0x1E07},
    {0x1E08, 0x1E09},
    {0x1E0A, 0x1E0B},
    {0x1E0C, 0x1E0D},
    {0x1E0E, 0x1E0F},
    {0x1E10, 0x1E11},
    {0x1E12, 0x1E13},
    {0x1E14, 0x1E15},
    {0x1E16, 0x1E17},
    {0x1E18, 0x1E19},
    {0x1E1A, 0x1E1B},
    {0x1E1C, 0x1E1D},
    {0x1E1E, 0x1E1F},
    {0x1E20, 0x1E21},
    {0x1E22, 0x1E23},
    {0x1E24, 0x1E25},
    {0x1E26, 0x1E27},
    {0x1E28, 0x1E29},
    {0x1E2A, 0x1E2B},
    {0x1E2C, 0x1E2D},
    {0x1E2E, 0x1E2F},
    {0x1E30, 0x1E31},
    {0x1E32, 0x1E33},
    {0x1E34, 0x1E35},
    {0x1E36, 0x1E37},
    {0x1E38, 0x1E39},
    {0x1E3A, 0x1E3B},
    {0x1E3C, 0x1E3D},
    {0x1E3E, 0x1E3F},
    {0x1E40, 0x1E41},
    {0x1E42, 0x1E43},
    {0x1E44, 0x1E45},
    {0x1E46, 0x1E47},
    {0x1E48, 0x1E49},
    {0x1E4A, 0x1E4B},
    {0x1E4C, 0x1E4D},
    {0x1E4E, 0x1E4F},
    {0x1E50, 0x1E51},
    {0x1E52, 0x1E53},
    {0x1E54, 0x1E55},
    {0x1E56, 0x1E57},
    {0x1E58, 0x1E59},
    {0x1E5A, 0x1E5B},
    {0x1E5C, 0x1E5D},
    {0x1E5E, 0x1E5F},
    {0x1E60, 0x1E61},
    {0x1E62, 0x1E63},
    {0x1E64, 0x1E65},
    {0x1E66, 0x1E67},
    {0x1E68, 0x1E69},
    {0x1E6A, 0x1E6B},
    {0x1E6C, 0x1E6D},
    {0x1E6E, 0x1E6F},
    {0x1E70, 0x1E71},
    {0x1E72, 0x1E73},
    {0x1E74, 0x1E75},
    {0x1E76, 0x1E77},
    {0x1E78, 0x1E79},
    {0x1E7A, 0x1E7B},
    {0x1E7C, 0x1E7D},
    {0x1E7E, 0x1E7F},
    {0x1E80, 0x1E81},
    {0x1E82, 0x1E83},
    {0x1E84, 0x1E85},
    {0x1E86, 0x1E87},
    {0x1E88, 0x1E89},
    {0x1E8A, 0x1E8B},
    {0x1E8C, 0x1E8D},
    {0x1E8E, 0x1E8F},
    {0x1E90, 0x1E91},
    {0x1E92, 0x1E93},
    {0x1E94, 0x1E95},
    {0x1E9B, 0x1E61},
    {0x1E9E, 0x00DF},
    {0x1EA0, 0x1EA1},
    {0x1EA2, 0x1EA3},
    {0x1EA4, 0x1EA5},
    {0x1EA6, 0x1EA7},
    {0x1EA8, 0x1EA9},
    {0x1EAA, 0x1EAB},
    {0x1EAC, 0x1EAD},
    {0x1EAE, 0x1EAF},
    {0x1EB0, 0x1EB1},
    {0x1EB2, 0x1EB3},
    {0x1EB4, 0x1EB5},
    {0x1EB6, 0x1EB7},
    {0x1EB8, 0x1EB9},
    {0x1EBA, 0x1EBB},
    {0x1EBC, 0x1EBD},
    {0x1EBE, 0x1EBF},
    {0x1EC0, 0x1EC1},
    {0x1EC2, 0x1EC3},
    {0x1EC4, 0x1EC5},
    {0x1EC6, 0x1EC7},
    {0x1EC8, 0x1EC9},
    {0x1ECA, 0x1ECB},
    {0x1ECC, 0x1ECD},
    {0x1ECE, 0x1ECF},
    {0x1ED0, 0x1ED1},
    {0x1ED2, 0x1ED3},
    {0x1ED4, 0x1ED5},
    {0x1ED6, 0x1ED7},
    {0x1ED8, 0x1ED9},
    {0x1EDA, 0x1EDB},
    {0x1EDC, 0x1EDD},
    {0x1EDE, 0x1EDF},
    {0x1EE0, 0x1EE1},
    {0x1EE2, 0x1EE3},
    {0x1EE4, 0x1EE5},
    {0x1EE6, 0x1EE7},
    {0x1EE8, 0x1EE9},
    {0x1EEA, 0x1EEB},
    {0x1EEC, 0x1EED},
    {0x1EEE, 0x1EEF},
    {0x1EF0, 0x1EF1},
    {0x1EF2, 0x1EF3},
    {0x1EF4, 0x1EF5},
    {0x1EF6, 0x1EF7},
    {0x1EF8, 0x1EF9},
    {0x1EFA, 0x1EFB},
    {0x1EFC, 0x1EFD},
    {0x1EFE, 0x1EFF},
    {0x1F08, 0x1F00},
    {0x1F09, 0x1F01},
    {0x1F0A, 0x1F02},
    {0x1F0B, 0x1F03},
    {0x1F0C, 0x1F04},
    {0x1F0D, 0x1F05},
    {0x1F0E, 0x1F06},
    {0x1F0F, 0x1F07},
    {0x1F18, 0x1F10},
    {0x1F19, 0x1F11},
    {0x1F1A, 0x1F12},
    {0x1F1B, 0x1F13},
    {0x1F1C, 0x1F14},
    {0x1F1D, 0x1F15},
    {0x1F28, 0x1F20},
    {0x1F29, 0x1F21},
    {0x1F2A, 0x1F22},
    {0x1F2B, 0x1F23},
    {0x1F2C, 0x1F24},
    {0x1F2D, 0x1F25},
    {0x1F2E, 0x1F26},
    {0x1F2F, 0x1F27},
    {0x1F38, 0x1F30},
    {0x1F39, 0x1F31},
    {0x1F3A, 0x1F32},
    {0x1F3B, 0x1F33},
    {0x1F3C, 0x1F34},
    {0x1F3D, 0x1F35},
    {0x1F3E, 0x1F36},
    {0x1F3F, 0x1F37},
    {0x1F48, 0x1F40},
    {0x1F49, 0x1F41},
    {0x1F4A, 0x1F42},
    {0x1F4B, 0x1F43},
    {0x1F4C, 0x1F44},
    {0x1F4D, 0x1F45},
    {0x1F59, 0x1F51},
    {0x1F5B, 0x1F53},
    {0x1F5D, 0x1F55},
    {0x1F5F, 0x1F57},
    {0x1F68, 0x1F60},
    {0x1F69, 0x1F61},
    {0x1F6A, 0x1F62},
    {0x1F6B, 0x1F63},
    {0x1F6C, 0x1F64},
    {0x1F6D, 0x1F65},
    {0x1F6E, 0x1F66},
    {0x1F6F, 0x1F67},
    {0x1F88, 0x1F80},
    {0x1F89, 0x1F81},
    {0x1F8A, 0x1F82},
    {0x1F8B, 0x1F83},
    {0x1F8C, 0x1F84},
    {0x1F8D, 0x1F85},
    {0x1F8E, 0x1F86},
    {0x1F8F, 0x1F87},
    {0x1F98, 0x1F90},
    {0x1F99, 0x1F91},
    {0x1F9A, 0x1F92},
    {0x1F9B, 0x1F93},
    {0x1F9C, 0x1F94},
    {0x1F9D, 0x1F95},
    {0x1F9E, 0x1F96},
    {0x1F9F, 0x1F97},
    {0x1FA8, 0x1FA0},
    {0x1FA9, 0x1FA1},
    {0x1FAA, 0x1FA2},
    {0x1FAB, 0x1FA3},
    {0x1FAC, 0x1FA4},
    {0x1FAD, 0x1FA5},
    {0x1FAE, 0x1FA6},
    {0x1FAF, 0x1FA7},
    {0x1FB8, 0x1FB0},
    {0x1FB9, 0x1FB1},
    {0x1FBA, 0x1F70},
    {0x1FBB, 0x1F71},
    {0x1FBC, 0x1FB3},
    {0x1FBE, 0x03B9},
    {0x1FC8, 0x1F72},
    {0x1FC9, 0x1F73},
    {0x1FCA, 0x1F74},
    {0x1FCB, 0x1F75},
    {0x1FCC, 0x1FC3},
    {0x1FD3, 0x0390},
    {0x1FD8, 0x1FD0},
    {0x1FD9, 0x1FD1},
    {0x1FDA, 0x1F76},
    {0x1FDB, 0x1F77},
    {0x1FE3, 0x03B0},
    {0x1FE8, 0x1FE0},
    {0x1FE9, 0x1FE1},
    {0x1FEA, 0x1F7A},
    {0x1FEB, 0x1F7B},
    {0x1FEC, 0x1FE5},
    {0x1FF8, 0x1F78},
    {0x1FF9, 0x1F79},
    {0x1FFA, 0x1F7C},
    {0x1FFB, 0x1F7D},
    {0x1FFC, 0x1FF3},
    {0x2126, 0x03C9},
    {0x212A, 0x006B},
    {0x212B, 0x00E5},
    {0x2132, 0x214E},
    {0x2160, 0x2170},
    {0x2161, 0x2171},
    {0x2162, 0x2172},
    {0x2163, 0x2173},
    {0x2164, 0x2174},
    {0x2165, 0x2175},
    {0x2166, 0x2176},
    {0x2167, 0x2177},
    {0x2168, 0x2178},
    {0x2169, 0x2179},
    {0x216A, 0x217A},
    {0x216B, 0x217B},
    {0x216C, 0x217C},
    {0x216D, 0x217D},
    {0x216E, 0x217E},
    {0x216F, 0x217F},
    {0x2183, 0x2184},
    {0x24B6, 0x24D0},
    {0x24B7, 0x24D1},
    {0x24B8, 0x24D2},
    {0x24B9, 0x24D3},
    {0x24BA, 0x24D4},
    {0x24BB, 0x24D5},
    {0x24BC, 0x24D6},
    {0x24BD, 0x24D7},
    {0x24BE, 0x24D8},
    {0x24BF, 0x24D9},
    {0x24C0, 0x24DA},
    {0x24C1, 0x24DB},
    {0x24C2, 0x24DC},
    {0x24C3, 0x24DD},
    {0x24C4, 0x24DE},
    {0x24C5, 0x24DF},
    {0x24C6, 0x24E0},
    {0x24C7, 0x24E1},
    {0x24C8, 0x24E2},
    {0x24C9, 0x24E3},
    {0x24CA, 0x24E4},
    {0x24CB, 0x24E5},
    {0x24CC, 0x24E6},
    {0x24CD, 0x24E7},
    {0x24CE, 0x24E8},
    {0x24CF, 0x24E9},
    {0x2C00, 0x2C30},
    {0x2C01, 0x2C31},
    {0x2C02, 0x2C32},
    {0x2C03, 0x2C33},
    {0x2C04, 0x2C34},
    {0x2C05, 0x2C35},
    {0x2C06, 0x2C36},
    {0x2C07, 0x2C37},
    {0x2C08, 0x2C38},
    {0x2C09, 0x2C39},
    {0x2C0A, 0x2C3A},
    {0x2C0B, 0x2C3B},
    {0x2C0C, 0x2C3C},
    {0x2C0D, 0x2C3D},
    {0x2C0E, 0x2C3E},
    {0x2C0F, 0x2C3F},
    {0x2C10, 0x2C40},
    {0x2C11, 0x2C41},
    {0x2C12, 0x2C42},
    {0x2C13, 0x2C43},
    {0x2C14, 0x2C44},
    {0x2C15, 0x2C45},
    {0x2C16, 0x2C46},
    {0x2C17, 0x2C47},
    {0x2C18, 0x2C48},
    {0x2C19, 0x2C49},
    {0x2C1A, 0x2C4A},
    {0x2C1B, 0x2C4B},
    {0x2C1C, 0x2C4C},
    {0x2C1D, 0x2C4D},
    {0x2C1E, 0x2C4E},
    {0x2C1F, 0x2C4F},
    {0x2C20, 0x2C50},
    {0x2C21, 0x2C51},
    {0x2C22, 0x2C52},
    {0x2C23, 0x2C53},
    {0x2C24, 0x2C54},
    {0x2C25, 0x2C55},
    {0x2C26, 0x2C56},
    {0x2C27, 0x2C57},
    {0x2C28, 0x2C58},
    {0x2C29, 0x2C59},
    {0x2C2A, 0x2C5A},
    {0x2C2B, 0x2C5B},
    {0x2C2C, 0x2C5C},
    {0x2C2D, 0x2C5D},
    {0x2C2E, 0x2C5E},
    {0x2C2F, 0x2C5F},
    {0x2C60, 0x2C61},
    {0x2C62, 0x026B},
    {0x2C63, 0x1D7D},
    {0x2C64, 0x027D},
    {0x2C67, 0x2C68},
    {0x2C69, 0x2C6A},
    {0x2C6B, 0x2C6C},
    {0x2C6D, 0x0251},
    {0x2C6E, 0x0271},
    {0x2C6F, 0x0250},
    {0x2C70, 0x0252},
    {0x2C72, 0x2C73},
    {0x2C75, 0x2C76},
    {0x2C7E, 0x023F},
    {0x2C7F, 0x0240},
    {0x2C80, 0x2C81},
    {0x2C82, 0x2C83},
    {0x2C84, 0x2C85},
    {0x2C86, 0x2C87},
    {0x2C88, 0x2C89},
    {0x2C8A, 0x2C8B},
    {0x2C8C, 0x2C8D},
    {0x2C8E, 0x2C8F},
    {0x2C90, 0x2C91},
    {0x2C92, 0x2C93},
    {0x2C94, 0x2C95},
    {0x2C96, 0x2C97},
    {0x2C98, 0x2C99},
    {0x2C9A, 0x2C9B},
    {0x2C9C, 0x2C9D},
    {0x2C9E, 0x2C9F},
    {0x2CA0, 0x2CA1},
    {0x2CA2, 0x2CA3},
    {0x2CA4, 0x2CA5},
    {0x2CA6, 0x2CA7},
    {0x2CA8, 0x2CA9},
    {0x2CAA, 0x2CAB},
    {0x2CAC, 0x2CAD},
    {0x2CAE, 0x2CAF},
    {0x2CB0, 0x2CB1},
    {0x2CB2, 0x2CB3},
    {0x2CB4, 0x2CB5},
    {0x2CB6, 0x2CB7},
    {0x2CB8, 0x2CB9},
    {0x2CBA, 0x2CBB},
    {0x2CBC, 0x2CBD},
    {0x2CBE, 0x2CBF},
    {0x2CC0, 0x2CC1},
    {0x2CC2, 0x2CC3},
    {0x2CC4, 0x2CC5},
    {0x2CC6, 0x2CC7},
    {0x2CC8, 0x2CC9},
    {0x2CCA, 0x2CCB},
    {0x2CCC, 0x2CCD},
    {0x2CCE, 0x2CCF},
    {0x2CD0, 0x2CD1},
    {0x2CD2, 0x2CD3},
    {0x2CD4, 0x2CD5},
    {0x2CD6, 0x2CD7},
    {0x2CD8, 0x2CD9},
    {0x2CDA, 0x2CDB},
    {0x2CDC, 0x2CDD},
    {0x2CDE, 0x2CDF},
    {0x2CE0, 0x2CE1},
    {0x2CE2, 0x2CE3},
    {0x2CEB, 0x2CEC},
    {0x2CED, 0x2CEE},
    {0x2CF2, 0x2CF3},
    {0xA640, 0xA641},
    {0xA642, 0xA643},
    {0xA644, 0xA645},
    {0xA646, 0xA647},
    {0xA648, 0xA649},
    {0xA64A, 0xA64B},
    {0xA64C, 0xA64D},
    {0xA64E, 0xA64F},
    {0xA650, 0xA651},
    {0xA652, 0xA653},
    {0xA654, 0xA655},
    {0xA656, 0xA657},
    {0xA658, 0xA659},
    {0xA65A, 0xA65B},
    {0xA65C, 0xA65D},
    {0xA65E, 0xA65F},
    {0xA660, 0xA661},
    {0xA662, 0xA663},
    {0xA664, 0xA665},
    {0xA666, 0xA667},
    {0xA668, 0xA669},
    {0xA66A, 0xA66B},
    {0xA66C, 0xA66D},
    {0xA680, 0xA681},
    {0xA682, 0xA683},
    {0xA684, 0xA685},
    {0xA686, 0xA687},
    {0xA688, 0xA689},
    {0xA68A, 0xA68B},
    {0xA68C, 0xA68D},
    {0xA68E, 0xA68F},
    {0xA690, 0xA691},
    {0xA692, 0xA693},
    {0xA694, 0xA695},
    {0xA696, 0xA697},
    {0xA698, 0xA699},
    {0xA69A, 0xA69B},
    {0xA722, 0xA723},
    {0xA724, 0xA725},
    {0xA726, 0xA727},
    {0xA728, 0xA729},
    {0xA72A, 0xA72B},
    {0xA72C, 0xA72D},
    {0xA72E, 0xA72F},
    {0xA732, 0xA733},
    {0xA734, 0xA735},
    {0xA736, 0xA737},
    {0xA738, 0xA739},
    {0xA73A, 0xA73B},
    {0xA73C, 0xA73D},
    {0xA73E, 0xA73F},
    {0xA740, 0xA741},
    {0xA742, 0xA743},
    {0xA744, 0xA745},
    {0xA746, 0xA747},
    {0xA748, 0xA749},
    {0xA74A, 0xA74B},
    {0xA74C, 0xA74D},
    {0xA74E, 0xA74F},
    {0xA750, 0xA751},
    {0xA752, 0xA753},
    {0xA754, 0xA755},
    {0xA756, 0xA757},
    {0xA758, 0xA759},
    {0xA75A, 0xA75B},
    {0xA75C, 0xA75D},
    {0xA75E, 0xA75F},
    {0xA760, 0xA761},
    {0xA762, 0xA763},
    {0xA764, 0xA765},
    {0xA766, 0xA767},
    {0xA768, 0xA769},
    {0xA76A, 0xA76B},
    {0xA76C, 0xA76D},
    {0xA76E, 0xA76F},
    {0xA779, 0xA77A},
    {0xA77B, 0xA77C},
    {0xA77D, 0x1D79},
    {0xA77E, 0xA77F},
    {0xA780, 0xA781},
    {0xA782, 0xA783},
    {0xA784, 0xA785},
    {0xA786, 0xA787},
    {0xA78B, 0xA78C},
    {0xA78D, 0x0265},
    {0xA790, 0xA791},
    {0xA792, 0xA793},
    {0xA796, 0xA797},
    {0xA798, 0xA799},
    {0xA79A, 0xA79B},
    {0xA79C, 0xA79D},
    {0xA79E, 0xA79F},
    {0xA7A0, 0xA7A1},
    {0xA7A2, 0xA7A3},
    {0xA7A4, 0xA7A5},
    {0xA7A6, 0xA7A7},
    {0xA7A8, 0xA7A9},
    {0xA7AA, 0x0266},
    {0xA7AB, 0x025C},
    {0xA7AC, 0x0261},
    {0xA7AD, 0x026C},
    {0xA7AE, 0x026A},
    {0xA7B0, 0x029E},
    {0xA7B1, 0x0287},
    {0xA7B2, 0x029D},
    {0xA7B3, 0xAB53},
    {0xA7B4, 0xA7B5},
    {0xA7B6, 0xA7B7},
    {0xA7B8, 0xA7B9},
    {0xA7BA, 0xA7BB},
    {0xA7BC, 0xA7BD},
    {0xA7BE, 0xA7BF},
    {0xA7C0, 0xA7C1},
    {0xA7C2, 0xA7C3},
    {0xA7C4, 0xA794},
    {0xA7C5, 0x0282},
    {0xA7C6, 0x1D8E},
    {0xA7C7, 0xA7C8},
    {0xA7C9, 0xA7CA},
    {0xA7D0, 0xA7D1},
    {0xA7D6, 0xA7D7},
    {0xA7D8, 0xA7D9},
    {0xA7F5, 0xA7F6},
    {0xAB70, 0x13A0},
    {0xAB71, 0x13A1},
    {0xAB72, 0x13A2},
    {0xAB73, 0x13A3},
    {0xAB74, 0x13A4},
    {0xAB75, 0x13A5},
    {0xAB76, 0x13A6},
    {0xAB77, 0x13A7},
    {0xAB78, 0x13A8},
    {0xAB79, 0x13A9},
    {0xAB7A, 0x13AA},
    {0xAB7B, 0x13AB},
    {0xAB7C, 0x13AC},
    {0xAB7D, 0x13AD},
    {0xAB7E, 0x13AE},
    {0xAB7F, 0x13AF},
    {0xAB80, 0x13B0},
    {0xAB81, 0x13B1},
    {0xAB82, 0x13B2},
    {0xAB83, 0x13B3},
    {0xAB84, 0x13B4},
    {0xAB85, 0x13B5},
    {0xAB86, 0x13B6},
    {0xAB87, 0x13B7},
    {0xAB88, 0x13B8},
    {0xAB89, 0x13B9},
    {0xAB8A, 0x13BA},
    {0xAB8B, 0x13BB},
    {0xAB8C, 0x13BC},
    {0xAB8D, 0x13BD},
    {0xAB8E, 0x13BE},
    {0xAB8F, 0x13BF},
    {0xAB90, 0x13C0},
    {0xAB91, 0x13C1},
    {0xAB92, 0x13C2},
    {0xAB93, 0x13C3},
    {0xAB94, 0x13C4},
    {0xAB95, 0x13C5},
    {0xAB96, 0x13C6},
    {0xAB97, 0x13C7},
    {0xAB98, 0x13C8},
    {0xAB99, 0x13C9},
    {0xAB9A, 0x13CA},
    {0xAB9B, 0x13CB},
    {0xAB9C, 0x13CC},
    {0xAB9D, 0x13CD},
    {0xAB9E, 0x13CE},
    {0xAB9F, 0x13CF},
    {0xABA0, 0x13D0},
    {0xABA1, 0x13D1},
    {0xABA2, 0x13D2},
    {0xABA3, 0x13D3},
    {0xABA4, 0x13D4},
    {0xABA5, 0x13D5},
    {0xABA6, 0x13D6},
    {0xABA7, 0x13D7},
    {0xABA8, 0x13D8},
    {0xABA9, 0x13D9},
    {0xABAA, 0x13DA},
    {0xABAB, 0x13DB},
    {0xABAC, 0x13DC},
    {0xABAD, 0x13DD},
    {0xABAE, 0x13DE},
    {0xABAF, 0x13DF},
    {0xABB0, 0x13E0},
    {0xABB1, 0x13E1},
    {0xABB2, 0x13E2},
    {0xABB3, 0x13E3},
    {0xABB4, 0x13E4},
    {0xABB5, 0x13E5},
    {0xABB6, 0x13E6},
    {0xABB7, 0x13E7},
    {0xABB8, 0x13E8},
    {0xABB9, 0x13E9},
    {0xABBA, 0x13EA},
    {0xABBB, 0x13EB},
    {0xABBC, 0x13EC},
    {0xABBD, 0x13ED},
    {0xABBE, 0x13EE},
    {0xABBF, 0x13EF},
    {0xFB05, 0xFB06},
    {0xFF21, 0xFF41},
    {0xFF22, 0xFF42},
    {0xFF23, 0xFF43},
    {0xFF24, 0xFF44},
    {0xFF25, 0xFF45},
    {0xFF26, 0xFF46},
    {0xFF27, 0xFF47},
    {0xFF28, 0xFF48},
    {0xFF29, 0xFF49},
    {0xFF2A, 0xFF4A},
    {0xFF2B, 0xFF4B},
    {0xFF2C, 0xFF4C},
    {0xFF2D, 0xFF4D},
    {0xFF2E, 0xFF4E},
    {0xFF2F, 0xFF4F},
    {0xFF30, 0xFF50},
    {0xFF31, 0xFF51},
    {0xFF32, 0xFF52},
    {0xFF33, 0xFF53},
    {0xFF34, 0xFF54},
    {0xFF35, 0xFF55},
    {0xFF36, 0xFF56},
    {0xFF37, 0xFF57},
    {0xFF38, 0xFF58},
    {0xFF39, 0xFF59},
    {0xFF3A, 0xFF5A},
    {0x10400, 0x10428},
    {0x10401, 0x10429},
    {0x10402, 0x1042A},
    {0x10403, 0x1042B},
    {0x10404, 0x1042C},
    {0x10405, 0x1042D},
    {0x10406, 0x1042E},
    {0x10407, 0x1042F},
    {0x10408, 0x10430},
    {0x10409, 0x10431},
    {0x1040A, 0x10432},
    {0x1040B, 0x10433},
    {0x1040C, 0x10434},
    {0x1040D, 0x10435},
    {0x1040E, 0x10436},
    {0x1040F, 0x10437},
    {0x10410, 0x10438},
    {0x10411, 0x10439},
    {0x10412, 0x1043A},
    {0x10413, 0x1043B},
    {0x10414, 0x1043C},
    {0x10415, 0x1043D},
    {0x10416, 0x1043E},
    {0x10417, 0x1043F},
    {0x10418, 0x10440},
    {0x10419, 0x10441},
    {0x1041A, 0x10442},
    {0x1041B, 0x10443},
    {0x1041C, 0x10444},
    {0x1041D, 0x10445},
    {0x1041E, 0x10446},
    {0x1041F, 0x10447},
    {0x10420, 0x10448},
    {0x10421, 0x10449},
    {0x10422, 0x1044A},
    {0x10423, 0x1044B},
    {0x10424, 0x1044C},
    {0x10425, 0x1044D},
    {0x10426, 0x1044E},
    {0x10427, 0x1044F},
    {0x104B0, 0x104D8},
    {0x104B1, 0x104D9},
    {0x104B2, 0x104DA},
    {0x104B3, 0x104DB},
    {0x104B4, 0x104DC},
    {0x104B5, 0x104DD},
    {0x104B6, 0x104DE},
    {0x104B7, 0x104DF},
    {0x104B8, 0x104E0},
    {0x104B9, 0x104E1},
    {0x104BA, 0x104E2},
    {0x104BB, 0x104E3},
    {0x104BC, 0x104E4},
    {0x104BD, 0x104E5},
    {0x104BE, 0x104E6},
    {0x104BF, 0x104E7},
    {0x104C0, 0x104E8},
    {0x104C1, 0x104E9},
    {0x104C2, 0x104EA},
    {0x104C3, 0x104EB},
    {0x104C4, 0x104EC},
    {0x104C5, 0x104ED},
    {0x104C6, 0x104EE},
    {0x104C7, 0x104EF},
    {0x104C8, 0x104F0},
    {0x104C9, 0x104F1},
    {0x104CA, 0x104F2},
    {0x104CB, 0x104F3},
    {0x104CC, 0x104F4},
    {0x104CD, 0x104F5},
    {0x104CE, 0x104F6},
    {0x104CF, 0x104F7},
    {0x104D0, 0x104F8},
    {0x104D1, 0x104F9},
    {0x104D2, 0x104FA},
    {0x104D3, 0x104FB},
    {0x10570, 0x10597},
    {0x10571, 0x10598},
    {0x10572, 0x10599},
    {0x10573, 0x1059A},
    {0x10574, 0x1059B},
    {0x10575, 0x1059C},
    {0x10576, 0x1059D},
    {0x10577, 0x1059E},
    {0x10578, 0x1059F},
    {0x10579, 0x105A0},
    {0x1057A, 0x105A1},
    {0x1057C, 0x105A3},
    {0x1057D, 0x105A4},
    {0x1057E, 0x105A5},
    {0x1057F, 0x105A6},
    {0x10580, 0x105A7},
    {0x10581, 0x105A8},
    {0x10582, 0x105A9},
    {0x10583, 0x105AA},
    {0x10584, 0x105AB},
    {0x10585, 0x105AC},
    {0x10586, 0x105AD},
    {0x10587, 0x105AE},
    {0x10588, 0x105AF},
    {0x10589, 0x105B0},
    {0x1058A, 0x105B1},
    {0x1058C, 0x105B3},
    {0x1058D, 0x105B4},
    {0x1058E, 0x105B5},
    {0x1058F, 0x105B6},
    {0x10590, 0x105B7},
    {0x10591, 0x105B8},
    {0x10592, 0x105B9},
    {0x10594, 0x105BB},
    {0x10595, 0x105BC},
    {0x10C80, 0x10CC0},
    {0x10C81, 0x10CC1},
    {0x10C82, 0x10CC2},
    {0x10C83, 0x10CC3},
    {0x10C84, 0x10CC4},
    {0x10C85, 0x10CC5},
    {0x10C86, 0x10CC6},
    {0x10C87, 0x10CC7},
    {0x10C88, 0x10CC8},
    {0x10C89, 0x10CC9},
    {0x10C8A, 0x10CCA},
    {0x10C8B, 0x10CCB},
    {0x10C8C, 0x10CCC},
    {0x10C8D, 0x10CCD},
    {0x10C8E, 0x10CCE},
    {0x10C8F, 0x10CCF},
    {0x10C90, 0x10CD0},
    {0x10C91, 0x10CD1},
    {0x10C92, 0x10CD2},
    {0x10C93, 0x10CD3},
    {0x10C94, 0x10CD4},
    {0x10C95, 0x10CD5},
    {0x10C96, 0x10CD6},
    {0x10C97, 0x10CD7},
    {0x10C98, 0x10CD8},
    {0x10C99, 0x10CD9},
    {0x10C9A, 0x10CDA},
    {0x10C9B, 0x10CDB},
    {0x10C9C, 0x10CDC},
    {0x10C9D, 0x10CDD},
    {0x10C9E, 0x10CDE},
    {0x10C9F, 0x10CDF},
    {0x10CA0, 0x10CE0},
    {0x10CA1, 0x10CE1},
    {0x10CA2, 0x10CE2},
    {0x10CA3, 0x10CE3},
    {0x10CA4, 0x10CE4},
    {0x10CA5, 0x10CE5},
    {0x10CA6, 0x10CE6},
    {0x10CA7, 0x10CE7},
    {0x10CA8, 0x10CE8},
    {0x10CA9, 0x10CE9},
    {0x10CAA, 0x10CEA},
    {0x10CAB, 0x10CEB},
    {0x10CAC, 0x10CEC},
    {0x10CAD, 0x10CED},
    {0x10CAE, 0x10CEE},
    {0x10CAF, 0x10CEF},
    {0x10CB0, 0x10CF0},
    {0x10CB1, 0x10CF1},
    {0x10CB2, 0x10CF2},
    {0x118A0, 0x118C0},
    {0x118A1, 0x118C1},
    {0x118A2, 0x118C2},
    {0x118A3, 0x118C3},
    {0x118A4, 0x118C4},
    {0x118A5, 0x118C5},
    {0x118A6, 0x118C6},
    {0x118A7, 0x118C7},
    {0x118A8, 0x118C8},
    {0x118A9, 0x118C9},
    {0x118AA, 0x118CA},
    {0x118AB, 0x118CB},
    {0x118AC, 0x118CC},
    {0x118AD, 0x118CD},
    {0x118AE, 0x118CE},
    {0x118AF, 0x118CF},
    {0x118B0, 0x118D0},
    {0x118B1, 0x118D1},
    {0x118B2, 0x118D2},
    {0x118B3, 0x118D3},
    {0x118B4, 0x118D4},
    {0x118B5, 0x118D5},
    {0x118B6, 0x118D6},
    {0x118B7, 0x118D7},
    {0x118B8, 0x118D8},
    {0x118B9, 0x118D9},
    {0x118BA, 0x118DA},
    {0x118BB, 0x118DB},
    {0x118BC, 0x118DC},
    {0x118BD, 0x118DD},
    {0x118BE, 0x118DE},
    {0x118BF, 0x118DF},
    {0x16E40, 0x16E60},
    {0x16E41, 0x16E61},
    {0x16E42, 0x16E62},
    {0x16E43, 0x16E63},
    {0x16E44, 0x16E64},
    {0x16E45, 0x16E65},
    {0x16E46, 0x16E66},
    {0x16E47, 0x16E67},
    {0x16E48, 0x16E68},
    {0x16E49, 0x16E69},
    {0x16E4A, 0x16E6A},
    {0x16E4B, 0x16E6B},
    {0x16E4C, 0x16E6C},
    {0x16E4D, 0x16E6D},
    {0x16E4E, 0x16E6E},
    {0x16E4F, 0x16E6F},
    {0x16E50, 0x16E70},
    {0x16E51, 0x16E71},
    {0x16E52, 0x16E72},
    {0x16E53, 0x16E73},
    {0x16E54, 0x16E74},
    {0x16E55, 0x16E75},
    {0x16E56, 0x16E76},
    {0x16E57, 0x16E77},
    {0x16E58, 0x16E78},
    {0x16E59, 0x16E79},
    {0x16E5A, 0x16E7A},
    {0x16E5B, 0x16E7B},
    {0x16E5C, 0x16E7C},
    {0x16E5D, 0x16E7D},
    {0x16E5E, 0x16E7E},
    {0x16E5F, 0x16E7F},
    {0x1E900, 0x1E922},
    {0x1E901, 0x1E923},
    {0x1E902, 0x1E924},
    {0x1E903, 0x1E925},
    {0x1E904, 0x1E926},
    {0x1E905, 0x1E927},
    {0x1E906, 0x1E928},
    {0x1E907, 0x1E929},
    {0x1E908, 0x1E92A},
    {0x1E909, 0x1E92B},
    {0x1E90A, 0x1E92C},
    {0x1E90B, 0x1E92D},
    {0x1E90C, 0x1E92E},
    {0x1E90D, 0x1E92F},
    {0x1E90E, 0x1E930},
    {0x1E90F, 0x1E931},
    {0x1E910, 0x1E932},
    {0x1E911, 0x1E933},
    {0x1E912, 0x1E934},
    {0x1E913, 0x1E935},
    {0x1E914, 0x1E936},
    {0x1E915, 0x1E937},
    {0x1E916, 0x1E938},
    {0x1E917, 0x1E939},
    {0x1E918, 0x1E93A},
    {0x1E919, 0x1E93B},
    {0x1E91A, 0x1E93C},
    {0x1E91B, 0x1E93D},
    {0x1E91C, 0x1E93E},
    {0x1E91D, 0x1E93F},
    {0x1E91E, 0x1E940},
    {0x1E91F, 0x1E941},
    {0x1E920, 0x1E942},
    {0x1E921, 0x1E943},
};

#define UNICODE_FULL_FOLD_COUNT 1530
#define UNICODE_FULL_FOLD_DATA_COUNT 1650
static const uint32_t unicode_full_fold_data[] = {
    0x0061, 0x0062, 0x0063, 0x0064, 0x0065, 0x0066, 0x0067, 0x0068,
    0x0069, 0x006A, 0x006B, 0x006C, 0x006D, 0x006E, 0x006F, 0x0070,
    0x0071, 0x0072, 0x0073, 0x0074, 0x0075, 0x0076, 0x0077, 0x0078,
    0x0079, 0x007A, 0x03BC, 0x00E0, 0x00E1, 0x00E2, 0x00E3, 0x00E4,
    0x00E5, 0x00E6, 0x00E7, 0x00E8, 0x00E9, 0x00EA, 0x00EB, 0x00EC,
    0x00ED, 0x00EE, 0x00EF, 0x00F0, 0x00F1, 0x00F2, 0x00F3, 0x00F4,
    0x00F5, 0x00F6, 0x00F8, 0x00F9, 0x00FA, 0x00FB, 0x00FC, 0x00FD,
    0x00FE, 0x0073, 0x0073, 0x0101, 0x0103, 0x0105, 0x0107, 0x0109,
    0x010B, 0x010D, 0x010F, 0x0111, 0x0113, 0x0115, 0x0117, 0x0119,
    0x011B, 0x011D, 0x011F, 0x0121, 0x0123, 0x0125, 0x0127, 0x0129,
    0x012B, 0x012D, 0x012F, 0x0069, 0x0307, 0x0133, 0x0135, 0x0137,
    0x013A, 0x013C, 0x013E, 0x0140, 0x0142, 0x0144, 0x0146, 0x0148,
    0x02BC, 0x006E, 0x014B, 0x014D, 0x014F, 0x0151, 0x0153, 0x0155,
    0x0157, 0x0159, 0x015B, 0x015D, 0x015F, 0x0161, 0x0163, 0x0165,
    0x0167, 0x0169, 0x016B, 0x016D, 0x016F, 0x0171, 0x0173, 0x0175,
    0x0177, 0x00FF, 0x017A, 0x017C, 0x017E, 0x0073, 0x0253, 0x0183,
    0x0185, 0x0254, 0x0188, 0x0256, 0x0257, 0x018C, 0x01DD, 0x0259,
    0x025B, 0x0192, 0x0260, 0x0263, 0x0269, 0x0268, 0x0199, 0x026F,
    0x0272, 0x0275, 0x01A1, 0x01A3, 0x01A5, 0x0280, 0x01A8, 0x0283,
    0x01AD, 0x0288, 0x01B0, 0x028A, 0x028B, 0x01B4, 0x01B6, 0x0292,
    0x01B9, 0x01BD, 0x01C6, 0x01C6, 0x01C9, 0x01C9, 0x01CC, 0x01CC,
    0x01CE, 0x01D0, 0x01D2, 0x01D4, 0x01D6, 0x01D8, 0x01DA, 0x01DC,
    0x01DF, 0x01E1, 0x01E3, 0x01E5, 0x01E7, 0x01E9, 0x01EB, 0x01ED,
    0x01EF, 0x006A, 0x030C, 0x01F3, 0x01F3, 0x01F5, 0x0195, 0x01BF,
    0x01F9, 0x01FB, 0x01FD, 0x01FF, 0x0201, 0x0203, 0x0205, 0x0207,
    0x0209, 0x020B, 0x020D, 0x020F, 0x0211, 0x0213, 0x0215, 0x0217,
    0x0219, 0x021B, 0x021D, 0x021F, 0x019E, 0x0223, 0x0225, 0x0227,
    0x0229, 0x022B, 0x022D, 0x022F, 0x0231, 0x0233, 0x2C65, 0x023C,
    0x019A, 0x2C66, 0x0242, 0x0180, 0x0289, 0x028C, 0x0247, 0x0249,
    0x024B, 0x024D, 0x024F, 0x03B9, 0x0371, 0x0373, 0x0377, 0x03F3,
    0x03AC, 0x03AD, 0x03AE, 0x03AF, 0x03CC, 0x03CD, 0x03CE, 0x03B9,
    0x0308, 0x0301, 0x03B1, 0x03B2, 0x03B3, 0x03B4, 0x03B5, 0x03B6,
    0x03B7, 0x03B8, 0x03B9, 0x03BA, 0x03BB, 0x03BC, 0x03BD, 0x03BE,
    0x03BF, 0x03C0, 0x03C1, 0x03C3, 0x03C4, 0x03C5, 0x03C6, 0x03C7,
    0x03C8, 0x03C9, 0x03CA, 0x03CB, 0x03C5, 0x0308, 0x0301, 0x03C3,
    0x03D7, 0x03B2, 0x03B8, 0x03C6, 0x03C0, 0x03D9, 0x03DB, 0x03DD,
    0x03DF, 0x03E1, 0x03E3, 0x03E5, 0x03E7, 0x03E9, 0x03EB, 0x03ED,
    0x03EF, 0x03BA, 0x03C1, 0x03B8, 0x03B5, 0x03F8, 0x03F2, 0x03FB,
    0x037B, 0x037C, 0x037D, 0x0450, 0x0451, 0x0452, 0x0453, 0x0454,
    0x0455, 0x0456, 0x0457, 0x0458, 0x0459, 0x045A, 0x045B, 0x045C,
    0x045D, 0x045E, 0x045F, 0x0430, 0x0431, 0x0432, 0x0433, 0x0434,
    0x0435, 0x0436, 0x0437, 0x0438, 0x0439, 0x043A, 0x043B, 0x043C,
    0x043D, 0x043E, 0x043F, 0x0440, 0x0441, 0x0442, 0x0443, 0x0444,
    0x0445, 0x0446, 0x0447, 0x0448, 0x0449, 0x044A, 0x044B, 0x044C,
    0x044D, 0x044E, 0x044F, 0x0461, 0x0463, 0x0465, 0x0467, 0x0469,
    0x046B, 0x046D, 0x046F, 0x0471, 0x0473, 0x0475, 0x0477, 0x0479,
    0x047B, 0x047D, 0x047F, 0x0481, 0x048B, 0x048D, 0x048F, 0x0491,
    0x0493, 0x0495, 0x0497, 0x0499, 0x049B, 0x049D, 0x049F, 0x04A1,
    0x04A3, 0x04A5, 0x04A7, 0x04A9, 0x04AB, 0x04AD, 0x04AF, 0x04B1,
    0x04B3, 0x04B5, 0x04B7, 0x04B9, 0x04BB, 0x04BD, 0x04BF, 0x04CF,
    0x04C2, 0x04C4, 0x04C6, 0x04C8, 0x04CA, 0x04CC, 0x04CE, 0x04D1,
    0x04D3, 0x04D5, 0x04D7, 0x04D9, 0x04DB, 0x04DD, 0x04DF, 0x04E1,
    0x04E3, 0x04E5, 0x04E7, 0x04E9, 0x04EB, 0x04ED, 0x04EF, 0x04F1,
    0x04F3, 0x04F5, 0x04F7, 0x04F9, 0x04FB, 0x04FD, 0x04FF, 0x0501,
    0x0503, 0x0505, 0x0507, 0x0509, 0x050B, 0x050D, 0x050F, 0x0511,
    0x0513, 0x0515, 0x0517, 0x0519, 0x051B, 0x051D, 0x051F, 0x0521,
    0x0523, 0x0525, 0x0527, 0x0529, 0x052B, 0x052D, 0x052F, 0x0561,
    0x0562, 0x0563, 0x0564, 0x0565, 0x0566, 0x0567, 0x0568, 0x0569,
    0x056A, 0x056B, 0x056C, 0x056D, 0x056E, 0x056F, 0x0570, 0x0571,
    0x0572, 0x0573, 0x0574, 0x0575, 0x0576, 0x0577, 0x0578, 0x0579,
    0x057A, 0x057B, 0x057C, 0x057D, 0x057E, 0x057F, 0x0580, 0x0581,
    0x0582, 0x0583, 0x0584, 0x0585, 0x0586, 0x0565, 0x0582, 0x2D00,
    0x2D01, 0x2D02, 0x2D03, 0x2D04, 0x2D05, 0x2D06, 0x2D07, 0x2D08,
    0x2D09, 0x2D0A, 0x2D0B, 0x2D0C, 0x2D0D, 0x2D0E, 0x2D0F, 0x2D10,
    0x2D11, 0x2D12, 0x2D13, 0x2D14, 0x2D15, 0x2D16, 0x2D17, 0x2D18,
    0x2D19, 0x2D1A, 0x2D1B, 0x2D1C, 0x2D1D, 0x2D1E, 0x2D1F, 0x2D20,
    0x2D21, 0x2D22, 0x2D23, 0x2D24, 0x2D25, 0x2D27, 0x2D2D, 0x13F0,
    0x13F1, 0x13F2, 0x13F3, 0x13F4, 0x13F5, 0x0432, 0x0434, 0x043E,
    0x0441, 0x0442, 0x0442, 0x044A, 0x0463, 0xA64B, 0x10D0, 0x10D1,
    0x10D2, 0x10D3, 0x10D4, 0x10D5, 0x10D6, 0x10D7, 0x10D8, 0x10D9,
    0x10DA, 0x10DB, 0x10DC, 0x10DD, 0x10DE, 0x10DF, 0x10E0, 0x10E1,
    0x10E2, 0x10E3, 0x10E4, 0x10E5, 0x10E6, 0x10E7, 0x10E8, 0x10E9,
    0x10EA, 0x10EB, 0x10EC, 0x10ED, 0x10EE, 0x10EF, 0x10F0, 0x10F1,
    0x10F2, 0x10F3, 0x10F4, 0x10F5, 0x10F6, 0x10F7, 0x10F8, 0x10F9,
    0x10FA, 0x10FD, 0x10FE, 0x10FF, 0x1E01, 0x1E03, 0x1E05, 0x1E07,
    0x1E09, 0x1E0B, 0x1E0D, 0x1E0F, 0x1E11, 0x1E13, 0x1E15, 0x1E17,
    0x1E19, 0x1E1B, 0x1E1D, 0x1E1F, 0x1E21, 0x1E23, 0x1E25, 0x1E27,
    0x1E29, 0x1E2B, 0x1E2D, 0x1E2F, 0x1E31, 0x1E33, 0x1E35, 0x1E37,
    0x1E39, 0x1E3B, 0x1E3D, 0x1E3F, 0x1E41, 0x1E43, 0x1E45, 0x1E47,
    0x1E49, 0x1E4B, 0x1E4D, 0x1E4F, 0x1E51, 0x1E53, 0x1E55, 0x1E57,
    0x1E59, 0x1E5B, 0x1E5D, 0x1E5F, 0x1E61, 0x1E63, 0x1E65, 0x1E67,
    0x1E69, 0x1E6B, 0x1E6D, 0x1E6F, 0x1E71, 0x1E73, 0x1E75, 0x1E77,
    0x1E79, 0x1E7B, 0x1E7D, 0x1E7F, 0x1E81, 0x1E83, 0x1E85, 0x1E87,
    0x1E89, 0x1E8B, 0x1E8D, 0x1E8F, 0x1E91, 0x1E93, 0x1E95, 0x0068,
    0x0331, 0x0074, 0x0308, 0x0077, 0x030A, 0x0079, 0x030A, 0x0061,
    0x02BE, 0x1E61, 0x0073, 0x0073, 0x1EA1, 0x1EA3, 0x1EA5, 0x1EA7,
    0x1EA9, 0x1EAB, 0x1EAD, 0x1EAF, 0x1EB1, 0x1EB3, 0x1EB5, 0x1EB7,
    0x1EB9, 0x1EBB, 0x1EBD, 0x1EBF, 0x1EC1, 0x1EC3, 0x1EC5, 0x1EC7,
    0x1EC9, 0x1ECB, 0x1ECD, 0x1ECF, 0x1ED1, 0x1ED3, 0x1ED5, 0x1ED7,
    0x1ED9, 0x1EDB, 0x1EDD, 0x1EDF, 0x1EE1, 0x1EE3, 0x1EE5, 0x1EE7,
    0x1EE9, 0x1EEB, 0x1EED, 0x1EEF, 0x1EF1, 0x1EF3, 0x1EF5, 0x1EF7,
    0x1EF9, 0x1EFB, 0x1EFD, 0x1EFF, 0x1F00, 0x1F01, 0x1F02, 0x1F03,
    0x1F04, 0x1F05, 0x1F06, 0x1F07, 0x1F10, 0x1F11, 0x1F12, 0x1F13,
    0x1F14, 0x1F15, 0x1F20, 0x1F21, 0x1F22, 0x1F23, 0x1F24, 0x1F25,
    0x1F26, 0x1F27, 0x1F30, 0x1F31, 0x1F32, 0x1F33, 0x1F34, 0x1F35,
    0x1F36, 0x1F37, 0x1F40, 0x1F41, 0x1F42, 0x1F43, 0x1F44, 0x1F45,
    0x03C5, 0x0313, 0x03C5, 0x0313, 0x0300, 0x03C5, 0x0313, 0x0301,
    0x03C5, 0x0313, 0x0342, 0x1F51, 0x1F53, 0x1F55, 0x1F57, 0x1F60,
    0x1F61, 0x1F62, 0x1F63, 0x1F64, 0x1F65, 0x1F66, 0x1F67, 0x1F00,
    0x03B9, 0x1F01, 0x03B9, 0x1F02, 0x03B9, 0x1F03, 0x03B9, 0x1F04,
    0x03B9, 0x1F05, 0x03B9, 0x1F06, 0x03B9, 0x1F07, 0x03B9, 0x1F00,
    0x03B9, 0x1F01, 0x03B9, 0x1F02, 0x03B9, 0x1F03, 0x03B9, 0x1F04,
    0x03B9, 0x1F05, 0x03B9, 0x1F06, 0x03B9, 0x1F07, 0x03B9, 0x1F20,
    0x03B9, 0x1F21, 0x03B9, 0x1F22, 0x03B9, 0x1F23, 0x03B9, 0x1F24,
    0x03B9, 0x1F25, 0x03B9, 0x1F26, 0x03B9, 0x1F27, 0x03B9, 0x1F20,
    0x03B9, 0x1F21, 0x03B9, 0x1F22, 0x03B9, 0x1F23, 0x03B9, 0x1F24,
    0x03B9, 0x1F25, 0x03B9, 0x1F26, 0x03B9, 0x1F27, 0x03B9, 0x1F60,
    0x03B9, 0x1F61, 0x03B9, 0x1F62, 0x03B9, 0x1F63, 0x03B9, 0x1F64,
    0x03B9, 0x1F65, 0x03B9, 0x1F66, 0x03B9, 0x1F67, 0x03B9, 0x1F60,
    0x03B9, 0x1F61, 0x03B9, 0x1F62, 0x03B9, 0x1F63, 0x03B9, 0x1F64,
    0x03B9, 0x1F65, 0x03B9, 0x1F66, 0x03B9, 0x1F67, 0x03B9, 0x1F70,
    0x03B9, 0x03B1, 0x03B9, 0x03AC, 0x03B9, 0x03B1, 0x0342, 0x03B1,
    0x0342, 0x03B9, 0x1FB0, 0x1FB1, 0x1F70, 0x1F71, 0x03B1, 0x03B9,
    0x03B9, 0x1F74, 0x03B9, 0x03B7, 0x03B9, 0x03AE, 0x03B9, 0x03B7,
    0x0342, 0x03B7, 0x0342, 0x03B9, 0x1F72, 0x1F73, 0x1F74, 0x1F75,
    0x03B7, 0x03B9, 0x03B9, 0x0308, 0x0300, 0x03B9, 0x0308, 0x0301,
    0x03B9, 0x0342, 0x03B9, 0x0308, 0x0342, 0x1FD0, 0x1FD1, 0x1F76,
    0x1F77, 0x03C5, 0x0308, 0x0300, 0x03C5, 0x0308, 0x0301, 0x03C1,
    0x0313, 0x03C5, 0x0342, 0x03C5, 0x0308, 0x0342, 0x1FE0, 0x1FE1,
    0x1F7A, 0x1F7B, 0x1FE5, 0x1F7C, 0x03B9, 0x03C9, 0x03B9, 0x03CE,
    0x03B9, 0x03C9, 0x0342, 0x03C9, 0x0342, 0x03B9, 0x1F78, 0x1F79,
    0x1F7C, 0x1F7D, 0x03C9, 0x03B9, 0x03C9, 0x006B, 0x00E5, 0x214E,
    0x2170, 0x2171, 0x2172, 0x2173, 0x2174, 0x2175, 0x2176, 0x2177,
    0x2178, 0x2179, 0x217A, 0x217B, 0x217C, 0x217D, 0x217E, 0x217F,
    0x2184, 0x24D0, 0x24D1, 0x24D2, 0x24D3, 0x24D4, 0x24D5, 0x24D6,
    0x24D7, 0x24D8, 0x24D9, 0x24DA, 0x24DB, 0x24DC, 0x24DD, 0x24DE,
    0x24DF, 0x24E0, 0x24E1, 0x24E2, 0x24E3, 0x24E4, 0x24E5, 0x24E6,
    0x24E7, 0x24E8, 0x24E9, 0x2C30, 0x2C31, 0x2C32, 0x2C33, 0x2C34,
    0x2C35, 0x2C36, 0x2C37, 0x2C38, 0x2C39, 0x2C3A, 0x2C3B, 0x2C3C,
    0x2C3D, 0x2C3E, 0x2C3F, 0x2C40, 0x2C41, 0x2C42, 0x2C43, 0x2C44,
    0x2C45, 0x2C46, 0x2C47, 0x2C48, 0x2C49, 0x2C4A, 0x2C4B, 0x2C4C,
    0x2C4D, 0x2C4E, 0x2C4F, 0x2C50, 0x2C51, 0x2C52, 0x2C53, 0x2C54,
    0x2C55, 0x2C56, 0x2C57, 0x2C58, 0x2C59, 0x2C5A, 0x2C5B, 0x2C5C,
    0x2C5D, 0x2C5E, 0x2C5F, 0x2C61, 0x026B, 0x1D7D, 0x027D, 0x2C68,
    0x2C6A, 0x2C6C, 0x0251, 0x0271, 0x0250, 0x0252, 0x2C73, 0x2C76,
    0x023F, 0x0240, 0x2C81, 0x2C83, 0x2C85, 0x2C87, 0x2C89, 0x2C8B,
    0x2C8D, 0x2C8F, 0x2C91, 0x2C93, 0x2C95, 0x2C97, 0x2C99, 0x2C9B,
    0x2C9D, 0x2C9F, 0x2CA1, 0x2CA3, 0x2CA5, 0x2CA7, 0x2CA9, 0x2CAB,
    0x2CAD, 0x2CAF, 0x2CB1, 0x2CB3, 0x2CB5, 0x2CB7, 0x2CB9, 0x2CBB,
    0x2CBD, 0x2CBF, 0x2CC1, 0x2CC3, 0x2CC5, 0x2CC7, 0x2CC9, 0x2CCB,
    0x2CCD, 0x2CCF, 0x2CD1, 0x2CD3, 0x2CD5, 0x2CD7, 0x2CD9, 0x2CDB,
    0x2CDD, 0x2CDF, 0x2CE1, 0x2CE3, 0x2CEC, 0x2CEE, 0x2CF3, 0xA641,
    0xA643, 0xA645, 0xA647, 0xA649, 0xA64B, 0xA64D, 0xA64F, 0xA651,
    0xA653, 0xA655, 0xA657, 0xA659, 0xA65B, 0xA65D, 0xA65F, 0xA661,
    0xA663, 0xA665, 0xA667, 0xA669, 0xA66B, 0xA66D, 0xA681, 0xA683,
    0xA685, 0xA687, 0xA689, 0xA68B, 0xA68D, 0xA68F, 0xA691, 0xA693,
    0xA695, 0xA697, 0xA699, 0xA69B, 0xA723, 0xA725, 0xA727, 0xA729,
    0xA72B, 0xA72D, 0xA72F, 0xA733, 0xA735, 0xA737, 0xA739, 0xA73B,
    0xA73D, 0xA73F, 0xA741, 0xA743, 0xA745, 0xA747, 0xA749, 0xA74B,
    0xA74D, 0xA74F, 0xA751, 0xA753, 0xA755, 0xA757, 0xA759, 0xA75B,
    0xA75D, 0xA75F, 0xA761, 0xA763, 0xA765, 0xA767, 0xA769, 0xA76B,
    0xA76D, 0xA76F, 0xA77A, 0xA77C, 0x1D79, 0xA77F, 0xA781, 0xA783,
    0xA785, 0xA787, 0xA78C, 0x0265, 0xA791, 0xA793, 0xA797, 0xA799,
    0xA79B, 0xA79D, 0xA79F, 0xA7A1, 0xA7A3, 0xA7A5, 0xA7A7, 0xA7A9,
    0x0266, 0x025C, 0x0261, 0x026C, 0x026A, 0x029E, 0x0287, 0x029D,
    0xAB53, 0xA7B5, 0xA7B7, 0xA7B9, 0xA7BB, 0xA7BD, 0xA7BF, 0xA7C1,
    0xA7C3, 0xA794, 0x0282, 0x1D8E, 0xA7C8, 0xA7CA, 0xA7D1, 0xA7D7,
    0xA7D9, 0xA7F6, 0x13A0, 0x13A1, 0x13A2, 0x13A3, 0x13A4, 0x13A5,
    0x13A6, 0x13A7, 0x13A8, 0x13A9, 0x13AA, 0x13AB, 0x13AC, 0x13AD,
    0x13AE, 0x13AF, 0x13B0, 0x13B1, 0x13B2, 0x13B3, 0x13B4, 0x13B5,
    0x13B6, 0x13B7, 0x13B8, 0x13B9, 0x13BA, 0x13BB, 0x13BC, 0x13BD,
    0x13BE, 0x13BF, 0x13C0, 0x13C1, 0x13C2, 0x13C3, 0x13C4, 0x13C5,
    0x13C6, 0x13C7, 0x13C8, 0x13C9, 0x13CA, 0x13CB, 0x13CC, 0x13CD,
    0x13CE, 0x13CF, 0x13D0, 0x13D1, 0x13D2, 0x13D3, 0x13D4, 0x13D5,
    0x13D6, 0x13D7, 0x13D8, 0x13D9, 0x13DA, 0x13DB, 0x13DC, 0x13DD,
    0x13DE, 0x13DF, 0x13E0, 0x13E1, 0x13E2, 0x13E3, 0x13E4, 0x13E5,
    0x13E6, 0x13E7, 0x13E8, 0x13E9, 0x13EA, 0x13EB, 0x13EC, 0x13ED,
    0x13EE, 0x13EF, 0x0066, 0x0066, 0x0066, 0x0069, 0x0066, 0x006C,
    0x0066, 0x0066, 0x0069, 0x0066, 0x0066, 0x006C, 0x0073, 0x0074,
    0x0073, 0x0074, 0x0574, 0x0576, 0x0574, 0x0565, 0x0574, 0x056B,
    0x057E, 0x0576, 0x0574, 0x056D, 0xFF41, 0xFF42, 0xFF43, 0xFF44,
    0xFF45, 0xFF46, 0xFF47, 0xFF48, 0xFF49, 0xFF4A, 0xFF4B, 0xFF4C,
    0xFF4D, 0xFF4E, 0xFF4F, 0xFF50, 0xFF51, 0xFF52, 0xFF53, 0xFF54,
    0xFF55, 0xFF56, 0xFF57, 0xFF58, 0xFF59, 0xFF5A, 0x10428, 0x10429,
    0x1042A, 0x1042B, 0x1042C, 0x1042D, 0x1042E, 0x1042F, 0x10430, 0x10431,
    0x10432, 0x10433, 0x10434, 0x10435, 0x10436, 0x10437, 0x10438, 0x10439,
    0x1043A, 0x1043B, 0x1043C, 0x1043D, 0x1043E, 0x1043F, 0x10440, 0x10441,
    0x10442, 0x10443, 0x10444, 0x10445, 0x10446, 0x10447, 0x10448, 0x10449,
    0x1044A, 0x1044B, 0x1044C, 0x1044D, 0x1044E, 0x1044F, 0x104D8, 0x104D9,
    0x104DA, 0x104DB, 0x104DC, 0x104DD, 0x104DE, 0x104DF, 0x104E0, 0x104E1,
    0x104E2, 0x104E3, 0x104E4, 0x104E5, 0x104E6, 0x104E7, 0x104E8, 0x104E9,
    0x104EA, 0x104EB, 0x104EC, 0x104ED, 0x104EE, 0x104EF, 0x104F0, 0x104F1,
    0x104F2, 0x104F3, 0x104F4, 0x104F5, 0x104F6, 0x104F7, 0x104F8, 0x104F9,
    0x104FA, 0x104FB, 0x10597, 0x10598, 0x10599, 0x1059A, 0x1059B, 0x1059C,
    0x1059D, 0x1059E, 0x1059F, 0x105A0, 0x105A1, 0x105A3, 0x105A4, 0x105A5,
    0x105A6, 0x105A7, 0x105A8, 0x105A9, 0x105AA, 0x105AB, 0x105AC, 0x105AD,
    0x105AE, 0x105AF, 0x105B0, 0x105B1, 0x105B3, 0x105B4, 0x105B5, 0x105B6,
    0x105B7, 0x105B8, 0x105B9, 0x105BB, 0x105BC, 0x10CC0, 0x10CC1, 0x10CC2,
    0x10CC3, 0x10CC4, 0x10CC5, 0x10CC6, 0x10CC7, 0x10CC8, 0x10CC9, 0x10CCA,
    0x10CCB, 0x10CCC, 0x10CCD, 0x10CCE, 0x10CCF, 0x10CD0, 0x10CD1, 0x10CD2,
    0x10CD3, 0x10CD4, 0x10CD5, 0x10CD6, 0x10CD7, 0x10CD8, 0x10CD9, 0x10CDA,
    0x10CDB, 0x10CDC, 0x10CDD, 0x10CDE, 0x10CDF, 0x10CE0, 0x10CE1, 0x10CE2,
    0x10CE3, 0x10CE4, 0x10CE5, 0x10CE6, 0x10CE7, 0x10CE8, 0x10CE9, 0x10CEA,
    0x10CEB, 0x10CEC, 0x10CED, 0x10CEE, 0x10CEF, 0x10CF0, 0x10CF1, 0x10CF2,
    0x118C0, 0x118C1, 0x118C2, 0x118C3, 0x118C4, 0x118C5, 0x118C6, 0x118C7,
    0x118C8, 0x118C9, 0x118CA, 0x118CB, 0x118CC, 0x118CD, 0x118CE, 0x118CF,
    0x118D0, 0x118D1, 0x118D2, 0x118D3, 0x118D4, 0x118D5, 0x118D6, 0x118D7,
    0x118D8, 0x118D9, 0x118DA, 0x118DB, 0x118DC, 0x118DD, 0x118DE, 0x118DF,
    0x16E60, 0x16E61, 0x16E62, 0x16E63, 0x16E64, 0x16E65, 0x16E66, 0x16E67,
    0x16E68, 0x16E69, 0x16E6A, 0x16E6B, 0x16E6C, 0x16E6D, 0x16E6E, 0x16E6F,
    0x16E70, 0x16E71, 0x16E72, 0x16E73, 0x16E74, 0x16E75, 0x16E76, 0x16E77,
    0x16E78, 0x16E79, 0x16E7A, 0x16E7B, 0x16E7C, 0x16E7D, 0x16E7E, 0x16E7F,
    0x1E922, 0x1E923, 0x1E924, 0x1E925, 0x1E926, 0x1E927, 0x1E928, 0x1E929,
    0x1E92A, 0x1E92B, 0x1E92C, 0x1E92D, 0x1E92E, 0x1E92F, 0x1E930, 0x1E931,
    0x1E932, 0x1E933, 0x1E934, 0x1E935, 0x1E936, 0x1E937, 0x1E938, 0x1E939,
    0x1E93A, 0x1E93B, 0x1E93C, 0x1E93D, 0x1E93E, 0x1E93F, 0x1E940, 0x1E941,
    0x1E942, 0x1E943,
};

static const unicode_full_case_entry unicode_full_fold_table[] = {
    {0x0041, 0, 1},
    {0x0042, 1, 1},
    {0x0043, 2, 1},
    {0x0044, 3, 1},
    {0x0045, 4, 1},
    {0x0046, 5, 1},
    {0x0047, 6, 1},
    {0x0048, 7, 1},
    {0x0049, 8, 1},
    {0x004A, 9, 1},
    {0x004B, 10, 1},
    {0x004C, 11, 1},
    {0x004D, 12, 1},
    {0x004E, 13, 1},
    {0x004F, 14, 1},
    {0x0050, 15, 1},
    {0x0051, 16, 1},
    {0x0052, 17, 1},
    {0x0053, 18, 1},
    {0x0054, 19, 1},
    {0x0055, 20, 1},
    {0x0056, 21, 1},
    {0x0057, 22, 1},
    {0x0058, 23, 1},
    {0x0059, 24, 1},
    {0x005A, 25, 1},
    {0x00B5, 26, 1},
    {0x00C0, 27, 1},
    {0x00C1, 28, 1},
    {0x00C2, 29, 1},
    {0x00C3, 30, 1},
    {0x00C4, 31, 1},
    {0x00C5, 32, 1},
    {0x00C6, 33, 1},
    {0x00C7, 34, 1},
    {0x00C8, 35, 1},
    {0x00C9, 36, 1},
    {0x00CA, 37, 1},
    {0x00CB, 38, 1},
    {0x00CC, 39, 1},
    {0x00CD, 40, 1},
    {0x00CE, 41, 1},
    {0x00CF, 42, 1},
    {0x00D0, 43, 1},
    {0x00D1, 44, 1},
    {0x00D2, 45, 1},
    {0x00D3, 46, 1},
    {0x00D4, 47, 1},
    {0x00D5, 48, 1},
    {0x00D6, 49, 1},
    {0x00D8, 50, 1},
    {0x00D9, 51, 1},
    {0x00DA, 52, 1},
    {0x00DB, 53, 1},
    {0x00DC, 54, 1},
    {0x00DD, 55, 1},
    {0x00DE, 56, 1},
    {0x00DF, 57, 2},
    {0x0100, 59, 1},
    {0x0102, 60, 1},
    {0x0104, 61, 1},
    {0x0106, 62, 1},
    {0x0108, 63, 1},
    {0x010A, 64, 1},
    {0x010C, 65, 1},
    {0x010E, 66, 1},
    {0x0110, 67, 1},
    {0x0112, 68, 1},
    {0x0114, 69, 1},
    {0x0116, 70, 1},
    {0x0118, 71, 1},
    {0x011A, 72, 1},
    {0x011C, 73, 1},
    {0x011E, 74, 1},
    {0x0120, 75, 1},
    {0x0122, 76, 1},
    {0x0124, 77, 1},
    {0x0126, 78, 1},
    {0x0128, 79, 1},
    {0x012A, 80, 1},
    {0x012C, 81, 1},
    {0x012E, 82, 1},
    {0x0130, 83, 2},
    {0x0132, 85, 1},
    {0x0134, 86, 1},
    {0x0136, 87, 1},
    {0x0139, 88, 1},
    {0x013B, 89, 1},
    {0x013D, 90, 1},
    {0x013F, 91, 1},
    {0x0141, 92, 1},
    {0x0143, 93, 1},
    {0x0145, 94, 1},
    {0x0147, 95, 1},
    {0x0149, 96, 2},
    {0x014A, 98, 1},
    {0x014C, 99, 1},
    {0x014E, 100, 1},
    {0x0150, 101, 1},
    {0x0152, 102, 1},
    {0x0154, 103, 1},
    {0x0156, 104, 1},
    {0x0158, 105, 1},
    {0x015A, 106, 1},
    {0x015C, 107, 1},
    {0x015E, 108, 1},
    {0x0160, 109, 1},
    {0x0162, 110, 1},
    {0x0164, 111, 1},
    {0x0166, 112, 1},
    {0x0168, 113, 1},
    {0x016A, 114, 1},
    {0x016C, 115, 1},
    {0x016E, 116, 1},
    {0x0170, 117, 1},
    {0x0172, 118, 1},
    {0x0174, 119, 1},
    {0x0176, 120, 1},
    {0x0178, 121, 1},
    {0x0179, 122, 1},
    {0x017B, 123, 1},
    {0x017D, 124, 1},
    {0x017F, 125, 1},
    {0x0181, 126, 1},
    {0x0182, 127, 1},
    {0x0184, 128, 1},
    {0x0186, 129, 1},
    {0x0187, 130, 1},
    {0x0189, 131, 1},
    {0x018A, 132, 1},
    {0x018B, 133, 1},
    {0x018E, 134, 1},
    {0x018F, 135, 1},
    {0x0190, 136, 1},
    {0x0191, 137, 1},
    {0x0193, 138, 1},
    {0x0194, 139, 1},
    {0x0196, 140, 1},
    {0x0197, 141, 1},
    {0x0198, 142, 1},
    {0x019C, 143, 1},
    {0x019D, 144, 1},
    {0x019F, 145, 1},
    {0x01A0, 146, 1},
    {0x01A2, 147, 1},
    {0x01A4, 148, 1},
    {0x01A6, 149, 1},
    {0x01A7, 150, 1},
    {0x01A9, 151, 1},
    {0x01AC, 152, 1},
    {0x01AE, 153, 1},
    {0x01AF, 154, 1},
    {0x01B1, 155, 1},
    {0x01B2, 156, 1},
    {0x01B3, 157, 1},
    {0x01B5, 158, 1},
    {0x01B7, 159, 1},
    {0x01B8, 160, 1},
    {0x01BC, 161, 1},
    {0x01C4, 162, 1},
    {0x01C5, 163, 1},
    {0x01C7, 164, 1},
    {0x01C8, 165, 1},
    {0x01CA, 166, 1},
    {0x01CB, 167, 1},
    {0x01CD, 168, 1},
    {0x01CF, 169, 1},
    {0x01D1, 170, 1},
    {0x01D3, 171, 1},
    {0x01D5, 172, 1},
    {0x01D7, 173, 1},
    {0x01D9, 174, 1},
    {0x01DB, 175, 1},
    {0x01DE, 176, 1},
    {0x01E0, 177, 1},
    {0x01E2, 178, 1},
    {0x01E4, 179, 1},
    {0x01E6, 180, 1},
    {0x01E8, 181, 1},
    {0x01EA, 182, 1},
    {0x01EC, 183, 1},
    {0x01EE, 184, 1},
    {0x01F0, 185, 2},
    {0x01F1, 187, 1},
    {0x01F2, 188, 1},
    {0x01F4, 189, 1},
    {0x01F6, 190, 1},
    {0x01F7, 191, 1},
    {0x01F8, 192, 1},
    {0x01FA, 193, 1},
    {0x01FC, 194, 1},
    {0x01FE, 195, 1},
    {0x0200, 196, 1},
    {0x0202, 197, 1},
    {0x0204, 198, 1},
    {0x0206, 199, 1},
    {0x0208, 200, 1},
    {0x020A, 201, 1},
    {0x020C, 202, 1},
    {0x020E, 203, 1},
    {0x0210, 204, 1},
    {0x0212, 205, 1},
    {0x0214, 206, 1},
    {0x0216, 207, 1},
    {0x0218, 208, 1},
    {0x021A, 209, 1},
    {0x021C, 210, 1},
    {0x021E, 211, 1},
    {0x0220, 212, 1},
    {0x0222, 213, 1},
    {0x0224, 214, 1},
    {0x0226, 215, 1},
    {0x0228, 216, 1},
    {0x022A, 217, 1},
    {0x022C, 218, 1},
    {0x022E, 219, 1},
    {0x0230, 220, 1},
    {0x0232, 221, 1},
    {0x023A, 222, 1},
    {0x023B, 223, 1},
    {0x023D, 224, 1},
    {0x023E, 225, 1},
    {0x0241, 226, 1},
    {0x0243, 227, 1},
    {0x0244, 228, 1},
    {0x0245, 229, 1},
    {0x0246, 230, 1},
    {0x0248, 231, 1},
    {0x024A, 232, 1},
    {0x024C, 233, 1},
    {0x024E, 234, 1},
    {0x0345, 235, 1},
    {0x0370, 236, 1},
    {0x0372, 237, 1},
    {0x0376, 238, 1},
    {0x037F, 239, 1},
    {0x0386, 240, 1},
    {0x0388, 241, 1},
    {0x0389, 242, 1},
    {0x038A, 243, 1},
    {0x038C, 244, 1},
    {0x038E, 245, 1},
    {0x038F, 246, 1},
    {0x0390, 247, 3},
    {0x0391, 250, 1},
    {0x0392, 251, 1},
    {0x0393, 252, 1},
    {0x0394, 253, 1},
    {0x0395, 254, 1},
    {0x0396, 255, 1},
    {0x0397, 256, 1},
    {0x0398, 257, 1},
    {0x0399, 258, 1},
    {0x039A, 259, 1},
    {0x039B, 260, 1},
    {0x039C, 261, 1},
    {0x039D, 262, 1},
    {0x039E, 263, 1},
    {0x039F, 264, 1},
    {0x03A0, 265, 1},
    {0x03A1, 266, 1},
    {0x03A3, 267, 1},
    {0x03A4, 268, 1},
    {0x03A5, 269, 1},
    {0x03A6, 270, 1},
    {0x03A7, 271, 1},
    {0x03A8, 272, 1},
    {0x03A9, 273, 1},
    {0x03AA, 274, 1},
    {0x03AB, 275, 1},
    {0x03B0, 276, 3},
    {0x03C2, 279, 1},
    {0x03CF, 280, 1},
    {0x03D0, 281, 1},
    {0x03D1, 282, 1},
    {0x03D5, 283, 1},
    {0x03D6, 284, 1},
    {0x03D8, 285, 1},
    {0x03DA, 286, 1},
    {0x03DC, 287, 1},
    {0x03DE, 288, 1},
    {0x03E0, 289, 1},
    {0x03E2, 290, 1},
    {0x03E4, 291, 1},
    {0x03E6, 292, 1},
    {0x03E8, 293, 1},
    {0x03EA, 294, 1},
    {0x03EC, 295, 1},
    {0x03EE, 296, 1},
    {0x03F0, 297, 1},
    {0x03F1, 298, 1},
    {0x03F4, 299, 1},
    {0x03F5, 300, 1},
    {0x03F7, 301, 1},
    {0x03F9, 302, 1},
    {0x03FA, 303, 1},
    {0x03FD, 304, 1},
    {0x03FE, 305, 1},
    {0x03FF, 306, 1},
    {0x0400, 307, 1},
    {0x0401, 308, 1},
    {0x0402, 309, 1},
    {0x0403, 310, 1},
    {0x0404, 311, 1},
    {0x0405, 312, 1},
    {0x0406, 313, 1},
    {0x0407, 314, 1},
    {0x0408, 315, 1},
    {0x0409, 316, 1},
    {0x040A, 317, 1},
    {0x040B, 318, 1},
    {0x040C, 319, 1},
    {0x040D, 320, 1},
    {0x040E, 321, 1},
    {0x040F, 322, 1},
    {0x0410, 323, 1},
    {0x0411, 324, 1},
    {0x0412, 325, 1},
    {0x0413, 326, 1},
    {0x0414, 327, 1},
    {0x0415, 328, 1},
    {0x0416, 329, 1},
    {0x0417, 330, 1},
    {0x0418, 331, 1},
    {0x0419, 332, 1},
    {0x041A, 333, 1},
    {0x041B, 334, 1},
    {0x041C, 335, 1},
    {0x041D, 336, 1},
    {0x041E, 337, 1},
    {0x041F, 338, 1},
    {0x0420, 339, 1},
    {0x0421, 340, 1},
    {0x0422, 341, 1},
    {0x0423, 342, 1},
    {0x0424, 343, 1},
    {0x0425, 344, 1},
    {0x0426, 345, 1},
    {0x0427, 346, 1},
    {0x0428, 347, 1},
    {0x0429, 348, 1},
    {0x042A, 349, 1},
    {0x042B, 350, 1},
    {0x042C, 351, 1},
    {0x042D, 352, 1},
    {0x042E, 353, 1},
    {0x042F, 354, 1},
    {0x0460, 355, 1},
    {0x0462, 356, 1},
    {0x0464, 357, 1},
    {0x0466, 358, 1},
    {0x0468, 359, 1},
    {0x046A, 360, 1},
    {0x046C, 361, 1},
    {0x046E, 362, 1},
    {0x0470, 363, 1},
    {0x0472, 364, 1},
    {0x0474, 365, 1},
    {0x0476, 366, 1},
    {0x0478, 367, 1},
    {0x047A, 368, 1},
    {0x047C, 369, 1},
    {0x047E, 370, 1},
    {0x0480, 371, 1},
    {0x048A, 372, 1},
    {0x048C, 373, 1},
    {0x048E, 374, 1},
    {0x0490, 375, 1},
    {0x0492, 376, 1},
    {0x0494, 377, 1},
    {0x0496, 378, 1},
    {0x0498, 379, 1},
    {0x049A, 380, 1},
    {0x049C, 381, 1},
    {0x049E, 382, 1},
    {0x04A0, 383, 1},
    {0x04A2, 384, 1},
    {0x04A4, 385, 1},
    {0x04A6, 386, 1},
    {0x04A8, 387, 1},
    {0x04AA, 388, 1},
    {0x04AC, 389, 1},
    {0x04AE, 390, 1},
    {0x04B0, 391, 1},
    {0x04B2, 392, 1},
    {0x04B4, 393, 1},
    {0x04B6, 394, 1},
    {0x04B8, 395, 1},
    {0x04BA, 396, 1},
    {0x04BC, 397, 1},
    {0x04BE, 398, 1},
    {0x04C0, 399, 1},
    {0x04C1, 400, 1},
    {0x04C3, 401, 1},
    {0x04C5, 402, 1},
    {0x04C7, 403, 1},
    {0x04C9, 404, 1},
    {0x04CB, 405, 1},
    {0x04CD, 406, 1},
    {0x04D0, 407, 1},
    {0x04D2, 408, 1},
    {0x04D4, 409, 1},
    {0x04D6, 410, 1},
    {0x04D8, 411, 1},
    {0x04DA, 412, 1},
    {0x04DC, 413, 1},
    {0x04DE, 414, 1},
    {0x04E0, 415, 1},
    {0x04E2, 416, 1},
    {0x04E4, 417, 1},
    {0x04E6, 418, 1},
    {0x04E8, 419, 1},
    {0x04EA, 420, 1},
    {0x04EC, 421, 1},
    {0x04EE, 422, 1},
    {0x04F0, 423, 1},
    {0x04F2, 424, 1},
    {0x04F4, 425, 1},
    {0x04F6, 426, 1},
    {0x04F8, 427, 1},
    {0x04FA, 428, 1},
    {0x04FC, 429, 1},
    {0x04FE, 430, 1},
    {0x0500, 431, 1},
    {0x0502, 432, 1},
    {0x0504, 433, 1},
    {0x0506, 434, 1},
    {0x0508, 435, 1},
    {0x050A, 436, 1},
    {0x050C, 437, 1},
    {0x050E, 438, 1},
    {0x0510, 439, 1},
    {0x0512, 440, 1},
    {0x0514, 441, 1},
    {0x0516, 442, 1},
    {0x0518, 443, 1},
    {0x051A, 444, 1},
    {0x051C, 445, 1},
    {0x051E, 446, 1},
    {0x0520, 447, 1},
    {0x0522, 448, 1},
    {0x0524, 449, 1},
    {0x0526, 450, 1},
    {0x0528, 451, 1},
    {0x052A, 452, 1},
    {0x052C, 453, 1},
    {0x052E, 454, 1},
    {0x0531, 455, 1},
    {0x0532, 456, 1},
    {0x0533, 457, 1},
    {0x0534, 458, 1},
    {0x0535, 459, 1},
    {0x0536, 460, 1},
    {0x0537, 461, 1},
    {0x0538, 462, 1},
    {0x0539, 463, 1},
    {0x053A, 464, 1},
    {0x053B, 465, 1},
    {0x053C, 466, 1},
    {0x053D, 467, 1},
    {0x053E, 468, 1},
    {0x053F, 469, 1},
    {0x0540, 470, 1},
    {0x0541, 471, 1},
    {0x0542, 472, 1},
    {0x0543, 473, 1},
    {0x0544, 474, 1},
    {0x0545, 475, 1},
    {0x0546, 476, 1},
    {0x0547, 477, 1},
    {0x0548, 478, 1},
    {0x0549, 479, 1},
    {0x054A, 480, 1},
    {0x054B, 481, 1},
    {0x054C, 482, 1},
    {0x054D, 483, 1},
    {0x054E, 484, 1},
    {0x054F, 485, 1},
    {0x0550, 486, 1},
    {0x0551, 487, 1},
    {0x0552, 488, 1},
    {0x0553, 489, 1},
    {0x0554, 490, 1},
    {0x0555, 491, 1},
    {0x0556, 492, 1},
    {0x0587, 493, 2},
    {0x10A0, 495, 1},
    {0x10A1, 496, 1},
    {0x10A2, 497, 1},
    {0x10A3, 498, 1},
    {0x10A4, 499, 1},
    {0x10A5, 500, 1},
    {0x10A6, 501, 1},
    {0x10A7, 502, 1},
    {0x10A8, 503, 1},
    {0x10A9, 504, 1},
    {0x10AA, 505, 1},
    {0x10AB, 506, 1},
    {0x10AC, 507, 1},
    {0x10AD, 508, 1},
    {0x10AE, 509, 1},
    {0x10AF, 510, 1},
    {0x10B0, 511, 1},
    {0x10B1, 512, 1},
    {0x10B2, 513, 1},
    {0x10B3, 514, 1},
    {0x10B4, 515, 1},
    {0x10B5, 516, 1},
    {0x10B6, 517, 1},
    {0x10B7, 518, 1},
    {0x10B8, 519, 1},
    {0x10B9, 520, 1},
    {0x10BA, 521, 1},
    {0x10BB, 522, 1},
    {0x10BC, 523, 1},
    {0x10BD, 524, 1},
    {0x10BE, 525, 1},
    {0x10BF, 526, 1},
    {0x10C0, 527, 1},
    {0x10C1, 528, 1},
    {0x10C2, 529, 1},
    {0x10C3, 530, 1},
    {0x10C4, 531, 1},
    {0x10C5, 532, 1},
    {0x10C7, 533, 1},
    {0x10CD, 534, 1},
    {0x13F8, 535, 1},
    {0x13F9, 536, 1},
    {0x13FA, 537, 1},
    {0x13FB, 538, 1},
    {0x13FC, 539, 1},
    {0x13FD, 540, 1},
    {0x1C80, 541, 1},
    {0x1C81, 542, 1},
    {0x1C82, 543, 1},
    {0x1C83, 544, 1},
    {0x1C84, 545, 1},
    {0x1C85, 546, 1},
    {0x1C86, 547, 1},
    {0x1C87, 548, 1},
    {0x1C88, 549, 1},
    {0x1C90, 550, 1},
    {0x1C91, 551, 1},
    {0x1C92, 552, 1},
    {0x1C93, 553, 1},
    {0x1C94, 554, 1},
    {0x1C95, 555, 1},
    {0x1C96, 556, 1},
    {0x1C97, 557, 1},
    {0x1C98, 558, 1},
    {0x1C99, 559, 1},
    {0x1C9A, 560, 1},
    {0x1C9B, 561, 1},
    {0x1C9C, 562, 1},
    {0x1C9D, 563, 1},
    {0x1C9E, 564, 1},
    {0x1C9F, 565, 1},
    {0x1CA0, 566, 1},
    {0x1CA1, 567, 1},
    {0x1CA2, 568, 1},
    {0x1CA3, 569, 1},
    {0x1CA4, 570, 1},
    {0x1CA5, 571, 1},
    {0x1CA6, 572, 1},
    {0x1CA7, 573, 1},
    {0x1CA8, 574, 1},
    {0x1CA9, 575, 1},
    {0x1CAA, 576, 1},
    {0x1CAB, 577, 1},
    {0x1CAC, 578, 1},
    {0x1CAD, 579, 1},
    {0x1CAE, 580, 1},
    {0x1CAF, 581, 1},
    {0x1CB0, 582, 1},
    {0x1CB1, 583, 1},
    {0x1CB2, 584, 1},
    {0x1CB3, 585, 1},
    {0x1CB4, 586, 1},
    {0x1CB5, 587, 1},
    {0x1CB6, 588, 1},
    {0x1CB7, 589, 1},
    {0x1CB8, 590, 1},
    {0x1CB9, 591, 1},
    {0x1CBA, 592, 1},
    {0x1CBD, 593, 1},
    {0x1CBE, 594, 1},
    {0x1CBF, 595, 1},
    {0x1E00, 596, 1},
    {0x1E02, 597, 1},
    {0x1E04, 598, 1},
    {0x1E06, 599, 1},
    {0x1E08, 600, 1},
    {0x1E0A, 601, 1},
    {0x1E0C, 602, 1},
    {0x1E0E, 603, 1},
    {0x1E10, 604, 1},
    {0x1E12, 605, 1},
    {0x1E14, 606, 1},
    {0x1E16, 607, 1},
    {0x1E18, 608, 1},
    {0x1E1A, 609, 1},
    {0x1E1C, 610, 1},
    {0x1E1E, 611, 1},
    {0x1E20, 612, 1},
    {0x1E22, 613, 1},
    {0x1E24, 614, 1},
    {0x1E26, 615, 1},
    {0x1E28, 616, 1},
    {0x1E2A, 617, 1},
    {0x1E2C, 618, 1},
    {0x1E2E, 619, 1},
    {0x1E30, 620, 1},
    {0x1E32, 621, 1},
    {0x1E34, 622, 1},
    {0x1E36, 623, 1},
    {0x1E38, 624, 1},
    {0x1E3A, 625, 1},
    {0x1E3C, 626, 1},
    {0x1E3E, 627, 1},
    {0x1E40, 628, 1},
    {0x1E42, 629, 1},
    {0x1E44, 630, 1},
    {0x1E46, 631, 1},
    {0x1E48, 632, 1},
    {0x1E4A, 633, 1},
    {0x1E4C, 634, 1},
    {0x1E4E, 635, 1},
    {0x1E50, 636, 1},
    {0x1E52, 637, 1},
    {0x1E54, 638, 1},
    {0x1E56, 639, 1},
    {0x1E58, 640, 1},
    {0x1E5A, 641, 1},
    {0x1E5C, 642, 1},
    {0x1E5E, 643, 1},
    {0x1E60, 644, 1},
    {0x1E62, 645, 1},
    {0x1E64, 646, 1},
    {0x1E66, 647, 1},
    {0x1E68, 648, 1},
    {0x1E6A, 649, 1},
    {0x1E6C, 650, 1},
    {0x1E6E, 651, 1},
    {0x1E70, 652, 1},
    {0x1E72, 653, 1},
    {0x1E74, 654, 1},
    {0x1E76, 655, 1},
    {0x1E78, 656, 1},
    {0x1E7A, 657, 1},
    {0x1E7C, 658, 1},
    {0x1E7E, 659, 1},
    {0x1E80, 660, 1},
    {0x1E82, 661, 1},
    {0x1E84, 662, 1},
    {0x1E86, 663, 1},
    {0x1E88, 664, 1},
    {0x1E8A, 665, 1},
    {0x1E8C, 666, 1},
    {0x1E8E, 667, 1},
    {0x1E90, 668, 1},
    {0x1E92, 669, 1},
    {0x1E94, 670, 1},
    {0x1E96, 671, 2},
    {0x1E97, 673, 2},
    {0x1E98, 675, 2},
    {0x1E99, 677, 2},
    {0x1E9A, 679, 2},
    {0x1E9B, 681, 1},
    {0x1E9E, 682, 2},
    {0x1EA0, 684, 1},
    {0x1EA2, 685, 1},
    {0x1EA4, 686, 1},
    {0x1EA6, 687, 1},
    {0x1EA8, 688, 1},
    {0x1EAA, 689, 1},
    {0x1EAC, 690, 1},
    {0x1EAE, 691, 1},
    {0x1EB0, 692, 1},
    {0x1EB2, 693, 1},
    {0x1EB4, 694, 1},
    {0x1EB6, 695, 1},
    {0x1EB8, 696, 1},
    {0x1EBA, 697, 1},
    {0x1EBC, 698, 1},
    {0x1EBE, 699, 1},
    {0x1EC0, 700, 1},
    {0x1EC2, 701, 1},
    {0x1EC4, 702, 1},
    {0x1EC6, 703, 1},
    {0x1EC8, 704, 1},
    {0x1ECA, 705, 1},
    {0x1ECC, 706, 1},
    {0x1ECE, 707, 1},
    {0x1ED0, 708, 1},
    {0x1ED2, 709, 1},
    {0x1ED4, 710, 1},
    {0x1ED6, 711, 1},
    {0x1ED8, 712, 1},
    {0x1EDA, 713, 1},
    {0x1EDC, 714, 1},
    {0x1EDE, 715, 1},
    {0x1EE0, 716, 1},
    {0x1EE2, 717, 1},
    {0x1EE4, 718, 1},
    {0x1EE6, 719, 1},
    {0x1EE8, 720, 1},
    {0x1EEA, 721, 1},
    {0x1EEC, 722, 1},
    {0x1EEE, 723, 1},
    {0x1EF0, 724, 1},
    {0x1EF2, 725, 1},
    {0x1EF4, 726, 1},
    {0x1EF6, 727, 1},
    {0x1EF8, 728, 1},
    {0x1EFA, 729, 1},
    {0x1EFC, 730, 1},
    {0x1EFE, 731, 1},
    {0x1F08, 732, 1},
    {0x1F09, 733, 1},
    {0x1F0A, 734, 1},
    {0x1F0B, 735, 1},
    {0x1F0C, 736, 1},
    {0x1F0D, 737, 1},
    {0x1F0E, 738, 1},
    {0x1F0F, 739, 1},
    {0x1F18, 740, 1},
    {0x1F19, 741, 1},
    {0x1F1A, 742, 1},
    {0x1F1B, 743, 1},
    {0x1F1C, 744, 1},
    {0x1F1D, 745, 1},
    {0x1F28, 746, 1},
    {0x1F29, 747, 1},
    {0x1F2A, 748, 1},
    {0x1F2B, 749, 1},
    {0x1F2C, 750, 1},
    {0x1F2D, 751, 1},
    {0x1F2E, 752, 1},
    {0x1F2F, 753, 1},
    {0x1F38, 754, 1},
    {0x1F39, 755, 1},
    {0x1F3A, 756, 1},
    {0x1F3B, 757, 1},
    {0x1F3C, 758, 1},
    {0x1F3D, 759, 1},
    {0x1F3E, 760, 1},
    {0x1F3F, 761, 1},
    {0x1F48, 762, 1},
    {0x1F49, 763, 1},
    {0x1F4A, 764, 1},
    {0x1F4B, 765, 1},
    {0x1F4C, 766, 1},
    {0x1F4D, 767, 1},
    {0x1F50, 768, 2},
    {0x1F52, 770, 3},
    {0x1F54, 773, 3},
    {0x1F56, 776, 3},
    {0x1F59, 779, 1},
    {0x1F5B, 780, 1},
    {0x1F5D, 781, 1},
    {0x1F5F, 782, 1},
    {0x1F68, 783, 1},
    {0x1F69, 784, 1},
    {0x1F6A, 785, 1},
    {0x1F6B, 786, 1},
    {0x1F6C, 787, 1},
    {0x1F6D, 788, 1},
    {0x1F6E, 789, 1},
    {0x1F6F, 790, 1},
    {0x1F80, 791, 2},
    {0x1F81, 793, 2},
    {0x1F82, 795, 2},
    {0x1F83, 797, 2},
    {0x1F84, 799, 2},
    {0x1F85, 801, 2},
    {0x1F86, 803, 2},
    {0x1F87, 805, 2},
    {0x1F88, 807, 2},
    {0x1F89, 809, 2},
    {0x1F8A, 811, 2},
    {0x1F8B, 813, 2},
    {0x1F8C, 815, 2},
    {0x1F8D, 817, 2},
    {0x1F8E, 819, 2},
    {0x1F8F, 821, 2},
    {0x1F90, 823, 2},
    {0x1F91, 825, 2},
    {0x1F92, 827, 2},
    {0x1F93, 829, 2},
    {0x1F94, 831, 2},
    {0x1F95, 833, 2},
    {0x1F96, 835, 2},
    {0x1F97, 837, 2},
    {0x1F98, 839, 2},
    {0x1F99, 841, 2},
    {0x1F9A, 843, 2},
    {0x1F9B, 845, 2},
    {0x1F9C, 847, 2},
    {0x1F9D, 849, 2},
    {0x1F9E, 851, 2},
    {0x1F9F, 853, 2},
    {0x1FA0, 855, 2},
    {0x1FA1, 857, 2},
    {0x1FA2, 859, 2},
    {0x1FA3, 861, 2},
    {0x1FA4, 863, 2},
    {0x1FA5, 865, 2},
    {0x1FA6, 867, 2},
    {0x1FA7, 869, 2},
    {0x1FA8, 871, 2},
    {0x1FA9, 873, 2},
    {0x1FAA, 875, 2},
    {0x1FAB, 877, 2},
    {0x1FAC, 879, 2},
    {0x1FAD, 881, 2},
    {0x1FAE, 883, 2},
    {0x1FAF, 885, 2},
    {0x1FB2, 887, 2},
    {0x1FB3, 889, 2},
    {0x1FB4, 891, 2},
    {0x1FB6, 893, 2},
    {0x1FB7, 895, 3},
    {0x1FB8, 898, 1},
    {0x1FB9, 899, 1},
    {0x1FBA, 900, 1},
    {0x1FBB, 901, 1},
    {0x1FBC, 902, 2},
    {0x1FBE, 904, 1},
    {0x1FC2, 905, 2},
    {0x1FC3, 907, 2},
    {0x1FC4, 909, 2},
    {0x1FC6, 911, 2},
    {0x1FC7, 913, 3},
    {0x1FC8, 916, 1},
    {0x1FC9, 917, 1},
    {0x1FCA, 918, 1},
    {0x1FCB, 919, 1},
    {0x1FCC, 920, 2},
    {0x1FD2, 922, 3},
    {0x1FD3, 925, 3},
    {0x1FD6, 928, 2},
    {0x1FD7, 930, 3},
    {0x1FD8, 933, 1},
    {0x1FD9, 934, 1},
    {0x1FDA, 935, 1},
    {0x1FDB, 936, 1},
    {0x1FE2, 937, 3},
    {0x1FE3, 940, 3},
    {0x1FE4, 943, 2},
    {0x1FE6, 945, 2},
    {0x1FE7, 947, 3},
    {0x1FE8, 950, 1},
    {0x1FE9, 951, 1},
    {0x1FEA, 952, 1},
    {0x1FEB, 953, 1},
    {0x1FEC, 954, 1},
    {0x1FF2, 955, 2},
    {0x1FF3, 957, 2},
    {0x1FF4, 959, 2},
    {0x1FF6, 961, 2},
    {0x1FF7, 963, 3},
    {0x1FF8, 966, 1},
    {0x1FF9, 967, 1},
    {0x1FFA, 968, 1},
    {0x1FFB, 969, 1},
    {0x1FFC, 970, 2},
    {0x2126, 972, 1},
    {0x212A, 973, 1},
    {0x212B, 974, 1},
    {0x2132, 975, 1},
    {0x2160, 976, 1},
    {0x2161, 977, 1},
    {0x2162, 978, 1},
    {0x2163, 979, 1},
    {0x2164, 980, 1},
    {0x2165, 981, 1},
    {0x2166, 982, 1},
    {0x2167, 983, 1},
    {0x2168, 984, 1},
    {0x2169, 985, 1},
    {0x216A, 986, 1},
    {0x216B, 987, 1},
    {0x216C, 988, 1},
    {0x216D, 989, 1},
    {0x216E, 990, 1},
    {0x216F, 991, 1},
    {0x2183, 992, 1},
    {0x24B6, 993, 1},
    {0x24B7, 994, 1},
    {0x24B8, 995, 1},
    {0x24B9, 996, 1},
    {0x24BA, 997, 1},
    {0x24BB, 998, 1},
    {0x24BC, 999, 1},
    {0x24BD, 1000, 1},
    {0x24BE, 1001, 1},
    {0x24BF, 1002, 1},
    {0x24C0, 1003, 1},
    {0x24C1, 1004, 1},
    {0x24C2, 1005, 1},
    {0x24C3, 1006, 1},
    {0x24C4, 1007, 1},
    {0x24C5, 1008, 1},
    {0x24C6, 1009, 1},
    {0x24C7, 1010, 1},
    {0x24C8, 1011, 1},
    {0x24C9, 1012, 1},
    {0x24CA, 1013, 1},
    {0x24CB, 1014, 1},
    {0x24CC, 1015, 1},
    {0x24CD, 1016, 1},
    {0x24CE, 1017, 1},
    {0x24CF, 1018, 1},
    {0x2C00, 1019, 1},
    {0x2C01, 1020, 1},
    {0x2C02, 1021, 1},
    {0x2C03, 1022, 1},
    {0x2C04, 1023, 1},
    {0x2C05, 1024, 1},
    {0x2C06, 1025, 1},
    {0x2C07, 1026, 1},
    {0x2C08, 1027, 1},
    {0x2C09, 1028, 1},
    {0x2C0A, 1029, 1},
    {0x2C0B, 1030, 1},
    {0x2C0C, 1031, 1},
    {0x2C0D, 1032, 1},
    {0x2C0E, 1033, 1},
    {0x2C0F, 1034, 1},
    {0x2C10, 1035, 1},
    {0x2C11, 1036, 1},
    {0x2C12, 1037, 1},
    {0x2C13, 1038, 1},
    {0x2C14, 1039, 1},
    {0x2C15, 1040, 1},
    {0x2C16, 1041, 1},
    {0x2C17, 1042, 1},
    {0x2C18, 1043, 1},
    {0x2C19, 1044, 1},
    {0x2C1A, 1045, 1},
    {0x2C1B, 1046, 1},
    {0x2C1C, 1047, 1},
    {0x2C1D, 1048, 1},
    {0x2C1E, 1049, 1},
    {0x2C1F, 1050, 1},
    {0x2C20, 1051, 1},
    {0x2C21, 1052, 1},
    {0x2C22, 1053, 1},
    {0x2C23, 1054, 1},
    {0x2C24, 1055, 1},
    {0x2C25, 1056, 1},
    {0x2C26, 1057, 1},
    {0x2C27, 1058, 1},
    {0x2C28, 1059, 1},
    {0x2C29, 1060, 1},
    {0x2C2A, 1061, 1},
    {0x2C2B, 1062, 1},
    {0x2C2C, 1063, 1},
    {0x2C2D, 1064, 1},
    {0x2C2E, 1065, 1},
    {0x2C2F, 1066, 1},
    {0x2C60, 1067, 1},
    {0x2C62, 1068, 1},
    {0x2C63, 1069, 1},
    {0x2C64, 1070, 1},
    {0x2C67, 1071, 1},
    {0x2C69, 1072, 1},
    {0x2C6B, 1073, 1},
    {0x2C6D, 1074, 1},
    {0x2C6E, 1075, 1},
    {0x2C6F, 1076, 1},
    {0x2C70, 1077, 1},
    {0x2C72, 1078, 1},
    {0x2C75, 1079, 1},
    {0x2C7E, 1080, 1},
    {0x2C7F, 1081, 1},
    {0x2C80, 1082, 1},
    {0x2C82, 1083, 1},
    {0x2C84, 1084, 1},
    {0x2C86, 1085, 1},
    {0x2C88, 1086, 1},
    {0x2C8A, 1087, 1},
    {0x2C8C, 1088, 1},
    {0x2C8E, 1089, 1},
    {0x2C90, 1090, 1},
    {0x2C92, 1091, 1},
    {0x2C94, 1092, 1},
    {0x2C96, 1093, 1},
    {0x2C98, 1094, 1},
    {0x2C9A, 1095, 1},
    {0x2C9C, 1096, 1},
    {0x2C9E, 1097, 1},
    {0x2CA0, 1098, 1},
    {0x2CA2, 1099, 1},
    {0x2CA4, 1100, 1},
    {0x2CA6, 1101, 1},
    {0x2CA8, 1102, 1},
    {0x2CAA, 1103, 1},
    {0x2CAC, 1104, 1},
    {0x2CAE, 1105, 1},
    {0x2CB0, 1106, 1},
    {0x2CB2, 1107, 1},
    {0x2CB4, 1108, 1},
    {0x2CB6, 1109, 1},
    {0x2CB8, 1110, 1},
    {0x2CBA, 1111, 1},
    {0x2CBC, 1112, 1},
    {0x2CBE, 1113, 1},
    {0x2CC0, 1114, 1},
    {0x2CC2, 1115, 1},
    {0x2CC4, 1116, 1},
    {0x2CC6, 1117, 1},
    {0x2CC8, 1118, 1},
    {0x2CCA, 1119, 1},
    {0x2CCC, 1120, 1},
    {0x2CCE, 1121, 1},
    {0x2CD0, 1122, 1},
    {0x2CD2, 1123, 1},
    {0x2CD4, 1124, 1},
    {0x2CD6, 1125, 1},
    {0x2CD8, 1126, 1},
    {0x2CDA, 1127, 1},
    {0x2CDC, 1128, 1},
    {0x2CDE, 1129, 1},
    {0x2CE0, 1130, 1},
    {0x2CE2, 1131, 1},
    {0x2CEB, 1132, 1},
    {0x2CED, 1133, 1},
    {0x2CF2, 1134, 1},
    {0xA640, 1135, 1},
    {0xA642, 1136, 1},
    {0xA644, 1137, 1},
    {0xA646, 1138, 1},
    {0xA648, 1139, 1},
    {0xA64A, 1140, 1},
    {0xA64C, 1141, 1},
    {0xA64E, 1142, 1},
    {0xA650, 1143, 1},
    {0xA652, 1144, 1},
    {0xA654, 1145, 1},
    {0xA656, 1146, 1},
    {0xA658, 1147, 1},
    {0xA65A, 1148, 1},
    {0xA65C, 1149, 1},
    {0xA65E, 1150, 1},
    {0xA660, 1151, 1},
    {0xA662, 1152, 1},
    {0xA664, 1153, 1},
    {0xA666, 1154, 1},
    {0xA668, 1155, 1},
    {0xA66A, 1156, 1},
    {0xA66C, 1157, 1},
    {0xA680, 1158, 1},
    {0xA682, 1159, 1},
    {0xA684, 1160, 1},
    {0xA686, 1161, 1},
    {0xA688, 1162, 1},
    {0xA68A, 1163, 1},
    {0xA68C, 1164, 1},
    {0xA68E, 1165, 1},
    {0xA690, 1166, 1},
    {0xA692, 1167, 1},
    {0xA694, 1168, 1},
    {0xA696, 1169, 1},
    {0xA698, 1170, 1},
    {0xA69A, 1171, 1},
    {0xA722, 1172, 1},
    {0xA724, 1173, 1},
    {0xA726, 1174, 1},
    {0xA728, 1175, 1},
    {0xA72A, 1176, 1},
    {0xA72C, 1177, 1},
    {0xA72E, 1178, 1},
    {0xA732, 1179, 1},
    {0xA734, 1180, 1},
    {0xA736, 1181, 1},
    {0xA738, 1182, 1},
    {0xA73A, 1183, 1},
    {0xA73C, 1184, 1},
    {0xA73E, 1185, 1},
    {0xA740, 1186, 1},
    {0xA742, 1187, 1},
    {0xA744, 1188, 1},
    {0xA746, 1189, 1},
    {0xA748, 1190, 1},
    {0xA74A, 1191, 1},
    {0xA74C, 1192, 1},
    {0xA74E, 1193, 1},
    {0xA750, 1194, 1},
    {0xA752, 1195, 1},
    {0xA754, 1196, 1},
    {0xA756, 1197, 1},
    {0xA758, 1198, 1},
    {0xA75A, 1199, 1},
    {0xA75C, 1200, 1},
    {0xA75E, 1201, 1},
    {0xA760, 1202, 1},
    {0xA762, 1203, 1},
    {0xA764, 1204, 1},
    {0xA766, 1205, 1},
    {0xA768, 1206, 1},
    {0xA76A, 1207, 1},
    {0xA76C, 1208, 1},
    {0xA76E, 1209, 1},
    {0xA779, 1210, 1},
    {0xA77B, 1211, 1},
    {0xA77D, 1212, 1},
    {0xA77E, 1213, 1},
    {0xA780, 1214, 1},
    {0xA782, 1215, 1},
    {0xA784, 1216, 1},
    {0xA786, 1217, 1},
    {0xA78B, 1218, 1},
    {0xA78D, 1219, 1},
    {0xA790, 1220, 1},
    {0xA792, 1221, 1},
    {0xA796, 1222, 1},
    {0xA798, 1223, 1},
    {0xA79A, 1224, 1},
    {0xA79C, 1225, 1},
    {0xA79E, 1226, 1},
    {0xA7A0, 1227, 1},
    {0xA7A2, 1228, 1},
    {0xA7A4, 1229, 1},
    {0xA7A6, 1230, 1},
    {0xA7A8, 1231, 1},
    {0xA7AA, 1232, 1},
    {0xA7AB, 1233, 1},
    {0xA7AC, 1234, 1},
    {0xA7AD, 1235, 1},
    {0xA7AE, 1236, 1},
    {0xA7B0, 1237, 1},
    {0xA7B1, 1238, 1},
    {0xA7B2, 1239, 1},
    {0xA7B3, 1240, 1},
    {0xA7B4, 1241, 1},
    {0xA7B6, 1242, 1},
    {0xA7B8, 1243, 1},
    {0xA7BA, 1244, 1},
    {0xA7BC, 1245, 1},
    {0xA7BE, 1246, 1},
    {0xA7C0, 1247, 1},
    {0xA7C2, 1248, 1},
    {0xA7C4, 1249, 1},
    {0xA7C5, 1250, 1},
    {0xA7C6, 1251, 1},
    {0xA7C7, 1252, 1},
    {0xA7C9, 1253, 1},
    {0xA7D0, 1254, 1},
    {0xA7D6, 1255, 1},
    {0xA7D8, 1256, 1},
    {0xA7F5, 1257, 1},
    {0xAB70, 1258, 1},
    {0xAB71, 1259, 1},
    {0xAB72, 1260, 1},
    {0xAB73, 1261, 1},
    {0xAB74, 1262, 1},
    {0xAB75, 1263, 1},
    {0xAB76, 1264, 1},
    {0xAB77, 1265, 1},
    {0xAB78, 1266, 1},
    {0xAB79, 1267, 1},
    {0xAB7A, 1268, 1},
    {0xAB7B, 1269, 1},
    {0xAB7C, 1270, 1},
    {0xAB7D, 1271, 1},
    {0xAB7E, 1272, 1},
    {0xAB7F, 1273, 1},
    {0xAB80, 1274, 1},
    {0xAB81, 1275, 1},
    {0xAB82, 1276, 1},
    {0xAB83, 1277, 1},
    {0xAB84, 1278, 1},
    {0xAB85, 1279, 1},
    {0xAB86, 1280, 1},
    {0xAB87, 1281, 1},
    {0xAB88, 1282, 1},
    {0xAB89, 1283, 1},
    {0xAB8A, 1284, 1},
    {0xAB8B, 1285, 1},
    {0xAB8C, 1286, 1},
    {0xAB8D, 1287, 1},
    {0xAB8E, 1288, 1},
    {0xAB8F, 1289, 1},
    {0xAB90, 1290, 1},
    {0xAB91, 1291, 1},
    {0xAB92, 1292, 1},
    {0xAB93, 1293, 1},
    {0xAB94, 1294, 1},
    {0xAB95, 1295, 1},
    {0xAB96, 1296, 1},
    {0xAB97, 1297, 1},
    {0xAB98, 1298, 1},
    {0xAB99, 1299, 1},
    {0xAB9A, 1300, 1},
    {0xAB9B, 1301, 1},
    {0xAB9C, 1302, 1},
    {0xAB9D, 1303, 1},
    {0xAB9E, 1304, 1},
    {0xAB9F, 1305, 1},
    {0xABA0, 1306, 1},
    {0xABA1, 1307, 1},
    {0xABA2, 1308, 1},
    {0xABA3, 1309, 1},
    {0xABA4, 1310, 1},
    {0xABA5, 1311, 1},
    {0xABA6, 1312, 1},
    {0xABA7, 1313, 1},
    {0xABA8, 1314, 1},
    {0xABA9, 1315, 1},
    {0xABAA, 1316, 1},
    {0xABAB, 1317, 1},
    {0xABAC, 1318, 1},
    {0xABAD, 1319, 1},
    {0xABAE, 1320, 1},
    {0xABAF, 1321, 1},
    {0xABB0, 1322, 1},
    {0xABB1, 1323, 1},
    {0xABB2, 1324, 1},
    {0xABB3, 1325, 1},
    {0xABB4, 1326, 1},
    {0xABB5, 1327, 1},
    {0xABB6, 1328, 1},
    {0xABB7, 1329, 1},
    {0xABB8, 1330, 1},
    {0xABB9, 1331, 1},
    {0xABBA, 1332, 1},
    {0xABBB, 1333, 1},
    {0xABBC, 1334, 1},
    {0xABBD, 1335, 1},
    {0xABBE, 1336, 1},
    {0xABBF, 1337, 1},
    {0xFB00, 1338, 2},
    {0xFB01, 1340, 2},
    {0xFB02, 1342, 2},
    {0xFB03, 1344, 3},
    {0xFB04, 1347, 3},
    {0xFB05, 1350, 2},
    {0xFB06, 1352, 2},
    {0xFB13, 1354, 2},
    {0xFB14, 1356, 2},
    {0xFB15, 1358, 2},
    {0xFB16, 1360, 2},
    {0xFB17, 1362, 2},
    {0xFF21, 1364, 1},
    {0xFF22, 1365, 1},
    {0xFF23, 1366, 1},
    {0xFF24, 1367, 1},
    {0xFF25, 1368, 1},
    {0xFF26, 1369, 1},
    {0xFF27, 1370, 1},
    {0xFF28, 1371, 1},
    {0xFF29, 1372, 1},
    {0xFF2A, 1373, 1},
    {0xFF2B, 1374, 1},
    {0xFF2C, 1375, 1},
    {0xFF2D, 1376, 1},
    {0xFF2E, 1377, 1},
    {0xFF2F, 1378, 1},
    {0xFF30, 1379, 1},
    {0xFF31, 1380, 1},
    {0xFF32, 1381, 1},
    {0xFF33, 1382, 1},
    {0xFF34, 1383, 1},
    {0xFF35, 1384, 1},
    {0xFF36, 1385, 1},
    {0xFF37, 1386, 1},
    {0xFF38, 1387, 1},
    {0xFF39, 1388, 1},
    {0xFF3A, 1389, 1},
    {0x10400, 1390, 1},
    {0x10401, 1391, 1},
    {0x10402, 1392, 1},
    {0x10403, 1393, 1},
    {0x10404, 1394, 1},
    {0x10405, 1395, 1},
    {0x10406, 1396, 1},
    {0x10407, 1397, 1},
    {0x10408, 1398, 1},
    {0x10409, 1399, 1},
    {0x1040A, 1400, 1},
    {0x1040B, 1401, 1},
    {0x1040C, 1402, 1},
    {0x1040D, 1403, 1},
    {0x1040E, 1404, 1},
    {0x1040F, 1405, 1},
    {0x10410, 1406, 1},
    {0x10411, 1407, 1},
    {0x10412, 1408, 1},
    {0x10413, 1409, 1},
    {0x10414, 1410, 1},
    {0x10415, 1411, 1},
    {0x10416, 1412, 1},
    {0x10417, 1413, 1},
    {0x10418, 1414, 1},
    {0x10419, 1415, 1},
    {0x1041A, 1416, 1},
    {0x1041B, 1417, 1},
    {0x1041C, 1418, 1},
    {0x1041D, 1419, 1},
    {0x1041E, 1420, 1},
    {0x1041F, 1421, 1},
    {0x10420, 1422, 1},
    {0x10421, 1423, 1},
    {0x10422, 1424, 1},
    {0x10423, 1425, 1},
    {0x10424, 1426, 1},
    {0x10425, 1427, 1},
    {0x10426, 1428, 1},
    {0x10427, 1429, 1},
    {0x104B0, 1430, 1},
    {0x104B1, 1431, 1},
    {0x104B2, 1432, 1},
    {0x104B3, 1433, 1},
    {0x104B4, 1434, 1},
    {0x104B5, 1435, 1},
    {0x104B6, 1436, 1},
    {0x104B7, 1437, 1},
    {0x104B8, 1438, 1},
    {0x104B9, 1439, 1},
    {0x104BA, 1440, 1},
    {0x104BB, 1441, 1},
    {0x104BC, 1442, 1},
    {0x104BD, 1443, 1},
    {0x104BE, 1444, 1},
    {0x104BF, 1445, 1},
    {0x104C0, 1446, 1},
    {0x104C1, 1447, 1},
    {0x104C2, 1448, 1},
    {0x104C3, 1449, 1},
    {0x104C4, 1450, 1},
    {0x104C5, 1451, 1},
    {0x104C6, 1452, 1},
    {0x104C7, 1453, 1},
    {0x104C8, 1454, 1},
    {0x104C9, 1455, 1},
    {0x104CA, 1456, 1},
    {0x104CB, 1457, 1},
    {0x104CC, 1458, 1},
    {0x104CD, 1459, 1},
    {0x104CE, 1460, 1},
    {0x104CF, 1461, 1},
    {0x104D0, 1462, 1},
    {0x104D1, 1463, 1},
    {0x104D2, 1464, 1},
    {0x104D3, 1465, 1},
    {0x10570, 1466, 1},
    {0x10571, 1467, 1},
    {0x10572, 1468, 1},
    {0x10573, 1469, 1},
    {0x10574, 1470, 1},
    {0x10575, 1471, 1},
    {0x10576, 1472, 1},
    {0x10577, 1473, 1},
    {0x10578, 1474, 1},
    {0x10579, 1475, 1},
    {0x1057A, 1476, 1},
    {0x1057C, 1477, 1},
    {0x1057D, 1478, 1},
    {0x1057E, 1479, 1},
    {0x1057F, 1480, 1},
    {0x10580, 1481, 1},
    {0x10581, 1482, 1},
    {0x10582, 1483, 1},
    {0x10583, 1484, 1},
    {0x10584, 1485, 1},
    {0x10585, 1486, 1},
    {0x10586, 1487, 1},
    {0x10587, 1488, 1},
    {0x10588, 1489, 1},
    {0x10589, 1490, 1},
    {0x1058A, 1491, 1},
    {0x1058C, 1492, 1},
    {0x1058D, 1493, 1},
    {0x1058E, 1494, 1},
    {0x1058F, 1495, 1},
    {0x10590, 1496, 1},
    {0x10591, 1497, 1},
    {0x10592, 1498, 1},
    {0x10594, 1499, 1},
    {0x10595, 1500, 1},
    {0x10C80, 1501, 1},
    {0x10C81, 1502, 1},
    {0x10C82, 1503, 1},
    {0x10C83, 1504, 1},
    {0x10C84, 1505, 1},
    {0x10C85, 1506, 1},
    {0x10C86, 1507, 1},
    {0x10C87, 1508, 1},
    {0x10C88, 1509, 1},
    {0x10C89, 1510, 1},
    {0x10C8A, 1511, 1},
    {0x10C8B, 1512, 1},
    {0x10C8C, 1513, 1},
    {0x10C8D, 1514, 1},
    {0x10C8E, 1515, 1},
    {0x10C8F, 1516, 1},
    {0x10C90, 1517, 1},
    {0x10C91, 1518, 1},
    {0x10C92, 1519, 1},
    {0x10C93, 1520, 1},
    {0x10C94, 1521, 1},
    {0x10C95, 1522, 1},
    {0x10C96, 1523, 1},
    {0x10C97, 1524, 1},
    {0x10C98, 1525, 1},
    {0x10C99, 1526, 1},
    {0x10C9A, 1527, 1},
    {0x10C9B, 1528, 1},
    {0x10C9C, 1529, 1},
    {0x10C9D, 1530, 1},
    {0x10C9E, 1531, 1},
    {0x10C9F, 1532, 1},
    {0x10CA0, 1533, 1},
    {0x10CA1, 1534, 1},
    {0x10CA2, 1535, 1},
    {0x10CA3, 1536, 1},
    {0x10CA4, 1537, 1},
    {0x10CA5, 1538, 1},
    {0x10CA6, 1539, 1},
    {0x10CA7, 1540, 1},
    {0x10CA8, 1541, 1},
    {0x10CA9, 1542, 1},
    {0x10CAA, 1543, 1},
    {0x10CAB, 1544, 1},
    {0x10CAC, 1545, 1},
    {0x10CAD, 1546, 1},
    {0x10CAE, 1547, 1},
    {0x10CAF, 1548, 1},
    {0x10CB0, 1549, 1},
    {0x10CB1, 1550, 1},
    {0x10CB2, 1551, 1},
    {0x118A0, 1552, 1},
    {0x118A1, 1553, 1},
    {0x118A2, 1554, 1},
    {0x118A3, 1555, 1},
    {0x118A4, 1556, 1},
    {0x118A5, 1557, 1},
    {0x118A6, 1558, 1},
    {0x118A7, 1559, 1},
    {0x118A8, 1560, 1},
    {0x118A9, 1561, 1},
    {0x118AA, 1562, 1},
    {0x118AB, 1563, 1},
    {0x118AC, 1564, 1},
    {0x118AD, 1565, 1},
    {0x118AE, 1566, 1},
    {0x118AF, 1567, 1},
    {0x118B0, 1568, 1},
    {0x118B1, 1569, 1},
    {0x118B2, 1570, 1},
    {0x118B3, 1571, 1},
    {0x118B4, 1572, 1},
    {0x118B5, 1573, 1},
    {0x118B6, 1574, 1},
    {0x118B7, 1575, 1},
    {0x118B8, 1576, 1},
    {0x118B9, 1577, 1},
    {0x118BA, 1578, 1},
    {0x118BB, 1579, 1},
    {0x118BC, 1580, 1},
    {0x118BD, 1581, 1},
    {0x118BE, 1582, 1},
    {0x118BF, 1583, 1},
    {0x16E40, 1584, 1},
    {0x16E41, 1585, 1},
    {0x16E42, 1586, 1},
    {0x16E43, 1587, 1},
    {0x16E44, 1588, 1},
    {0x16E45, 1589, 1},
    {0x16E46, 1590, 1},
    {0x16E47, 1591, 1},
    {0x16E48, 1592, 1},
    {0x16E49, 1593, 1},
    {0x16E4A, 1594, 1},
    {0x16E4B, 1595, 1},
    {0x16E4C, 1596, 1},
    {0x16E4D, 1597, 1},
    {0x16E4E, 1598, 1},
    {0x16E4F, 1599, 1},
    {0x16E50, 1600, 1},
    {0x16E51, 1601, 1},
    {0x16E52, 1602, 1},
    {0x16E53, 1603, 1},
    {0x16E54, 1604, 1},
    {0x16E55, 1605, 1},
    {0x16E56, 1606, 1},
    {0x16E57, 1607, 1},
    {0x16E58, 1608, 1},
    {0x16E59, 1609, 1},
    {0x16E5A, 1610, 1},
    {0x16E5B, 1611, 1},
    {0x16E5C, 1612, 1},
    {0x16E5D, 1613, 1},
    {0x16E5E, 1614, 1},
    {0x16E5F, 1615, 1},
    {0x1E900, 1616, 1},
    {0x1E901, 1617, 1},
    {0x1E902, 1618, 1},
    {0x1E903, 1619, 1},
    {0x1E904, 1620, 1},
    {0x1E905, 1621, 1},
    {0x1E906, 1622, 1},
    {0x1E907, 1623, 1},
    {0x1E908, 1624, 1},
    {0x1E909, 1625, 1},
    {0x1E90A, 1626, 1},
    {0x1E90B, 1627, 1},
    {0x1E90C, 1628, 1},
    {0x1E90D, 1629, 1},
    {0x1E90E, 1630, 1},
    {0x1E90F, 1631, 1},
    {0x1E910, 1632, 1},
    {0x1E911, 1633, 1},
    {0x1E912, 1634, 1},
    {0x1E913, 1635, 1},
    {0x1E914, 1636, 1},
    {0x1E915, 1637, 1},
    {0x1E916, 1638, 1},
    {0x1E917, 1639, 1},
    {0x1E918, 1640, 1},
    {0x1E919, 1641, 1},
    {0x1E91A, 1642, 1},
    {0x1E91B, 1643, 1},
    {0x1E91C, 1644, 1},
    {0x1E91D, 1645, 1},
    {0x1E91E, 1646, 1},
    {0x1E91F, 1647, 1},
    {0x1E920, 1648, 1},
    {0x1E921, 1649, 1},
};

#define UNICODE_FULL_LOWER_COUNT 1508
#define UNICODE_FULL_LOWER_DATA_COUNT 1509
static const uint32_t unicode_full_lower_data[] = {
    0x0061, 0x0062, 0x0063, 0x0064, 0x0065, 0x0066, 0x0067, 0x0068,
    0x0069, 0x006A, 0x006B, 0x006C, 0x006D, 0x006E, 0x006F, 0x0070,
    0x0071, 0x0072, 0x0073, 0x0074, 0x0075, 0x0076, 0x0077, 0x0078,
    0x0079, 0x007A, 0x00E0, 0x00E1, 0x00E2, 0x00E3, 0x00E4, 0x00E5,
    0x00E6, 0x00E7, 0x00E8, 0x00E9, 0x00EA, 0x00EB, 0x00EC, 0x00ED,
    0x00EE, 0x00EF, 0x00F0, 0x00F1, 0x00F2, 0x00F3, 0x00F4, 0x00F5,
    0x00F6, 0x00F8, 0x00F9, 0x00FA, 0x00FB, 0x00FC, 0x00FD, 0x00FE,
    0x00DF, 0x0101, 0x0103, 0x0105, 0x0107, 0x0109, 0x010B, 0x010D,
    0x010F, 0x0111, 0x0113, 0x0115, 0x0117, 0x0119, 0x011B, 0x011D,
    0x011F, 0x0121, 0x0123, 0x0125, 0x0127, 0x0129, 0x012B, 0x012D,
    0x012F, 0x0069, 0x0307, 0x0133, 0x0135, 0x0137, 0x013A, 0x013C,
    0x013E, 0x0140, 0x0142, 0x0144, 0x0146, 0x0148, 0x0149, 0x014B,
    0x014D, 0x014F, 0x0151, 0x0153, 0x0155, 0x0157, 0x0159, 0x015B,
    0x015D, 0x015F, 0x0161, 0x0163, 0x0165, 0x0167, 0x0169, 0x016B,
    0x016D, 0x016F, 0x0171, 0x0173, 0x0175, 0x0177, 0x00FF, 0x017A,
    0x017C, 0x017E, 0x0253, 0x0183, 0x0185, 0x0254, 0x0188, 0x0256,
    0x0257, 0x018C, 0x01DD, 0x0259, 0x025B, 0x0192, 0x0260, 0x0263,
    0x0269, 0x0268, 0x0199, 0x026F, 0x0272, 0x0275, 0x01A1, 0x01A3,
    0x01A5, 0x0280, 0x01A8, 0x0283, 0x01AD, 0x0288, 0x01B0, 0x028A,
    0x028B, 0x01B4, 0x01B6, 0x0292, 0x01B9, 0x01BD, 0x01C6, 0x01C6,
    0x01C9, 0x01C9, 0x01CC, 0x01CC, 0x01CE, 0x01D0, 0x01D2, 0x01D4,
    0x01D6, 0x01D8, 0x01DA, 0x01DC, 0x01DF, 0x01E1, 0x01E3, 0x01E5,
    0x01E7, 0x01E9, 0x01EB, 0x01ED, 0x01EF, 0x01F0, 0x01F3, 0x01F3,
    0x01F5, 0x0195, 0x01BF, 0x01F9, 0x01FB, 0x01FD, 0x01FF, 0x0201,
    0x0203, 0x0205, 0x0207, 0x0209, 0x020B, 0x020D, 0x020F, 0x0211,
    0x0213, 0x0215, 0x0217, 0x0219, 0x021B, 0x021D, 0x021F, 0x019E,
    0x0223, 0x0225, 0x0227, 0x0229, 0x022B, 0x022D, 0x022F, 0x0231,
    0x0233, 0x2C65, 0x023C, 0x019A, 0x2C66, 0x0242, 0x0180, 0x0289,
    0x028C, 0x0247, 0x0249, 0x024B, 0x024D, 0x024F, 0x0371, 0x0373,
    0x0377, 0x03F3, 0x03AC, 0x03AD, 0x03AE, 0x03AF, 0x03CC, 0x03CD,
    0x03CE, 0x0390, 0x03B1, 0x03B2, 0x03B3, 0x03B4, 0x03B5, 0x03B6,
    0x03B7, 0x03B8, 0x03B9, 0x03BA, 0x03BB, 0x03BC, 0x03BD, 0x03BE,
    0x03BF, 0x03C0, 0x03C1, 0x03C3, 0x03C4, 0x03C5, 0x03C6, 0x03C7,
    0x03C8, 0x03C9, 0x03CA, 0x03CB, 0x03B0, 0x03D7, 0x03D9, 0x03DB,
    0x03DD, 0x03DF, 0x03E1, 0x03E3, 0x03E5, 0x03E7, 0x03E9, 0x03EB,
    0x03ED, 0x03EF, 0x03B8, 0x03F8, 0x03F2, 0x03FB, 0x037B, 0x037C,
    0x037D, 0x0450, 0x0451, 0x0452, 0x0453, 0x0454, 0x0455, 0x0456,
    0x0457, 0x0458, 0x0459, 0x045A, 0x045B, 0x045C, 0x045D, 0x045E,
    0x045F, 0x0430, 0x0431, 0x0432, 0x0433, 0x0434, 0x0435, 0x0436,
    0x0437, 0x0438, 0x0439, 0x043A, 0x043B, 0x043C, 0x043D, 0x043E,
    0x043F, 0x0440, 0x0441, 0x0442, 0x0443, 0x0444, 0x0445, 0x0446,
    0x0447, 0x0448, 0x0449, 0x044A, 0x044B, 0x044C, 0x044D, 0x044E,
    0x044F, 0x0461, 0x0463, 0x0465, 0x0467, 0x0469, 0x046B, 0x046D,
    0x046F, 0x0471, 0x0473, 0x0475, 0x0477, 0x0479, 0x047B, 0x047D,
    0x047F, 0x0481, 0x048B, 0x048D, 0x048F, 0x0491, 0x0493, 0x0495,
    0x0497, 0x0499, 0x049B, 0x049D, 0x049F, 0x04A1, 0x04A3, 0x04A5,
    0x04A7, 0x04A9, 0x04AB, 0x04AD, 0x04AF, 0x04B1, 0x04B3, 0x04B5,
    0x04B7, 0x04B9, 0x04BB, 0x04BD, 0x04BF, 0x04CF, 0x04C2, 0x04C4,
    0x04C6, 0x04C8, 0x04CA, 0x04CC, 0x04CE, 0x04D1, 0x04D3, 0x04D5,
    0x04D7, 0x04D9, 0x04DB, 0x04DD, 0x04DF, 0x04E1, 0x04E3, 0x04E5,
    0x04E7, 0x04E9, 0x04EB, 0x04ED, 0x04EF, 0x04F1, 0x04F3, 0x04F5,
    0x04F7, 0x04F9, 0x04FB, 0x04FD, 0x04FF, 0x0501, 0x0503, 0x0505,
    0x0507, 0x0509, 0x050B, 0x050D, 0x050F, 0x0511, 0x0513, 0x0515,
    0x0517, 0x0519, 0x051B, 0x051D, 0x051F, 0x0521, 0x0523, 0x0525,
    0x0527, 0x0529, 0x052B, 0x052D, 0x052F, 0x0561, 0x0562, 0x0563,
    0x0564, 0x0565, 0x0566, 0x0567, 0x0568, 0x0569, 0x056A, 0x056B,
    0x056C, 0x056D, 0x056E, 0x056F, 0x0570, 0x0571, 0x0572, 0x0573,
    0x0574, 0x0575, 0x0576, 0x0577, 0x0578, 0x0579, 0x057A, 0x057B,
    0x057C, 0x057D, 0x057E, 0x057F, 0x0580, 0x0581, 0x0582, 0x0583,
    0x0584, 0x0585, 0x0586, 0x0587, 0x2D00, 0x2D01, 0x2D02, 0x2D03,
    0x2D04, 0x2D05, 0x2D06, 0x2D07, 0x2D08, 0x2D09, 0x2D0A, 0x2D0B,
    0x2D0C, 0x2D0D, 0x2D0E, 0x2D0F, 0x2D10, 0x2D11, 0x2D12, 0x2D13,
    0x2D14, 0x2D15, 0x2D16, 0x2D17, 0x2D18, 0x2D19, 0x2D1A, 0x2D1B,
    0x2D1C, 0x2D1D, 0x2D1E, 0x2D1F, 0x2D20, 0x2D21, 0x2D22, 0x2D23,
    0x2D24, 0x2D25, 0x2D27, 0x2D2D, 0xAB70, 0xAB71, 0xAB72, 0xAB73,
    0xAB74, 0xAB75, 0xAB76, 0xAB77, 0xAB78, 0xAB79, 0xAB7A, 0xAB7B,
    0xAB7C, 0xAB7D, 0xAB7E, 0xAB7F, 0xAB80, 0xAB81, 0xAB82, 0xAB83,
    0xAB84, 0xAB85, 0xAB86, 0xAB87, 0xAB88, 0xAB89, 0xAB8A, 0xAB8B,
    0xAB8C, 0xAB8D, 0xAB8E, 0xAB8F, 0xAB90, 0xAB91, 0xAB92, 0xAB93,
    0xAB94, 0xAB95, 0xAB96, 0xAB97, 0xAB98, 0xAB99, 0xAB9A, 0xAB9B,
    0xAB9C, 0xAB9D, 0xAB9E, 0xAB9F, 0xABA0, 0xABA1, 0xABA2, 0xABA3,
    0xABA4, 0xABA5, 0xABA6, 0xABA7, 0xABA8, 0xABA9, 0xABAA, 0xABAB,
    0xABAC, 0xABAD, 0xABAE, 0xABAF, 0xABB0, 0xABB1, 0xABB2, 0xABB3,
    0xABB4, 0xABB5, 0xABB6, 0xABB7, 0xABB8, 0xABB9, 0xABBA, 0xABBB,
    0xABBC, 0xABBD, 0xABBE, 0xABBF, 0x13F8, 0x13F9, 0x13FA, 0x13FB,
    0x13FC, 0x13FD, 0x10D0, 0x10D1, 0x10D2, 0x10D3, 0x10D4, 0x10D5,
    0x10D6, 0x10D7, 0x10D8, 0x10D9, 0x10DA, 0x10DB, 0x10DC, 0x10DD,
    0x10DE, 0x10DF, 0x10E0, 0x10E1, 0x10E2, 0x10E3, 0x10E4, 0x10E5,
    0x10E6, 0x10E7, 0x10E8, 0x10E9, 0x10EA, 0x10EB, 0x10EC, 0x10ED,
    0x10EE, 0x10EF, 0x10F0, 0x10F1, 0x10F2, 0x10F3, 0x10F4, 0x10F5,
    0x10F6, 0x10F7, 0x10F8, 0x10F9, 0x10FA, 0x10FD, 0x10FE, 0x10FF,
    0x1E01, 0x1E03, 0x1E05, 0x1E07, 0x1E09, 0x1E0B, 0x1E0D, 0x1E0F,
    0x1E11, 0x1E13, 0x1E15, 0x1E17, 0x1E19, 0x1E1B, 0x1E1D, 0x1E1F,
    0x1E21, 0x1E23, 0x1E25, 0x1E27, 0x1E29, 0x1E2B, 0x1E2D, 0x1E2F,
    0x1E31, 0x1E33, 0x1E35, 0x1E37, 0x1E39, 0x1E3B, 0x1E3D, 0x1E3F,
    0x1E41, 0x1E43, 0x1E45, 0x1E47, 0x1E49, 0x1E4B, 0x1E4D, 0x1E4F,
    0x1E51, 0x1E53, 0x1E55, 0x1E57, 0x1E59, 0x1E5B, 0x1E5D, 0x1E5F,
    0x1E61, 0x1E63, 0x1E65, 0x1E67, 0x1E69, 0x1E6B, 0x1E6D, 0x1E6F,
    0x1E71, 0x1E73, 0x1E75, 0x1E77, 0x1E79, 0x1E7B, 0x1E7D, 0x1E7F,
    0x1E81, 0x1E83, 0x1E85, 0x1E87, 0x1E89, 0x1E8B, 0x1E8D, 0x1E8F,
    0x1E91, 0x1E93, 0x1E95, 0x1E96, 0x1E97, 0x1E98, 0x1E99, 0x1E9A,
    0x00DF, 0x1EA1, 0x1EA3, 0x1EA5, 0x1EA7, 0x1EA9, 0x1EAB, 0x1EAD,
    0x1EAF, 0x1EB1, 0x1EB3, 0x1EB5, 0x1EB7, 0x1EB9, 0x1EBB, 0x1EBD,
    0x1EBF, 0x1EC1, 0x1EC3, 0x1EC5, 0x1EC7, 0x1EC9, 0x1ECB, 0x1ECD,
    0x1ECF, 0x1ED1, 0x1ED3, 0x1ED5, 0x1ED7, 0x1ED9, 0x1EDB, 0x1EDD,
    0x1EDF, 0x1EE1, 0x1EE3, 0x1EE5, 0x1EE7, 0x1EE9, 0x1EEB, 0x1EED,
    0x1EEF, 0x1EF1, 0x1EF3, 0x1EF5, 0x1EF7, 0x1EF9, 0x1EFB, 0x1EFD,
    0x1EFF, 0x1F00, 0x1F01, 0x1F02, 0x1F03, 0x1F04, 0x1F05, 0x1F06,
    0x1F07, 0x1F10, 0x1F11, 0x1F12, 0x1F13, 0x1F14, 0x1F15, 0x1F20,
    0x1F21, 0x1F22, 0x1F23, 0x1F24, 0x1F25, 0x1F26, 0x1F27, 0x1F30,
    0x1F31, 0x1F32, 0x1F33, 0x1F34, 0x1F35, 0x1F36, 0x1F37, 0x1F40,
    0x1F41, 0x1F42, 0x1F43, 0x1F44, 0x1F45, 0x1F50, 0x1F52, 0x1F54,
    0x1F56, 0x1F51, 0x1F53, 0x1F55, 0x1F57, 0x1F60, 0x1F61, 0x1F62,
    0x1F63, 0x1F64, 0x1F65, 0x1F66, 0x1F67, 0x1F80, 0x1F81, 0x1F82,
    0x1F83, 0x1F84, 0x1F85, 0x1F86, 0x1F87, 0x1F80, 0x1F81, 0x1F82,
    0x1F83, 0x1F84, 0x1F85, 0x1F86, 0x1F87, 0x1F90, 0x1F91, 0x1F92,
    0x1F93, 0x1F94, 0x1F95, 0x1F96, 0x1F97, 0x1F90, 0x1F91, 0x1F92,
    0x1F93, 0x1F94, 0x1F95, 0x1F96, 0x1F97, 0x1FA0, 0x1FA1, 0x1FA2,
    0x1FA3, 0x1FA4, 0x1FA5, 0x1FA6, 0x1FA7, 0x1FA0, 0x1FA1, 0x1FA2,
    0x1FA3, 0x1FA4, 0x1FA5, 0x1FA6, 0x1FA7, 0x1FB2, 0x1FB3, 0x1FB4,
    0x1FB6, 0x1FB7, 0x1FB0, 0x1FB1, 0x1F70, 0x1F71, 0x1FB3, 0x1FC2,
    0x1FC3, 0x1FC4, 0x1FC6, 0x1FC7, 0x1F72, 0x1F73, 0x1F74, 0x1F75,
    0x1FC3, 0x1FD2, 0x1FD3, 0x1FD6, 0x1FD7, 0x1FD0, 0x1FD1, 0x1F76,
    0x1F77, 0x1FE2, 0x1FE3, 0x1FE4, 0x1FE6, 0x1FE7, 0x1FE0, 0x1FE1,
    0x1F7A, 0x1F7B, 0x1FE5, 0x1FF2, 0x1FF3, 0x1FF4, 0x1FF6, 0x1FF7,
    0x1F78, 0x1F79, 0x1F7C, 0x1F7D, 0x1FF3, 0x03C9, 0x006B, 0x00E5,
    0x214E, 0x2170, 0x2171, 0x2172, 0x2173, 0x2174, 0x2175, 0x2176,
    0x2177, 0x2178, 0x2179, 0x217A, 0x217B, 0x217C, 0x217D, 0x217E,
    0x217F, 0x2184, 0x24D0, 0x24D1, 0x24D2, 0x24D3, 0x24D4, 0x24D5,
    0x24D6, 0x24D7, 0x24D8, 0x24D9, 0x24DA, 0x24DB, 0x24DC, 0x24DD,
    0x24DE, 0x24DF, 0x24E0, 0x24E1, 0x24E2, 0x24E3, 0x24E4, 0x24E5,
    0x24E6, 0x24E7, 0x24E8, 0x24E9, 0x2C30, 0x2C31, 0x2C32, 0x2C33,
    0x2C34, 0x2C35, 0x2C36, 0x2C37, 0x2C38, 0x2C39, 0x2C3A, 0x2C3B,
    0x2C3C, 0x2C3D, 0x2C3E, 0x2C3F, 0x2C40, 0x2C41, 0x2C42, 0x2C43,
    0x2C44, 0x2C45, 0x2C46, 0x2C47, 0x2C48, 0x2C49, 0x2C4A, 0x2C4B,
    0x2C4C, 0x2C4D, 0x2C4E, 0x2C4F, 0x2C50, 0x2C51, 0x2C52, 0x2C53,
    0x2C54, 0x2C55, 0x2C56, 0x2C57, 0x2C58, 0x2C59, 0x2C5A, 0x2C5B,
    0x2C5C, 0x2C5D, 0x2C5E, 0x2C5F, 0x2C61, 0x026B, 0x1D7D, 0x027D,
    0x2C68, 0x2C6A, 0x2C6C, 0x0251, 0x0271, 0x0250, 0x0252, 0x2C73,
    0x2C76, 0x023F, 0x0240, 0x2C81, 0x2C83, 0x2C85, 0x2C87, 0x2C89,
    0x2C8B, 0x2C8D, 0x2C8F, 0x2C91, 0x2C93, 0x2C95, 0x2C97, 0x2C99,
    0x2C9B, 0x2C9D, 0x2C9F, 0x2CA1, 0x2CA3, 0x2CA5, 0x2CA7, 0x2CA9,
    0x2CAB, 0x2CAD, 0x2CAF, 0x2CB1, 0x2CB3, 0x2CB5, 0x2CB7, 0x2CB9,
    0x2CBB, 0x2CBD, 0x2CBF, 0x2CC1, 0x2CC3, 0x2CC5, 0x2CC7, 0x2CC9,
    0x2CCB, 0x2CCD, 0x2CCF, 0x2CD1, 0x2CD3, 0x2CD5, 0x2CD7, 0x2CD9,
    0x2CDB, 0x2CDD, 0x2CDF, 0x2CE1, 0x2CE3, 0x2CEC, 0x2CEE, 0x2CF3,
    0xA641, 0xA643, 0xA645, 0xA647, 0xA649, 0xA64B, 0xA64D, 0xA64F,
    0xA651, 0xA653, 0xA655, 0xA657, 0xA659, 0xA65B, 0xA65D, 0xA65F,
    0xA661, 0xA663, 0xA665, 0xA667, 0xA669, 0xA66B, 0xA66D, 0xA681,
    0xA683, 0xA685, 0xA687, 0xA689, 0xA68B, 0xA68D, 0xA68F, 0xA691,
    0xA693, 0xA695, 0xA697, 0xA699, 0xA69B, 0xA723, 0xA725, 0xA727,
    0xA729, 0xA72B, 0xA72D, 0xA72F, 0xA733, 0xA735, 0xA737, 0xA739,
    0xA73B, 0xA73D, 0xA73F, 0xA741, 0xA743, 0xA745, 0xA747, 0xA749,
    0xA74B, 0xA74D, 0xA74F, 0xA751, 0xA753, 0xA755, 0xA757, 0xA759,
    0xA75B, 0xA75D, 0xA75F, 0xA761, 0xA763, 0xA765, 0xA767, 0xA769,
    0xA76B, 0xA76D, 0xA76F, 0xA77A, 0xA77C, 0x1D79, 0xA77F, 0xA781,
    0xA783, 0xA785, 0xA787, 0xA78C, 0x0265, 0xA791, 0xA793, 0xA797,
    0xA799, 0xA79B, 0xA79D, 0xA79F, 0xA7A1, 0xA7A3, 0xA7A5, 0xA7A7,
    0xA7A9, 0x0266, 0x025C, 0x0261, 0x026C, 0x026A, 0x029E, 0x0287,
    0x029D, 0xAB53, 0xA7B5, 0xA7B7, 0xA7B9, 0xA7BB, 0xA7BD, 0xA7BF,
    0xA7C1, 0xA7C3, 0xA794, 0x0282, 0x1D8E, 0xA7C8, 0xA7CA, 0xA7D1,
    0xA7D7, 0xA7D9, 0xA7F6, 0xFB00, 0xFB01, 0xFB02, 0xFB03, 0xFB04,
    0xFB05, 0xFB06, 0xFB13, 0xFB14, 0xFB15, 0xFB16, 0xFB17, 0xFF41,
    0xFF42, 0xFF43, 0xFF44, 0xFF45, 0xFF46, 0xFF47, 0xFF48, 0xFF49,
    0xFF4A, 0xFF4B, 0xFF4C, 0xFF4D, 0xFF4E, 0xFF4F, 0xFF50, 0xFF51,
    0xFF52, 0xFF53, 0xFF54, 0xFF55, 0xFF56, 0xFF57, 0xFF58, 0xFF59,
    0xFF5A, 0x10428, 0x10429, 0x1042A, 0x1042B, 0x1042C, 0x1042D, 0x1042E,
    0x1042F, 0x10430, 0x10431, 0x10432, 0x10433, 0x10434, 0x10435, 0x10436,
    0x10437, 0x10438, 0x10439, 0x1043A, 0x1043B, 0x1043C, 0x1043D, 0x1043E,
    0x1043F, 0x10440, 0x10441, 0x10442, 0x10443, 0x10444, 0x10445, 0x10446,
    0x10447, 0x10448, 0x10449, 0x1044A, 0x1044B, 0x1044C, 0x1044D, 0x1044E,
    0x1044F, 0x104D8, 0x104D9, 0x104DA, 0x104DB, 0x104DC, 0x104DD, 0x104DE,
    0x104DF, 0x104E0, 0x104E1, 0x104E2, 0x104E3, 0x104E4, 0x104E5, 0x104E6,
    0x104E7, 0x104E8, 0x104E9, 0x104EA, 0x104EB, 0x104EC, 0x104ED, 0x104EE,
    0x104EF, 0x104F0, 0x104F1, 0x104F2, 0x104F3, 0x104F4, 0x104F5, 0x104F6,
    0x104F7, 0x104F8, 0x104F9, 0x104FA, 0x104FB, 0x10597, 0x10598, 0x10599,
    0x1059A, 0x1059B, 0x1059C, 0x1059D, 0x1059E, 0x1059F, 0x105A0, 0x105A1,
    0x105A3, 0x105A4, 0x105A5, 0x105A6, 0x105A7, 0x105A8, 0x105A9, 0x105AA,
    0x105AB, 0x105AC, 0x105AD, 0x105AE, 0x105AF, 0x105B0, 0x105B1, 0x105B3,
    0x105B4, 0x105B5, 0x105B6, 0x105B7, 0x105B8, 0x105B9, 0x105BB, 0x105BC,
    0x10CC0, 0x10CC1, 0x10CC2, 0x10CC3, 0x10CC4, 0x10CC5, 0x10CC6, 0x10CC7,
    0x10CC8, 0x10CC9, 0x10CCA, 0x10CCB, 0x10CCC, 0x10CCD, 0x10CCE, 0x10CCF,
    0x10CD0, 0x10CD1, 0x10CD2, 0x10CD3, 0x10CD4, 0x10CD5, 0x10CD6, 0x10CD7,
    0x10CD8, 0x10CD9, 0x10CDA, 0x10CDB, 0x10CDC, 0x10CDD, 0x10CDE, 0x10CDF,
    0x10CE0, 0x10CE1, 0x10CE2, 0x10CE3, 0x10CE4, 0x10CE5, 0x10CE6, 0x10CE7,
    0x10CE8, 0x10CE9, 0x10CEA, 0x10CEB, 0x10CEC, 0x10CED, 0x10CEE, 0x10CEF,
    0x10CF0, 0x10CF1, 0x10CF2, 0x118C0, 0x118C1, 0x118C2, 0x118C3, 0x118C4,
    0x118C5, 0x118C6, 0x118C7, 0x118C8, 0x118C9, 0x118CA, 0x118CB, 0x118CC,
    0x118CD, 0x118CE, 0x118CF, 0x118D0, 0x118D1, 0x118D2, 0x118D3, 0x118D4,
    0x118D5, 0x118D6, 0x118D7, 0x118D8, 0x118D9, 0x118DA, 0x118DB, 0x118DC,
    0x118DD, 0x118DE, 0x118DF, 0x16E60, 0x16E61, 0x16E62, 0x16E63, 0x16E64,
    0x16E65, 0x16E66, 0x16E67, 0x16E68, 0x16E69, 0x16E6A, 0x16E6B, 0x16E6C,
    0x16E6D, 0x16E6E, 0x16E6F, 0x16E70, 0x16E71, 0x16E72, 0x16E73, 0x16E74,
    0x16E75, 0x16E76, 0x16E77, 0x16E78, 0x16E79, 0x16E7A, 0x16E7B, 0x16E7C,
    0x16E7D, 0x16E7E, 0x16E7F, 0x1E922, 0x1E923, 0x1E924, 0x1E925, 0x1E926,
    0x1E927, 0x1E928, 0x1E929, 0x1E92A, 0x1E92B, 0x1E92C, 0x1E92D, 0x1E92E,
    0x1E92F, 0x1E930, 0x1E931, 0x1E932, 0x1E933, 0x1E934, 0x1E935, 0x1E936,
    0x1E937, 0x1E938, 0x1E939, 0x1E93A, 0x1E93B, 0x1E93C, 0x1E93D, 0x1E93E,
    0x1E93F, 0x1E940, 0x1E941, 0x1E942, 0x1E943,
};

static const unicode_full_case_entry unicode_full_lower_table[] = {
    {0x0041, 0, 1},
    {0x0042, 1, 1},
    {0x0043, 2, 1},
    {0x0044, 3, 1},
    {0x0045, 4, 1},
    {0x0046, 5, 1},
    {0x0047, 6, 1},
    {0x0048, 7, 1},
    {0x0049, 8, 1},
    {0x004A, 9, 1},
    {0x004B, 10, 1},
    {0x004C, 11, 1},
    {0x004D, 12, 1},
    {0x004E, 13, 1},
    {0x004F, 14, 1},
    {0x0050, 15, 1},
    {0x0051, 16, 1},
    {0x0052, 17, 1},
    {0x0053, 18, 1},
    {0x0054, 19, 1},
    {0x0055, 20, 1},
    {0x0056, 21, 1},
    {0x0057, 22, 1},
    {0x0058, 23, 1},
    {0x0059, 24, 1},
    {0x005A, 25, 1},
    {0x00C0, 26, 1},
    {0x00C1, 27, 1},
    {0x00C2, 28, 1},
    {0x00C3, 29, 1},
    {0x00C4, 30, 1},
    {0x00C5, 31, 1},
    {0x00C6, 32, 1},
    {0x00C7, 33, 1},
    {0x00C8, 34, 1},
    {0x00C9, 35, 1},
    {0x00CA, 36, 1},
    {0x00CB, 37, 1},
    {0x00CC, 38, 1},
    {0x00CD, 39, 1},
    {0x00CE, 40, 1},
    {0x00CF, 41, 1},
    {0x00D0, 42, 1},
    {0x00D1, 43, 1},
    {0x00D2, 44, 1},
    {0x00D3, 45, 1},
    {0x00D4, 46, 1},
    {0x00D5, 47, 1},
    {0x00D6, 48, 1},
    {0x00D8, 49, 1},
    {0x00D9, 50, 1},
    {0x00DA, 51, 1},
    {0x00DB, 52, 1},
    {0x00DC, 53, 1},
    {0x00DD, 54, 1},
    {0x00DE, 55, 1},
    {0x00DF, 56, 1},
    {0x0100, 57, 1},
    {0x0102, 58, 1},
    {0x0104, 59, 1},
    {0x0106, 60, 1},
    {0x0108, 61, 1},
    {0x010A, 62, 1},
    {0x010C, 63, 1},
    {0x010E, 64, 1},
    {0x0110, 65, 1},
    {0x0112, 66, 1},
    {0x0114, 67, 1},
    {0x0116, 68, 1},
    {0x0118, 69, 1},
    {0x011A, 70, 1},
    {0x011C, 71, 1},
    {0x011E, 72, 1},
    {0x0120, 73, 1},
    {0x0122, 74, 1},
    {0x0124, 75, 1},
    {0x0126, 76, 1},
    {0x0128, 77, 1},
    {0x012A, 78, 1},
    {0x012C, 79, 1},
    {0x012E, 80, 1},
    {0x0130, 81, 2},
    {0x0132, 83, 1},
    {0x0134, 84, 1},
    {0x0136, 85, 1},
    {0x0139, 86, 1},
    {0x013B, 87, 1},
    {0x013D, 88, 1},
    {0x013F, 89, 1},
    {0x0141, 90, 1},
    {0x0143, 91, 1},
    {0x0145, 92, 1},
    {0x0147, 93, 1},
    {0x0149, 94, 1},
    {0x014A, 95, 1},
    {0x014C, 96, 1},
    {0x014E, 97, 1},
    {0x0150, 98, 1},
    {0x0152, 99, 1},
    {0x0154, 100, 1},
    {0x0156, 101, 1},
    {0x0158, 102, 1},
    {0x015A, 103, 1},
    {0x015C, 104, 1},
    {0x015E, 105, 1},
    {0x0160, 106, 1},
    {0x0162, 107, 1},
    {0x0164, 108, 1},
    {0x0166, 109, 1},
    {0x0168, 110, 1},
    {0x016A, 111, 1},
    {0x016C, 112, 1},
    {0x016E, 113, 1},
    {0x0170, 114, 1},
    {0x0172, 115, 1},
    {0x0174, 116, 1},
    {0x0176, 117, 1},
    {0x0178, 118, 1},
    {0x0179, 119, 1},
    {0x017B, 120, 1},
    {0x017D, 121, 1},
    {0x0181, 122, 1},
    {0x0182, 123, 1},
    {0x0184, 124, 1},
    {0x0186, 125, 1},
    {0x0187, 126, 1},
    {0x0189, 127, 1},
    {0x018A, 128, 1},
    {0x018B, 129, 1},
    {0x018E, 130, 1},
    {0x018F, 131, 1},
    {0x0190, 132, 1},
    {0x0191, 133, 1},
    {0x0193, 134, 1},
    {0x0194, 135, 1},
    {0x0196, 136, 1},
    {0x0197, 137, 1},
    {0x0198, 138, 1},
    {0x019C, 139, 1},
    {0x019D, 140, 1},
    {0x019F, 141, 1},
    {0x01A0, 142, 1},
    {0x01A2, 143, 1},
    {0x01A4, 144, 1},
    {0x01A6, 145, 1},
    {0x01A7, 146, 1},
    {0x01A9, 147, 1},
    {0x01AC, 148, 1},
    {0x01AE, 149, 1},
    {0x01AF, 150, 1},
    {0x01B1, 151, 1},
    {0x01B2, 152, 1},
    {0x01B3, 153, 1},
    {0x01B5, 154, 1},
    {0x01B7, 155, 1},
    {0x01B8, 156, 1},
    {0x01BC, 157, 1},
    {0x01C4, 158, 1},
    {0x01C5, 159, 1},
    {0x01C7, 160, 1},
    {0x01C8, 161, 1},
    {0x01CA, 162, 1},
    {0x01CB, 163, 1},
    {0x01CD, 164, 1},
    {0x01CF, 165, 1},
    {0x01D1, 166, 1},
    {0x01D3, 167, 1},
    {0x01D5, 168, 1},
    {0x01D7, 169, 1},
    {0x01D9, 170, 1},
    {0x01DB, 171, 1},
    {0x01DE, 172, 1},
    {0x01E0, 173, 1},
    {0x01E2, 174, 1},
    {0x01E4, 175, 1},
    {0x01E6, 176, 1},
    {0x01E8, 177, 1},
    {0x01EA, 178, 1},
    {0x01EC, 179, 1},
    {0x01EE, 180, 1},
    {0x01F0, 181, 1},
    {0x01F1, 182, 1},
    {0x01F2, 183, 1},
    {0x01F4, 184, 1},
    {0x01F6, 185, 1},
    {0x01F7, 186, 1},
    {0x01F8, 187, 1},
    {0x01FA, 188, 1},
    {0x01FC, 189, 1},
    {0x01FE, 190, 1},
    {0x0200, 191, 1},
    {0x0202, 192, 1},
    {0x0204, 193, 1},
    {0x0206, 194, 1},
    {0x0208, 195, 1},
    {0x020A, 196, 1},
    {0x020C, 197, 1},
    {0x020E, 198, 1},
    {0x0210, 199, 1},
    {0x0212, 200, 1},
    {0x0214, 201, 1},
    {0x0216, 202, 1},
    {0x0218, 203, 1},
    {0x021A, 204, 1},
    {0x021C, 205, 1},
    {0x021E, 206, 1},
    {0x0220, 207, 1},
    {0x0222, 208, 1},
    {0x0224, 209, 1},
    {0x0226, 210, 1},
    {0x0228, 211, 1},
    {0x022A, 212, 1},
    {0x022C, 213, 1},
    {0x022E, 214, 1},
    {0x0230, 215, 1},
    {0x0232, 216, 1},
    {0x023A, 217, 1},
    {0x023B, 218, 1},
    {0x023D, 219, 1},
    {0x023E, 220, 1},
    {0x0241, 221, 1},
    {0x0243, 222, 1},
    {0x0244, 223, 1},
    {0x0245, 224, 1},
    {0x0246, 225, 1},
    {0x0248, 226, 1},
    {0x024A, 227, 1},
    {0x024C, 228, 1},
    {0x024E, 229, 1},
    {0x0370, 230, 1},
    {0x0372, 231, 1},
    {0x0376, 232, 1},
    {0x037F, 233, 1},
    {0x0386, 234, 1},
    {0x0388, 235, 1},
    {0x0389, 236, 1},
    {0x038A, 237, 1},
    {0x038C, 238, 1},
    {0x038E, 239, 1},
    {0x038F, 240, 1},
    {0x0390, 241, 1},
    {0x0391, 242, 1},
    {0x0392, 243, 1},
    {0x0393, 244, 1},
    {0x0394, 245, 1},
    {0x0395, 246, 1},
    {0x0396, 247, 1},
    {0x0397, 248, 1},
    {0x0398, 249, 1},
    {0x0399, 250, 1},
    {0x039A, 251, 1},
    {0x039B, 252, 1},
    {0x039C, 253, 1},
    {0x039D, 254, 1},
    {0x039E, 255, 1},
    {0x039F, 256, 1},
    {0x03A0, 257, 1},
    {0x03A1, 258, 1},
    {0x03A3, 259, 1},
    {0x03A4, 260, 1},
    {0x03A5, 261, 1},
    {0x03A6, 262, 1},
    {0x03A7, 263, 1},
    {0x03A8, 264, 1},
    {0x03A9, 265, 1},
    {0x03AA, 266, 1},
    {0x03AB, 267, 1},
    {0x03B0, 268, 1},
    {0x03CF, 269, 1},
    {0x03D8, 270, 1},
    {0x03DA, 271, 1},
    {0x03DC, 272, 1},
    {0x03DE, 273, 1},
    {0x03E0, 274, 1},
    {0x03E2, 275, 1},
    {0x03E4, 276, 1},
    {0x03E6, 277, 1},
    {0x03E8, 278, 1},
    {0x03EA, 279, 1},
    {0x03EC, 280, 1},
    {0x03EE, 281, 1},
    {0x03F4, 282, 1},
    {0x03F7, 283, 1},
    {0x03F9, 284, 1},
    {0x03FA, 285, 1},
    {0x03FD, 286, 1},
    {0x03FE, 287, 1},
    {0x03FF, 288, 1},
    {0x0400, 289, 1},
    {0x0401, 290, 1},
    {0x0402, 291, 1},
    {0x0403, 292, 1},
    {0x0404, 293, 1},
    {0x0405, 294, 1},
    {0x0406, 295, 1},
    {0x0407, 296, 1},
    {0x0408, 297, 1},
    {0x0409, 298, 1},
    {0x040A, 299, 1},
    {0x040B, 300, 1},
    {0x040C, 301, 1},
    {0x040D, 302, 1},
    {0x040E, 303, 1},
    {0x040F, 304, 1},
    {0x0410, 305, 1},
    {0x0411, 306, 1},
    {0x0412, 307, 1},
    {0x0413, 308, 1},
    {0x0414, 309, 1},
    {0x0415, 310, 1},
    {0x0416, 311, 1},
    {0x0417, 312, 1},
    {0x0418, 313, 1},
    {0x0419, 314, 1},
    {0x041A, 315, 1},
    {0x041B, 316, 1},
    {0x041C, 317, 1},
    {0x041D, 318, 1},
    {0x041E, 319, 1},
    {0x041F, 320, 1},
    {0x0420, 321, 1},
    {0x0421, 322, 1},
    {0x0422, 323, 1},
    {0x0423, 324, 1},
    {0x0424, 325, 1},
    {0x0425, 326, 1},
    {0x0426, 327, 1},
    {0x0427, 328, 1},
    {0x0428, 329, 1},
    {0x0429, 330, 1},
    {0x042A, 331, 1},
    {0x042B, 332, 1},
    {0x042C, 333, 1},
    {0x042D, 334, 1},
    {0x042E, 335, 1},
    {0x042F, 336, 1},
    {0x0460, 337, 1},
    {0x0462, 338, 1},
    {0x0464, 339, 1},
    {0x0466, 340, 1},
    {0x0468, 341, 1},
    {0x046A, 342, 1},
    {0x046C, 343, 1},
    {0x046E, 344, 1},
    {0x0470, 345, 1},
    {0x0472, 346, 1},
    {0x0474, 347, 1},
    {0x0476, 348, 1},
    {0x0478, 349, 1},
    {0x047A, 350, 1},
    {0x047C, 351, 1},
    {0x047E, 352, 1},
    {0x0480, 353, 1},
    {0x048A, 354, 1},
    {0x048C, 355, 1},
    {0x048E, 356, 1},
    {0x0490, 357, 1},
    {0x0492, 358, 1},
    {0x0494, 359, 1},
    {0x0496, 360, 1},
    {0x0498, 361, 1},
    {0x049A, 362, 1},
    {0x049C, 363, 1},
    {0x049E, 364, 1},
    {0x04A0, 365, 1},
    {0x04A2, 366, 1},
    {0x04A4, 367, 1},
    {0x04A6, 368, 1},
    {0x04A8, 369, 1},
    {0x04AA, 370, 1},
    {0x04AC, 371, 1},
    {0x04AE, 372, 1},
    {0x04B0, 373, 1},
    {0x04B2, 374, 1},
    {0x04B4, 375, 1},
    {0x04B6, 376, 1},
    {0x04B8, 377, 1},
    {0x04BA, 378, 1},
    {0x04BC, 379, 1},
    {0x04BE, 380, 1},
    {0x04C0, 381, 1},
    {0x04C1, 382, 1},
    {0x04C3, 383, 1},
    {0x04C5, 384, 1},
    {0x04C7, 385, 1},
    {0x04C9, 386, 1},
    {0x04CB, 387, 1},
    {0x04CD, 388, 1},
    {0x04D0, 389, 1},
    {0x04D2, 390, 1},
    {0x04D4, 391, 1},
    {0x04D6, 392, 1},
    {0x04D8, 393, 1},
    {0x04DA, 394, 1},
    {0x04DC, 395, 1},
    {0x04DE, 396, 1},
    {0x04E0, 397, 1},
    {0x04E2, 398, 1},
    {0x04E4, 399, 1},
    {0x04E6, 400, 1},
    {0x04E8, 401, 1},
    {0x04EA, 402, 1},
    {0x04EC, 403, 1},
    {0x04EE, 404, 1},
    {0x04F0, 405, 1},
    {0x04F2, 406, 1},
    {0x04F4, 407, 1},
    {0x04F6, 408, 1},
    {0x04F8, 409, 1},
    {0x04FA, 410, 1},
    {0x04FC, 411, 1},
    {0x04FE, 412, 1},
    {0x0500, 413, 1},
    {0x0502, 414, 1},
    {0x0504, 415, 1},
    {0x0506, 416, 1},
    {0x0508, 417, 1},
    {0x050A, 418, 1},
    {0x050C, 419, 1},
    {0x050E, 420, 1},
    {0x0510, 421, 1},
    {0x0512, 422, 1},
    {0x0514, 423, 1},
    {0x0516, 424, 1},
    {0x0518, 425, 1},
    {0x051A, 426, 1},
    {0x051C, 427, 1},
    {0x051E, 428, 1},
    {0x0520, 429, 1},
    {0x0522, 430, 1},
    {0x0524, 431, 1},
    {0x0526, 432, 1},
    {0x0528, 433, 1},
    {0x052A, 434, 1},
    {0x052C, 435, 1},
    {0x052E, 436, 1},
    {0x0531, 437, 1},
    {0x0532, 438, 1},
    {0x0533, 439, 1},
    {0x0534, 440, 1},
    {0x0535, 441, 1},
    {0x0536, 442, 1},
    {0x0537, 443, 1},
    {0x0538, 444, 1},
    {0x0539, 445, 1},
    {0x053A, 446, 1},
    {0x053B, 447, 1},
    {0x053C, 448, 1},
    {0x053D, 449, 1},
    {0x053E, 450, 1},
    {0x053F, 451, 1},
    {0x0540, 452, 1},
    {0x0541, 453, 1},
    {0x0542, 454, 1},
    {0x0543, 455, 1},
    {0x0544, 456, 1},
    {0x0545, 457, 1},
    {0x0546, 458, 1},
    {0x0547, 459, 1},
    {0x0548, 460, 1},
    {0x0549, 461, 1},
    {0x054A, 462, 1},
    {0x054B, 463, 1},
    {0x054C, 464, 1},
    {0x054D, 465, 1},
    {0x054E, 466, 1},
    {0x054F, 467, 1},
    {0x0550, 468, 1},
    {0x0551, 469, 1},
    {0x0552, 470, 1},
    {0x0553, 471, 1},
    {0x0554, 472, 1},
    {0x0555, 473, 1},
    {0x0556, 474, 1},
    {0x0587, 475, 1},
    {0x10A0, 476, 1},
    {0x10A1, 477, 1},
    {0x10A2, 478, 1},
    {0x10A3, 479, 1},
    {0x10A4, 480, 1},
    {0x10A5, 481, 1},
    {0x10A6, 482, 1},
    {0x10A7, 483, 1},
    {0x10A8, 484, 1},
    {0x10A9, 485, 1},
    {0x10AA, 486, 1},
    {0x10AB, 487, 1},
    {0x10AC, 488, 1},
    {0x10AD, 489, 1},
    {0x10AE, 490, 1},
    {0x10AF, 491, 1},
    {0x10B0, 492, 1},
    {0x10B1, 493, 1},
    {0x10B2, 494, 1},
    {0x10B3, 495, 1},
    {0x10B4, 496, 1},
    {0x10B5, 497, 1},
    {0x10B6, 498, 1},
    {0x10B7, 499, 1},
    {0x10B8, 500, 1},
    {0x10B9, 501, 1},
    {0x10BA, 502, 1},
    {0x10BB, 503, 1},
    {0x10BC, 504, 1},
    {0x10BD, 505, 1},
    {0x10BE, 506, 1},
    {0x10BF, 507, 1},
    {0x10C0, 508, 1},
    {0x10C1, 509, 1},
    {0x10C2, 510, 1},
    {0x10C3, 511, 1},
    {0x10C4, 512, 1},
    {0x10C5, 513, 1},
    {0x10C7, 514, 1},
    {0x10CD, 515, 1},
    {0x13A0, 516, 1},
    {0x13A1, 517, 1},
    {0x13A2, 518, 1},
    {0x13A3, 519, 1},
    {0x13A4, 520, 1},
    {0x13A5, 521, 1},
    {0x13A6, 522, 1},
    {0x13A7, 523, 1},
    {0x13A8, 524, 1},
    {0x13A9, 525, 1},
    {0x13AA, 526, 1},
    {0x13AB, 527, 1},
    {0x13AC, 528, 1},
    {0x13AD, 529, 1},
    {0x13AE, 530, 1},
    {0x13AF, 531, 1},
    {0x13B0, 532, 1},
    {0x13B1, 533, 1},
    {0x13B2, 534, 1},
    {0x13B3, 535, 1},
    {0x13B4, 536, 1},
    {0x13B5, 537, 1},
    {0x13B6, 538, 1},
    {0x13B7, 539, 1},
    {0x13B8, 540, 1},
    {0x13B9, 541, 1},
    {0x13BA, 542, 1},
    {0x13BB, 543, 1},
    {0x13BC, 544, 1},
    {0x13BD, 545, 1},
    {0x13BE, 546, 1},
    {0x13BF, 547, 1},
    {0x13C0, 548, 1},
    {0x13C1, 549, 1},
    {0x13C2, 550, 1},
    {0x13C3, 551, 1},
    {0x13C4, 552, 1},
    {0x13C5, 553, 1},
    {0x13C6, 554, 1},
    {0x13C7, 555, 1},
    {0x13C8, 556, 1},
    {0x13C9, 557, 1},
    {0x13CA, 558, 1},
    {0x13CB, 559, 1},
    {0x13CC, 560, 1},
    {0x13CD, 561, 1},
    {0x13CE, 562, 1},
    {0x13CF, 563, 1},
    {0x13D0, 564, 1},
    {0x13D1, 565, 1},
    {0x13D2, 566, 1},
    {0x13D3, 567, 1},
    {0x13D4, 568, 1},
    {0x13D5, 569, 1},
    {0x13D6, 570, 1},
    {0x13D7, 571, 1},
    {0x13D8, 572, 1},
    {0x13D9, 573, 1},
    {0x13DA, 574, 1},
    {0x13DB, 575, 1},
    {0x13DC, 576, 1},
    {0x13DD, 577, 1},
    {0x13DE, 578, 1},
    {0x13DF, 579, 1},
    {0x13E0, 580, 1},
    {0x13E1, 581, 1},
    {0x13E2, 582, 1},
    {0x13E3, 583, 1},
    {0x13E4, 584, 1},
    {0x13E5, 585, 1},
    {0x13E6, 586, 1},
    {0x13E7, 587, 1},
    {0x13E8, 588, 1},
    {0x13E9, 589, 1},
    {0x13EA, 590, 1},
    {0x13EB, 591, 1},
    {0x13EC, 592, 1},
    {0x13ED, 593, 1},
    {0x13EE, 594, 1},
    {0x13EF, 595, 1},
    {0x13F0, 596, 1},
    {0x13F1, 597, 1},
    {0x13F2, 598, 1},
    {0x13F3, 599, 1},
    {0x13F4, 600, 1},
    {0x13F5, 601, 1},
    {0x1C90, 602, 1},
    {0x1C91, 603, 1},
    {0x1C92, 604, 1},
    {0x1C93, 605, 1},
    {0x1C94, 606, 1},
    {0x1C95, 607, 1},
    {0x1C96, 608, 1},
    {0x1C97, 609, 1},
    {0x1C98, 610, 1},
    {0x1C99, 611, 1},
    {0x1C9A, 612, 1},
    {0x1C9B, 613, 1},
    {0x1C9C, 614, 1},
    {0x1C9D, 615, 1},
    {0x1C9E, 616, 1},
    {0x1C9F, 617, 1},
    {0x1CA0, 618, 1},
    {0x1CA1, 619, 1},
    {0x1CA2, 620, 1},
    {0x1CA3, 621, 1},
    {0x1CA4, 622, 1},
    {0x1CA5, 623, 1},
    {0x1CA6, 624, 1},
    {0x1CA7, 625, 1},
    {0x1CA8, 626, 1},
    {0x1CA9, 627, 1},
    {0x1CAA, 628, 1},
    {0x1CAB, 629, 1},
    {0x1CAC, 630, 1},
    {0x1CAD, 631, 1},
    {0x1CAE, 632, 1},
    {0x1CAF, 633, 1},
    {0x1CB0, 634, 1},
    {0x1CB1, 635, 1},
    {0x1CB2, 636, 1},
    {0x1CB3, 637, 1},
    {0x1CB4, 638, 1},
    {0x1CB5, 639, 1},
    {0x1CB6, 640, 1},
    {0x1CB7, 641, 1},
    {0x1CB8, 642, 1},
    {0x1CB9, 643, 1},
    {0x1CBA, 644, 1},
    {0x1CBD, 645, 1},
    {0x1CBE, 646, 1},
    {0x1CBF, 647, 1},
    {0x1E00, 648, 1},
    {0x1E02, 649, 1},
    {0x1E04, 650, 1},
    {0x1E06, 651, 1},
    {0x1E08, 652, 1},
    {0x1E0A, 653, 1},
    {0x1E0C, 654, 1},
    {0x1E0E, 655, 1},
    {0x1E10, 656, 1},
    {0x1E12, 657, 1},
    {0x1E14, 658, 1},
    {0x1E16, 659, 1},
    {0x1E18, 660, 1},
    {0x1E1A, 661, 1},
    {0x1E1C, 662, 1},
    {0x1E1E, 663, 1},
    {0x1E20, 664, 1},
    {0x1E22, 665, 1},
    {0x1E24, 666, 1},
    {0x1E26, 667, 1},
    {0x1E28, 668, 1},
    {0x1E2A, 669, 1},
    {0x1E2C, 670, 1},
    {0x1E2E, 671, 1},
    {0x1E30, 672, 1},
    {0x1E32, 673, 1},
    {0x1E34, 674, 1},
    {0x1E36, 675, 1},
    {0x1E38, 676, 1},
    {0x1E3A, 677, 1},
    {0x1E3C, 678, 1},
    {0x1E3E, 679, 1},
    {0x1E40, 680, 1},
    {0x1E42, 681, 1},
    {0x1E44, 682, 1},
    {0x1E46, 683, 1},
    {0x1E48, 684, 1},
    {0x1E4A, 685, 1},
    {0x1E4C, 686, 1},
    {0x1E4E, 687, 1},
    {0x1E50, 688, 1},
    {0x1E52, 689, 1},
    {0x1E54, 690, 1},
    {0x1E56, 691, 1},
    {0x1E58, 692, 1},
    {0x1E5A, 693, 1},
    {0x1E5C, 694, 1},
    {0x1E5E, 695, 1},
    {0x1E60, 696, 1},
    {0x1E62, 697, 1},
    {0x1E64, 698, 1},
    {0x1E66, 699, 1},
    {0x1E68, 700, 1},
    {0x1E6A, 701, 1},
    {0x1E6C, 702, 1},
    {0x1E6E, 703, 1},
    {0x1E70, 704, 1},
    {0x1E72, 705, 1},
    {0x1E74, 706, 1},
    {0x1E76, 707, 1},
    {0x1E78, 708, 1},
    {0x1E7A, 709, 1},
    {0x1E7C, 710, 1},
    {0x1E7E, 711, 1},
    {0x1E80, 712, 1},
    {0x1E82, 713, 1},
    {0x1E84, 714, 1},
    {0x1E86, 715, 1},
    {0x1E88, 716, 1},
    {0x1E8A, 717, 1},
    {0x1E8C, 718, 1},
    {0x1E8E, 719, 1},
    {0x1E90, 720, 1},
    {0x1E92, 721, 1},
    {0x1E94, 722, 1},
    {0x1E96, 723, 1},
    {0x1E97, 724, 1},
    {0x1E98, 725, 1},
    {0x1E99, 726, 1},
    {0x1E9A, 727, 1},
    {0x1E9E, 728, 1},
    {0x1EA0, 729, 1},
    {0x1EA2, 730, 1},
    {0x1EA4, 731, 1},
    {0x1EA6, 732, 1},
    {0x1EA8, 733, 1},
    {0x1EAA, 734, 1},
    {0x1EAC, 735, 1},
    {0x1EAE, 736, 1},
    {0x1EB0, 737, 1},
    {0x1EB2, 738, 1},
    {0x1EB4, 739, 1},
    {0x1EB6, 740, 1},
    {0x1EB8, 741, 1},
    {0x1EBA, 742, 1},
    {0x1EBC, 743, 1},
    {0x1EBE, 744, 1},
    {0x1EC0, 745, 1},
    {0x1EC2, 746, 1},
    {0x1EC4, 747, 1},
    {0x1EC6, 748, 1},
    {0x1EC8, 749, 1},
    {0x1ECA, 750, 1},
    {0x1ECC, 751, 1},
    {0x1ECE, 752, 1},
    {0x1ED0, 753, 1},
    {0x1ED2, 754, 1},
    {0x1ED4, 755, 1},
    {0x1ED6, 756, 1},
    {0x1ED8, 757, 1},
    {0x1EDA, 758, 1},
    {0x1EDC, 759, 1},
    {0x1EDE, 760, 1},
    {0x1EE0, 761, 1},
    {0x1EE2, 762, 1},
    {0x1EE4, 763, 1},
    {0x1EE6, 764, 1},
    {0x1EE8, 765, 1},
    {0x1EEA, 766, 1},
    {0x1EEC, 767, 1},
    {0x1EEE, 768, 1},
    {0x1EF0, 769, 1},
    {0x1EF2, 770, 1},
    {0x1EF4, 771, 1},
    {0x1EF6, 772, 1},
    {0x1EF8, 773, 1},
    {0x1EFA, 774, 1},
    {0x1EFC, 775, 1},
    {0x1EFE, 776, 1},
    {0x1F08, 777, 1},
    {0x1F09, 778, 1},
    {0x1F0A, 779, 1},
    {0x1F0B, 780, 1},
    {0x1F0C, 781, 1},
    {0x1F0D, 782, 1},
    {0x1F0E, 783, 1},
    {0x1F0F, 784, 1},
    {0x1F18, 785, 1},
    {0x1F19, 786, 1},
    {0x1F1A, 787, 1},
    {0x1F1B, 788, 1},
    {0x1F1C, 789, 1},
    {0x1F1D, 790, 1},
    {0x1F28, 791, 1},
    {0x1F29, 792, 1},
    {0x1F2A, 793, 1},
    {0x1F2B, 794, 1},
    {0x1F2C, 795, 1},
    {0x1F2D, 796, 1},
    {0x1F2E, 797, 1},
    {0x1F2F, 798, 1},
    {0x1F38, 799, 1},
    {0x1F39, 800, 1},
    {0x1F3A, 801, 1},
    {0x1F3B, 802, 1},
    {0x1F3C, 803, 1},
    {0x1F3D, 804, 1},
    {0x1F3E, 805, 1},
    {0x1F3F, 806, 1},
    {0x1F48, 807, 1},
    {0x1F49, 808, 1},
    {0x1F4A, 809, 1},
    {0x1F4B, 810, 1},
    {0x1F4C, 811, 1},
    {0x1F4D, 812, 1},
    {0x1F50, 813, 1},
    {0x1F52, 814, 1},
    {0x1F54, 815, 1},
    {0x1F56, 816, 1},
    {0x1F59, 817, 1},
    {0x1F5B, 818, 1},
    {0x1F5D, 819, 1},
    {0x1F5F, 820, 1},
    {0x1F68, 821, 1},
    {0x1F69, 822, 1},
    {0x1F6A, 823, 1},
    {0x1F6B, 824, 1},
    {0x1F6C, 825, 1},
    {0x1F6D, 826, 1},
    {0x1F6E, 827, 1},
    {0x1F6F, 828, 1},
    {0x1F80, 829, 1},
    {0x1F81, 830, 1},
    {0x1F82, 831, 1},
    {0x1F83, 832, 1},
    {0x1F84, 833, 1},
    {0x1F85, 834, 1},
    {0x1F86, 835, 1},
    {0x1F87, 836, 1},
    {0x1F88, 837, 1},
    {0x1F89, 838, 1},
    {0x1F8A, 839, 1},
    {0x1F8B, 840, 1},
    {0x1F8C, 841, 1},
    {0x1F8D, 842, 1},
    {0x1F8E, 843, 1},
    {0x1F8F, 844, 1},
    {0x1F90, 845, 1},
    {0x1F91, 846, 1},
    {0x1F92, 847, 1},
    {0x1F93, 848, 1},
    {0x1F94, 849, 1},
    {0x1F95, 850, 1},
    {0x1F96, 851, 1},
    {0x1F97, 852, 1},
    {0x1F98, 853, 1},
    {0x1F99, 854, 1},
    {0x1F9A, 855, 1},
    {0x1F9B, 856, 1},
    {0x1F9C, 857, 1},
    {0x1F9D, 858, 1},
    {0x1F9E, 859, 1},
    {0x1F9F, 860, 1},
    {0x1FA0, 861, 1},
    {0x1FA1, 862, 1},
    {0x1FA2, 863, 1},
    {0x1FA3, 864, 1},
    {0x1FA4, 865, 1},
    {0x1FA5, 866, 1},
    {0x1FA6, 867, 1},
    {0x1FA7, 868, 1},
    {0x1FA8, 869, 1},
    {0x1FA9, 870, 1},
    {0x1FAA, 871, 1},
    {0x1FAB, 872, 1},
    {0x1FAC, 873, 1},
    {0x1FAD, 874, 1},
    {0x1FAE, 875, 1},
    {0x1FAF, 876, 1},
    {0x1FB2, 877, 1},
    {0x1FB3, 878, 1},
    {0x1FB4, 879, 1},
    {0x1FB6, 880, 1},
    {0x1FB7, 881, 1},
    {0x1FB8, 882, 1},
    {0x1FB9, 883, 1},
    {0x1FBA, 884, 1},
    {0x1FBB, 885, 1},
    {0x1FBC, 886, 1},
    {0x1FC2, 887, 1},
    {0x1FC3, 888, 1},
    {0x1FC4, 889, 1},
    {0x1FC6, 890, 1},
    {0x1FC7, 891, 1},
    {0x1FC8, 892, 1},
    {0x1FC9, 893, 1},
    {0x1FCA, 894, 1},
    {0x1FCB, 895, 1},
    {0x1FCC, 896, 1},
    {0x1FD2, 897, 1},
    {0x1FD3, 898, 1},
    {0x1FD6, 899, 1},
    {0x1FD7, 900, 1},
    {0x1FD8, 901, 1},
    {0x1FD9, 902, 1},
    {0x1FDA, 903, 1},
    {0x1FDB, 904, 1},
    {0x1FE2, 905, 1},
    {0x1FE3, 906, 1},
    {0x1FE4, 907, 1},
    {0x1FE6, 908, 1},
    {0x1FE7, 909, 1},
    {0x1FE8, 910, 1},
    {0x1FE9, 911, 1},
    {0x1FEA, 912, 1},
    {0x1FEB, 913, 1},
    {0x1FEC, 914, 1},
    {0x1FF2, 915, 1},
    {0x1FF3, 916, 1},
    {0x1FF4, 917, 1},
    {0x1FF6, 918, 1},
    {0x1FF7, 919, 1},
    {0x1FF8, 920, 1},
    {0x1FF9, 921, 1},
    {0x1FFA, 922, 1},
    {0x1FFB, 923, 1},
    {0x1FFC, 924, 1},
    {0x2126, 925, 1},
    {0x212A, 926, 1},
    {0x212B, 927, 1},
    {0x2132, 928, 1},
    {0x2160, 929, 1},
    {0x2161, 930, 1},
    {0x2162, 931, 1},
    {0x2163, 932, 1},
    {0x2164, 933, 1},
    {0x2165, 934, 1},
    {0x2166, 935, 1},
    {0x2167, 936, 1},
    {0x2168, 937, 1},
    {0x2169, 938, 1},
    {0x216A, 939, 1},
    {0x216B, 940, 1},
    {0x216C, 941, 1},
    {0x216D, 942, 1},
    {0x216E, 943, 1},
    {0x216F, 944, 1},
    {0x2183, 945, 1},
    {0x24B6, 946, 1},
    {0x24B7, 947, 1},
    {0x24B8, 948, 1},
    {0x24B9, 949, 1},
    {0x24BA, 950, 1},
    {0x24BB, 951, 1},
    {0x24BC, 952, 1},
    {0x24BD, 953, 1},
    {0x24BE, 954, 1},
    {0x24BF, 955, 1},
    {0x24C0, 956, 1},
    {0x24C1, 957, 1},
    {0x24C2, 958, 1},
    {0x24C3, 959, 1},
    {0x24C4, 960, 1},
    {0x24C5, 961, 1},
    {0x24C6, 962, 1},
    {0x24C7, 963, 1},
    {0x24C8, 964, 1},
    {0x24C9, 965, 1},
    {0x24CA, 966, 1},
    {0x24CB, 967, 1},
    {0x24CC, 968, 1},
    {0x24CD, 969, 1},
    {0x24CE, 970, 1},
    {0x24CF, 971, 1},
    {0x2C00, 972, 1},
    {0x2C01, 973, 1},
    {0x2C02, 974, 1},
    {0x2C03, 975, 1},
    {0x2C04, 976, 1},
    {0x2C05, 977, 1},
    {0x2C06, 978, 1},
    {0x2C07, 979, 1},
    {0x2C08, 980, 1},
    {0x2C09, 981, 1},
    {0x2C0A, 982, 1},
    {0x2C0B, 983, 1},
    {0x2C0C, 984, 1},
    {0x2C0D, 985, 1},
    {0x2C0E, 986, 1},
    {0x2C0F, 987, 1},
    {0x2C10, 988, 1},
    {0x2C11, 989, 1},
    {0x2C12, 990, 1},
    {0x2C13, 991, 1},
    {0x2C14, 992, 1},
    {0x2C15, 993, 1},
    {0x2C16, 994, 1},
    {0x2C17, 995, 1},
    {0x2C18, 996, 1},
    {0x2C19, 997, 1},
    {0x2C1A, 998, 1},
    {0x2C1B, 999, 1},
    {0x2C1C, 1000, 1},
    {0x2C1D, 1001, 1},
    {0x2C1E, 1002, 1},
    {0x2C1F, 1003, 1},
    {0x2C20, 1004, 1},
    {0x2C21, 1005, 1},
    {0x2C22, 1006, 1},
    {0x2C23, 1007, 1},
    {0x2C24, 1008, 1},
    {0x2C25, 1009, 1},
    {0x2C26, 1010, 1},
    {0x2C27, 1011, 1},
    {0x2C28, 1012, 1},
    {0x2C29, 1013, 1},
    {0x2C2A, 1014, 1},
    {0x2C2B, 1015, 1},
    {0x2C2C, 1016, 1},
    {0x2C2D, 1017, 1},
    {0x2C2E, 1018, 1},
    {0x2C2F, 1019, 1},
    {0x2C60, 1020, 1},
    {0x2C62, 1021, 1},
    {0x2C63, 1022, 1},
    {0x2C64, 1023, 1},
    {0x2C67, 1024, 1},
    {0x2C69, 1025, 1},
    {0x2C6B, 1026, 1},
    {0x2C6D, 1027, 1},
    {0x2C6E, 1028, 1},
    {0x2C6F, 1029, 1},
    {0x2C70, 1030, 1},
    {0x2C72, 1031, 1},
    {0x2C75, 1032, 1},
    {0x2C7E, 1033, 1},
    {0x2C7F, 1034, 1},
    {0x2C80, 1035, 1},
    {0x2C82, 1036, 1},
    {0x2C84, 1037, 1},
    {0x2C86, 1038, 1},
    {0x2C88, 1039, 1},
    {0x2C8A, 1040, 1},
    {0x2C8C, 1041, 1},
    {0x2C8E, 1042, 1},
    {0x2C90, 1043, 1},
    {0x2C92, 1044, 1},
    {0x2C94, 1045, 1},
    {0x2C96, 1046, 1},
    {0x2C98, 1047, 1},
    {0x2C9A, 1048, 1},
    {0x2C9C, 1049, 1},
    {0x2C9E, 1050, 1},
    {0x2CA0, 1051, 1},
    {0x2CA2, 1052, 1},
    {0x2CA4, 1053, 1},
    {0x2CA6, 1054, 1},
    {0x2CA8, 1055, 1},
    {0x2CAA, 1056, 1},
    {0x2CAC, 1057, 1},
    {0x2CAE, 1058, 1},
    {0x2CB0, 1059, 1},
    {0x2CB2, 1060, 1},
    {0x2CB4, 1061, 1},
    {0x2CB6, 1062, 1},
    {0x2CB8, 1063, 1},
    {0x2CBA, 1064, 1},
    {0x2CBC, 1065, 1},
    {0x2CBE, 1066, 1},
    {0x2CC0, 1067, 1},
    {0x2CC2, 1068, 1},
    {0x2CC4, 1069, 1},
    {0x2CC6, 1070, 1},
    {0x2CC8, 1071, 1},
    {0x2CCA, 1072, 1},
    {0x2CCC, 1073, 1},
    {0x2CCE, 1074, 1},
    {0x2CD0, 1075, 1},
    {0x2CD2, 1076, 1},
    {0x2CD4, 1077, 1},
    {0x2CD6, 1078, 1},
    {0x2CD8, 1079, 1},
    {0x2CDA, 1080, 1},
    {0x2CDC, 1081, 1},
    {0x2CDE, 1082, 1},
    {0x2CE0, 1083, 1},
    {0x2CE2, 1084, 1},
    {0x2CEB, 1085, 1},
    {0x2CED, 1086, 1},
    {0x2CF2, 1087, 1},
    {0xA640, 1088, 1},
    {0xA642, 1089, 1},
    {0xA644, 1090, 1},
    {0xA646, 1091, 1},
    {0xA648, 1092, 1},
    {0xA64A, 1093, 1},
    {0xA64C, 1094, 1},
    {0xA64E, 1095, 1},
    {0xA650, 1096, 1},
    {0xA652, 1097, 1},
    {0xA654, 1098, 1},
    {0xA656, 1099, 1},
    {0xA658, 1100, 1},
    {0xA65A, 1101, 1},
    {0xA65C, 1102, 1},
    {0xA65E, 1103, 1},
    {0xA660, 1104, 1},
    {0xA662, 1105, 1},
    {0xA664, 1106, 1},
    {0xA666, 1107, 1},
    {0xA668, 1108, 1},
    {0xA66A, 1109, 1},
    {0xA66C, 1110, 1},
    {0xA680, 1111, 1},
    {0xA682, 1112, 1},
    {0xA684, 1113, 1},
    {0xA686, 1114, 1},
    {0xA688, 1115, 1},
    {0xA68A, 1116, 1},
    {0xA68C, 1117, 1},
    {0xA68E, 1118, 1},
    {0xA690, 1119, 1},
    {0xA692, 1120, 1},
    {0xA694, 1121, 1},
    {0xA696, 1122, 1},
    {0xA698, 1123, 1},
    {0xA69A, 1124, 1},
    {0xA722, 1125, 1},
    {0xA724, 1126, 1},
    {0xA726, 1127, 1},
    {0xA728, 1128, 1},
    {0xA72A, 1129, 1},
    {0xA72C, 1130, 1},
    {0xA72E, 1131, 1},
    {0xA732, 1132, 1},
    {0xA734, 1133, 1},
    {0xA736, 1134, 1},
    {0xA738, 1135, 1},
    {0xA73A, 1136, 1},
    {0xA73C, 1137, 1},
    {0xA73E, 1138, 1},
    {0xA740, 1139, 1},
    {0xA742, 1140, 1},
    {0xA744, 1141, 1},
    {0xA746, 1142, 1},
    {0xA748, 1143, 1},
    {0xA74A, 1144, 1},
    {0xA74C, 1145, 1},
    {0xA74E, 1146, 1},
    {0xA750, 1147, 1},
    {0xA752, 1148, 1},
    {0xA754, 1149, 1},
    {0xA756, 1150, 1},
    {0xA758, 1151, 1},
    {0xA75A, 1152, 1},
    {0xA75C, 1153, 1},
    {0xA75E, 1154, 1},
    {0xA760, 1155, 1},
    {0xA762, 1156, 1},
    {0xA764, 1157, 1},
    {0xA766, 1158, 1},
    {0xA768, 1159, 1},
    {0xA76A, 1160, 1},
    {0xA76C, 1161, 1},
    {0xA76E, 1162, 1},
    {0xA779, 1163, 1},
    {0xA77B, 1164, 1},
    {0xA77D, 1165, 1},
    {0xA77E, 1166, 1},
    {0xA780, 1167, 1},
    {0xA782, 1168, 1},
    {0xA784, 1169, 1},
    {0xA786, 1170, 1},
    {0xA78B, 1171, 1},
    {0xA78D, 1172, 1},
    {0xA790, 1173, 1},
    {0xA792, 1174, 1},
    {0xA796, 1175, 1},
    {0xA798, 1176, 1},
    {0xA79A, 1177, 1},
    {0xA79C, 1178, 1},
    {0xA79E, 1179, 1},
    {0xA7A0, 1180, 1},
    {0xA7A2, 1181, 1},
    {0xA7A4, 1182, 1},
    {0xA7A6, 1183, 1},
    {0xA7A8, 1184, 1},
    {0xA7AA, 1185, 1},
    {0xA7AB, 1186, 1},
    {0xA7AC, 1187, 1},
    {0xA7AD, 1188, 1},
    {0xA7AE, 1189, 1},
    {0xA7B0, 1190, 1},
    {0xA7B1, 1191, 1},
    {0xA7B2, 1192, 1},
    {0xA7B3, 1193, 1},
    {0xA7B4, 1194, 1},
    {0xA7B6, 1195, 1},
    {0xA7B8, 1196, 1},
    {0xA7BA, 1197, 1},
    {0xA7BC, 1198, 1},
    {0xA7BE, 1199, 1},
    {0xA7C0, 1200, 1},
    {0xA7C2, 1201, 1},
    {0xA7C4, 1202, 1},
    {0xA7C5, 1203, 1},
    {0xA7C6, 1204, 1},
    {0xA7C7, 1205, 1},
    {0xA7C9, 1206, 1},
    {0xA7D0, 1207, 1},
    {0xA7D6, 1208, 1},
    {0xA7D8, 1209, 1},
    {0xA7F5, 1210, 1},
    {0xFB00, 1211, 1},
    {0xFB01, 1212, 1},
    {0xFB02, 1213, 1},
    {0xFB03, 1214, 1},
    {0xFB04, 1215, 1},
    {0xFB05, 1216, 1},
    {0xFB06, 1217, 1},
    {0xFB13, 1218, 1},
    {0xFB14, 1219, 1},
    {0xFB15, 1220, 1},
    {0xFB16, 1221, 1},
    {0xFB17, 1222, 1},
    {0xFF21, 1223, 1},
    {0xFF22, 1224, 1},
    {0xFF23, 1225, 1},
    {0xFF24, 1226, 1},
    {0xFF25, 1227, 1},
    {0xFF26, 1228, 1},
    {0xFF27, 1229, 1},
    {0xFF28, 1230, 1},
    {0xFF29, 1231, 1},
    {0xFF2A, 1232, 1},
    {0xFF2B, 1233, 1},
    {0xFF2C, 1234, 1},
    {0xFF2D, 1235, 1},
    {0xFF2E, 1236, 1},
    {0xFF2F, 1237, 1},
    {0xFF30, 1238, 1},
    {0xFF31, 1239, 1},
    {0xFF32, 1240, 1},
    {0xFF33, 1241, 1},
    {0xFF34, 1242, 1},
    {0xFF35, 1243, 1},
    {0xFF36, 1244, 1},
    {0xFF37, 1245, 1},
    {0xFF38, 1246, 1},
    {0xFF39, 1247, 1},
    {0xFF3A, 1248, 1},
    {0x10400, 1249, 1},
    {0x10401, 1250, 1},
    {0x10402, 1251, 1},
    {0x10403, 1252, 1},
    {0x10404, 1253, 1},
    {0x10405, 1254, 1},
    {0x10406, 1255, 1},
    {0x10407, 1256, 1},
    {0x10408, 1257, 1},
    {0x10409, 1258, 1},
    {0x1040A, 1259, 1},
    {0x1040B, 1260, 1},
    {0x1040C, 1261, 1},
    {0x1040D, 1262, 1},
    {0x1040E, 1263, 1},
    {0x1040F, 1264, 1},
    {0x10410, 1265, 1},
    {0x10411, 1266, 1},
    {0x10412, 1267, 1},
    {0x10413, 1268, 1},
    {0x10414, 1269, 1},
    {0x10415, 1270, 1},
    {0x10416, 1271, 1},
    {0x10417, 1272, 1},
    {0x10418, 1273, 1},
    {0x10419, 1274, 1},
    {0x1041A, 1275, 1},
    {0x1041B, 1276, 1},
    {0x1041C, 1277, 1},
    {0x1041D, 1278, 1},
    {0x1041E, 1279, 1},
    {0x1041F, 1280, 1},
    {0x10420, 1281, 1},
    {0x10421, 1282, 1},
    {0x10422, 1283, 1},
    {0x10423, 1284, 1},
    {0x10424, 1285, 1},
    {0x10425, 1286, 1},
    {0x10426, 1287, 1},
    {0x10427, 1288, 1},
    {0x104B0, 1289, 1},
    {0x104B1, 1290, 1},
    {0x104B2, 1291, 1},
    {0x104B3, 1292, 1},
    {0x104B4, 1293, 1},
    {0x104B5, 1294, 1},
    {0x104B6, 1295, 1},
    {0x104B7, 1296, 1},
    {0x104B8, 1297, 1},
    {0x104B9, 1298, 1},
    {0x104BA, 1299, 1},
    {0x104BB, 1300, 1},
    {0x104BC, 1301, 1},
    {0x104BD, 1302, 1},
    {0x104BE, 1303, 1},
    {0x104BF, 1304, 1},
    {0x104C0, 1305, 1},
    {0x104C1, 1306, 1},
    {0x104C2, 1307, 1},
    {0x104C3, 1308, 1},
    {0x104C4, 1309, 1},
    {0x104C5, 1310, 1},
    {0x104C6, 1311, 1},
    {0x104C7, 1312, 1},
    {0x104C8, 1313, 1},
    {0x104C9, 1314, 1},
    {0x104CA, 1315, 1},
    {0x104CB, 1316, 1},
    {0x104CC, 1317, 1},
    {0x104CD, 1318, 1},
    {0x104CE, 1319, 1},
    {0x104CF, 1320, 1},
    {0x104D0, 1321, 1},
    {0x104D1, 1322, 1},
    {0x104D2, 1323, 1},
    {0x104D3, 1324, 1},
    {0x10570, 1325, 1},
    {0x10571, 1326, 1},
    {0x10572, 1327, 1},
    {0x10573, 1328, 1},
    {0x10574, 1329, 1},
    {0x10575, 1330, 1},
    {0x10576, 1331, 1},
    {0x10577, 1332, 1},
    {0x10578, 1333, 1},
    {0x10579, 1334, 1},
    {0x1057A, 1335, 1},
    {0x1057C, 1336, 1},
    {0x1057D, 1337, 1},
    {0x1057E, 1338, 1},
    {0x1057F, 1339, 1},
    {0x10580, 1340, 1},
    {0x10581, 1341, 1},
    {0x10582, 1342, 1},
    {0x10583, 1343, 1},
    {0x10584, 1344, 1},
    {0x10585, 1345, 1},
    {0x10586, 1346, 1},
    {0x10587, 1347, 1},
    {0x10588, 1348, 1},
    {0x10589, 1349, 1},
    {0x1058A, 1350, 1},
    {0x1058C, 1351, 1},
    {0x1058D, 1352, 1},
    {0x1058E, 1353, 1},
    {0x1058F, 1354, 1},
    {0x10590, 1355, 1},
    {0x10591, 1356, 1},
    {0x10592, 1357, 1},
    {0x10594, 1358, 1},
    {0x10595, 1359, 1},
    {0x10C80, 1360, 1},
    {0x10C81, 1361, 1},
    {0x10C82, 1362, 1},
    {0x10C83, 1363, 1},
    {0x10C84, 1364, 1},
    {0x10C85, 1365, 1},
    {0x10C86, 1366, 1},
    {0x10C87, 1367, 1},
    {0x10C88, 1368, 1},
    {0x10C89, 1369, 1},
    {0x10C8A, 1370, 1},
    {0x10C8B, 1371, 1},
    {0x10C8C, 1372, 1},
    {0x10C8D, 1373, 1},
    {0x10C8E, 1374, 1},
    {0x10C8F, 1375, 1},
    {0x10C90, 1376, 1},
    {0x10C91, 1377, 1},
    {0x10C92, 1378, 1},
    {0x10C93, 1379, 1},
    {0x10C94, 1380, 1},
    {0x10C95, 1381, 1},
    {0x10C96, 1382, 1},
    {0x10C97, 1383, 1},
    {0x10C98, 1384, 1},
    {0x10C99, 1385, 1},
    {0x10C9A, 1386, 1},
    {0x10C9B, 1387, 1},
    {0x10C9C, 1388, 1},
    {0x10C9D, 1389, 1},
    {0x10C9E, 1390, 1},
    {0x10C9F, 1391, 1},
    {0x10CA0, 1392, 1},
    {0x10CA1, 1393, 1},
    {0x10CA2, 1394, 1},
    {0x10CA3, 1395, 1},
    {0x10CA4, 1396, 1},
    {0x10CA5, 1397, 1},
    {0x10CA6, 1398, 1},
    {0x10CA7, 1399, 1},
    {0x10CA8, 1400, 1},
    {0x10CA9, 1401, 1},
    {0x10CAA, 1402, 1},
    {0x10CAB, 1403, 1},
    {0x10CAC, 1404, 1},
    {0x10CAD, 1405, 1},
    {0x10CAE, 1406, 1},
    {0x10CAF, 1407, 1},
    {0x10CB0, 1408, 1},
    {0x10CB1, 1409, 1},
    {0x10CB2, 1410, 1},
    {0x118A0, 1411, 1},
    {0x118A1, 1412, 1},
    {0x118A2, 1413, 1},
    {0x118A3, 1414, 1},
    {0x118A4, 1415, 1},
    {0x118A5, 1416, 1},
    {0x118A6, 1417, 1},
    {0x118A7, 1418, 1},
    {0x118A8, 1419, 1},
    {0x118A9, 1420, 1},
    {0x118AA, 1421, 1},
    {0x118AB, 1422, 1},
    {0x118AC, 1423, 1},
    {0x118AD, 1424, 1},
    {0x118AE, 1425, 1},
    {0x118AF, 1426, 1},
    {0x118B0, 1427, 1},
    {0x118B1, 1428, 1},
    {0x118B2, 1429, 1},
    {0x118B3, 1430, 1},
    {0x118B4, 1431, 1},
    {0x118B5, 1432, 1},
    {0x118B6, 1433, 1},
    {0x118B7, 1434, 1},
    {0x118B8, 1435, 1},
    {0x118B9, 1436, 1},
    {0x118BA, 1437, 1},
    {0x118BB, 1438, 1},
    {0x118BC, 1439, 1},
    {0x118BD, 1440, 1},
    {0x118BE, 1441, 1},
    {0x118BF, 1442, 1},
    {0x16E40, 1443, 1},
    {0x16E41, 1444, 1},
    {0x16E42, 1445, 1},
    {0x16E43, 1446, 1},
    {0x16E44, 1447, 1},
    {0x16E45, 1448, 1},
    {0x16E46, 1449, 1},
    {0x16E47, 1450, 1},
    {0x16E48, 1451, 1},
    {0x16E49, 1452, 1},
    {0x16E4A, 1453, 1},
    {0x16E4B, 1454, 1},
    {0x16E4C, 1455, 1},
    {0x16E4D, 1456, 1},
    {0x16E4E, 1457, 1},
    {0x16E4F, 1458, 1},
    {0x16E50, 1459, 1},
    {0x16E51, 1460, 1},
    {0x16E52, 1461, 1},
    {0x16E53, 1462, 1},
    {0x16E54, 1463, 1},
    {0x16E55, 1464, 1},
    {0x16E56, 1465, 1},
    {0x16E57, 1466, 1},
    {0x16E58, 1467, 1},
    {0x16E59, 1468, 1},
    {0x16E5A, 1469, 1},
    {0x16E5B, 1470, 1},
    {0x16E5C, 1471, 1},
    {0x16E5D, 1472, 1},
    {0x16E5E, 1473, 1},
    {0x16E5F, 1474, 1},
    {0x1E900, 1475, 1},
    {0x1E901, 1476, 1},
    {0x1E902, 1477, 1},
    {0x1E903, 1478, 1},
    {0x1E904, 1479, 1},
    {0x1E905, 1480, 1},
    {0x1E906, 1481, 1},
    {0x1E907, 1482, 1},
    {0x1E908, 1483, 1},
    {0x1E909, 1484, 1},
    {0x1E90A, 1485, 1},
    {0x1E90B, 1486, 1},
    {0x1E90C, 1487, 1},
    {0x1E90D, 1488, 1},
    {0x1E90E, 1489, 1},
    {0x1E90F, 1490, 1},
    {0x1E910, 1491, 1},
    {0x1E911, 1492, 1},
    {0x1E912, 1493, 1},
    {0x1E913, 1494, 1},
    {0x1E914, 1495, 1},
    {0x1E915, 1496, 1},
    {0x1E916, 1497, 1},
    {0x1E917, 1498, 1},
    {0x1E918, 1499, 1},
    {0x1E919, 1500, 1},
    {0x1E91A, 1501, 1},
    {0x1E91B, 1502, 1},
    {0x1E91C, 1503, 1},
    {0x1E91D, 1504, 1},
    {0x1E91E, 1505, 1},
    {0x1E91F, 1506, 1},
    {0x1E920, 1507, 1},
    {0x1E921, 1508, 1},
};

#define UNICODE_FULL_TITLE_COUNT 1530
#define UNICODE_FULL_TITLE_DATA_COUNT 1594
static const uint32_t unicode_full_title_data[] = {
    0x0041, 0x0042, 0x0043, 0x0044, 0x0045, 0x0046, 0x0047, 0x0048,
    0x0049, 0x004A, 0x004B, 0x004C, 0x004D, 0x004E, 0x004F, 0x0050,
    0x0051, 0x0052, 0x0053, 0x0054, 0x0055, 0x0056, 0x0057, 0x0058,
    0x0059, 0x005A, 0x039C, 0x0053, 0x0073, 0x00C0, 0x00C1, 0x00C2,
    0x00C3, 0x00C4, 0x00C5, 0x00C6, 0x00C7, 0x00C8, 0x00C9, 0x00CA,
    0x00CB, 0x00CC, 0x00CD, 0x00CE, 0x00CF, 0x00D0, 0x00D1, 0x00D2,
    0x00D3, 0x00D4, 0x00D5, 0x00D6, 0x00D8, 0x00D9, 0x00DA, 0x00DB,
    0x00DC, 0x00DD, 0x00DE, 0x0178, 0x0100, 0x0102, 0x0104, 0x0106,
    0x0108, 0x010A, 0x010C, 0x010E, 0x0110, 0x0112, 0x0114, 0x0116,
    0x0118, 0x011A, 0x011C, 0x011E, 0x0120, 0x0122, 0x0124, 0x0126,
    0x0128, 0x012A, 0x012C, 0x012E, 0x0130, 0x0049, 0x0132, 0x0134,
    0x0136, 0x0139, 0x013B, 0x013D, 0x013F, 0x0141, 0x0143, 0x0145,
    0x0147, 0x02BC, 0x004E, 0x014A, 0x014C, 0x014E, 0x0150, 0x0152,
    0x0154, 0x0156, 0x0158, 0x015A, 0x015C, 0x015E, 0x0160, 0x0162,
    0x0164, 0x0166, 0x0168, 0x016A, 0x016C, 0x016E, 0x0170, 0x0172,
    0x0174, 0x0176, 0x0179, 0x017B, 0x017D, 0x0053, 0x0243, 0x0182,
    0x0184, 0x0187, 0x018B, 0x0191, 0x01F6, 0x0198, 0x023D, 0x0220,
    0x01A0, 0x01A2, 0x01A4, 0x01A7, 0x01AC, 0x01AF, 0x01B3, 0x01B5,
    0x01B8, 0x01BC, 0x01F7, 0x01C5, 0x01C5, 0x01C5, 0x01C8, 0x01C8,
    0x01C8, 0x01CB, 0x01CB, 0x01CB, 0x01CD, 0x01CF, 0x01D1, 0x01D3,
    0x01D5, 0x01D7, 0x01D9, 0x01DB, 0x018E, 0x01DE, 0x01E0, 0x01E2,
    0x01E4, 0x01E6, 0x01E8, 0x01EA, 0x01EC, 0x01EE, 0x004A, 0x030C,
    0x01F2, 0x01F2, 0x01F2, 0x01F4, 0x01F8, 0x01FA, 0x01FC, 0x01FE,
    0x0200, 0x0202, 0x0204, 0x0206, 0x0208, 0x020A, 0x020C, 0x020E,
    0x0210, 0x0212, 0x0214, 0x0216, 0x0218, 0x021A, 0x021C, 0x021E,
    0x0222, 0x0224, 0x0226, 0x0228, 0x022A, 0x022C, 0x022E, 0x0230,
    0x0232, 0x023B, 0x2C7E, 0x2C7F, 0x0241, 0x0246, 0x0248, 0x024A,
    0x024C, 0x024E, 0x2C6F, 0x2C6D, 0x2C70, 0x0181, 0x0186, 0x0189,
    0x018A, 0x018F, 0x0190, 0xA7AB, 0x0193, 0xA7AC, 0x0194, 0xA78D,
    0xA7AA, 0x0197, 0x0196, 0xA7AE, 0x2C62, 0xA7AD, 0x019C, 0x2C6E,
    0x019D, 0x019F, 0x2C64, 0x01A6, 0xA7C5, 0x01A9, 0xA7B1, 0x01AE,
    0x0244, 0x01B1, 0x01B2, 0x0245, 0x01B7, 0xA7B2, 0xA7B0, 0x0399,
    0x0370, 0x0372, 0x0376, 0x03FD, 0x03FE, 0x03FF, 0x0399, 0x0308,
    0x0301, 0x0386, 0x0388, 0x0389, 0x038A, 0x03A5, 0x0308, 0x0301,
    0x0391, 0x0392, 0x0393, 0x0394, 0x0395, 0x0396, 0x0397, 0x0398,
    0x0399, 0x039A, 0x039B, 0x039C, 0x039D, 0x039E, 0x039F, 0x03A0,
    0x03A1, 0x03A3, 0x03A3, 0x03A4, 0x03A5, 0x03A6, 0x03A7, 0x03A8,
    0x03A9, 0x03AA, 0x03AB, 0x038C, 0x038E, 0x038F, 0x0392, 0x0398,
    0x03A6, 0x03A0, 0x03CF, 0x03D8, 0x03DA, 0x03DC, 0x03DE, 0x03E0,
    0x03E2, 0x03E4, 0x03E6, 0x03E8, 0x03EA, 0x03EC, 0x03EE, 0x039A,
    0x03A1, 0x03F9, 0x037F, 0x0395, 0x03F7, 0x03FA, 0x0410, 0x0411,
    0x0412, 0x0413, 0x0414, 0x0415, 0x0416, 0x0417, 0x0418, 0x0419,
    0x041A, 0x041B, 0x041C, 0x041D, 0x041E, 0x041F, 0x0420, 0x0421,
    0x0422, 0x0423, 0x0424, 0x0425, 0x0426, 0x0427, 0x0428, 0x0429,
    0x042A, 0x042B, 0x042C, 0x042D, 0x042E, 0x042F, 0x0400, 0x0401,
    0x0402, 0x0403, 0x0404, 0x0405, 0x0406, 0x0407, 0x0408, 0x0409,
    0x040A, 0x040B, 0x040C, 0x040D, 0x040E, 0x040F, 0x0460, 0x0462,
    0x0464, 0x0466, 0x0468, 0x046A, 0x046C, 0x046E, 0x0470, 0x0472,
    0x0474, 0x0476, 0x0478, 0x047A, 0x047C, 0x047E, 0x0480, 0x048A,
    0x048C, 0x048E, 0x0490, 0x0492, 0x0494, 0x0496, 0x0498, 0x049A,
    0x049C, 0x049E, 0x04A0, 0x04A2, 0x04A4, 0x04A6, 0x04A8, 0x04AA,
    0x04AC, 0x04AE, 0x04B0, 0x04B2, 0x04B4, 0x04B6, 0x04B8, 0x04BA,
    0x04BC, 0x04BE, 0x04C1, 0x04C3, 0x04C5, 0x04C7, 0x04C9, 0x04CB,
    0x04CD, 0x04C0, 0x04D0, 0x04D2, 0x04D4, 0x04D6, 0x04D8, 0x04DA,
    0x04DC, 0x04DE, 0x04E0, 0x04E2, 0x04E4, 0x04E6, 0x04E8, 0x04EA,
    0x04EC, 0x04EE, 0x04F0, 0x04F2, 0x04F4, 0x04F6, 0x04F8, 0x04FA,
    0x04FC, 0x04FE, 0x0500, 0x0502, 0x0504, 0x0506, 0x0508, 0x050A,
    0x050C, 0x050E, 0x0510, 0x0512, 0x0514, 0x0516, 0x0518, 0x051A,
    0x051C, 0x051E, 0x0520, 0x0522, 0x0524, 0x0526, 0x0528, 0x052A,
    0x052C, 0x052E, 0x0531, 0x0532, 0x0533, 0x0534, 0x0535, 0x0536,
    0x0537, 0x0538, 0x0539, 0x053A, 0x053B, 0x053C, 0x053D, 0x053E,
    0x053F, 0x0540, 0x0541, 0x0542, 0x0543, 0x0544, 0x0545, 0x0546,
    0x0547, 0x0548, 0x0549, 0x054A, 0x054B, 0x054C, 0x054D, 0x054E,
    0x054F, 0x0550, 0x0551, 0x0552, 0x0553, 0x0554, 0x0555, 0x0556,
    0x0535, 0x0582, 0x10D0, 0x10D1, 0x10D2, 0x10D3, 0x10D4, 0x10D5,
    0x10D6, 0x10D7, 0x10D8, 0x10D9, 0x10DA, 0x10DB, 0x10DC, 0x10DD,
    0x10DE, 0x10DF, 0x10E0, 0x10E1, 0x10E2, 0x10E3, 0x10E4, 0x10E5,
    0x10E6, 0x10E7, 0x10E8, 0x10E9, 0x10EA, 0x10EB, 0x10EC, 0x10ED,
    0x10EE, 0x10EF, 0x10F0, 0x10F1, 0x10F2, 0x10F3, 0x10F4, 0x10F5,
    0x10F6, 0x10F7, 0x10F8, 0x10F9, 0x10FA, 0x10FD, 0x10FE, 0x10FF,
    0x13F0, 0x13F1, 0x13F2, 0x13F3, 0x13F4, 0x13F5, 0x0412, 0x0414,
    0x041E, 0x0421, 0x0422, 0x0422, 0x042A, 0x0462, 0xA64A, 0xA77D,
    0x2C63, 0xA7C6, 0x1E00, 0x1E02, 0x1E04, 0x1E06, 0x1E08, 0x1E0A,
    0x1E0C, 0x1E0E, 0x1E10, 0x1E12, 0x1E14, 0x1E16, 0x1E18, 0x1E1A,
    0x1E1C, 0x1E1E, 0x1E20, 0x1E22, 0x1E24, 0x1E26, 0x1E28, 0x1E2A,
    0x1E2C, 0x1E2E, 0x1E30, 0x1E32, 0x1E34, 0x1E36, 0x1E38, 0x1E3A,
    0x1E3C, 0x1E3E, 0x1E40, 0x1E42, 0x1E44, 0x1E46, 0x1E48, 0x1E4A,
    0x1E4C, 0x1E4E, 0x1E50, 0x1E52, 0x1E54, 0x1E56, 0x1E58, 0x1E5A,
    0x1E5C, 0x1E5E, 0x1E60, 0x1E62, 0x1E64, 0x1E66, 0x1E68, 0x1E6A,
    0x1E6C, 0x1E6E, 0x1E70, 0x1E72, 0x1E74, 0x1E76, 0x1E78, 0x1E7A,
    0x1E7C, 0x1E7E, 0x1E80, 0x1E82, 0x1E84, 0x1E86, 0x1E88, 0x1E8A,
    0x1E8C, 0x1E8E, 0x1E90, 0x1E92, 0x1E94, 0x0048, 0x0331, 0x0054,
    0x0308, 0x0057, 0x030A, 0x0059, 0x030A, 0x0041, 0x02BE, 0x1E60,
    0x1EA0, 0x1EA2, 0x1EA4, 0x1EA6, 0x1EA8, 0x1EAA, 0x1EAC, 0x1EAE,
    0x1EB0, 0x1EB2, 0x1EB4, 0x1EB6, 0x1EB8, 0x1EBA, 0x1EBC, 0x1EBE,
    0x1EC0, 0x1EC2, 0x1EC4, 0x1EC6, 0x1EC8, 0x1ECA, 0x1ECC, 0x1ECE,
    0x1ED0, 0x1ED2, 0x1ED4, 0x1ED6, 0x1ED8, 0x1EDA, 0x1EDC, 0x1EDE,
    0x1EE0, 0x1EE2, 0x1EE4, 0x1EE6, 0x1EE8, 0x1EEA, 0x1EEC, 0x1EEE,
    0x1EF0, 0x1EF2, 0x1EF4, 0x1EF6, 0x1EF8, 0x1EFA, 0x1EFC, 0x1EFE,
    0x1F08, 0x1F09, 0x1F0A, 0x1F0B, 0x1F0C, 0x1F0D, 0x1F0E, 0x1F0F,
    0x1F18, 0x1F19, 0x1F1A, 0x1F1B, 0x1F1C, 0x1F1D, 0x1F28, 0x1F29,
    0x1F2A, 0x1F2B, 0x1F2C, 0x1F2D, 0x1F2E, 0x1F2F, 0x1F38, 0x1F39,
    0x1F3A, 0x1F3B, 0x1F3C, 0x1F3D, 0x1F3E, 0x1F3F, 0x1F48, 0x1F49,
    0x1F4A, 0x1F4B, 0x1F4C, 0x1F4D, 0x03A5, 0x0313, 0x1F59, 0x03A5,
    0x0313, 0x0300, 0x1F5B, 0x03A5, 0x0313, 0x0301, 0x1F5D, 0x03A5,
    0x0313, 0x0342, 0x1F5F, 0x1F68, 0x1F69, 0x1F6A, 0x1F6B, 0x1F6C,
    0x1F6D, 0x1F6E, 0x1F6F, 0x1FBA, 0x1FBB, 0x1FC8, 0x1FC9, 0x1FCA,
    0x1FCB, 0x1FDA, 0x1FDB, 0x1FF8, 0x1FF9, 0x1FEA, 0x1FEB, 0x1FFA,
    0x1FFB, 0x1F88, 0x1F89, 0x1F8A, 0x1F8B, 0x1F8C, 0x1F8D, 0x1F8E,
    0x1F8F, 0x1F88, 0x1F89, 0x1F8A, 0x1F8B, 0x1F8C, 0x1F8D, 0x1F8E,
    0x1F8F, 0x1F98, 0x1F99, 0x1F9A, 0x1F9B, 0x1F9C, 0x1F9D, 0x1F9E,
    0x1F9F, 0x1F98, 0x1F99, 0x1F9A, 0x1F9B, 0x1F9C, 0x1F9D, 0x1F9E,
    0x1F9F, 0x1FA8, 0x1FA9, 0x1FAA, 0x1FAB, 0x1FAC, 0x1FAD, 0x1FAE,
    0x1FAF, 0x1FA8, 0x1FA9, 0x1FAA, 0x1FAB, 0x1FAC, 0x1FAD, 0x1FAE,
    0x1FAF, 0x1FB8, 0x1FB9, 0x1FBA, 0x0345, 0x1FBC, 0x0386, 0x0345,
    0x0391, 0x0342, 0x0391, 0x0342, 0x0345, 0x1FBC, 0x0399, 0x1FCA,
    0x0345, 0x1FCC, 0x0389, 0x0345, 0x0397, 0x0342, 0x0397, 0x0342,
    0x0345, 0x1FCC, 0x1FD8, 0x1FD9, 0x0399, 0x0308, 0x0300, 0x0399,
    0x0308, 0x0301, 0x0399, 0x0342, 0x0399, 0x0308, 0x0342, 0x1FE8,
    0x1FE9, 0x03A5, 0x0308, 0x0300, 0x03A5, 0x0308, 0x0301, 0x03A1,
    0x0313, 0x1FEC, 0x03A5, 0x0342, 0x03A5, 0x0308, 0x0342, 0x1FFA,
    0x0345, 0x1FFC, 0x038F, 0x0345, 0x03A9, 0x0342, 0x03A9, 0x0342,
    0x0345, 0x1FFC, 0x2132, 0x2160, 0x2161, 0x2162, 0x2163, 0x2164,
    0x2165, 0x2166, 0x2167, 0x2168, 0x2169, 0x216A, 0x216B, 0x216C,
    0x216D, 0x216E, 0x216F, 0x2183, 0x24B6, 0x24B7, 0x24B8, 0x24B9,
    0x24BA, 0x24BB, 0x24BC, 0x24BD, 0x24BE, 0x24BF, 0x24C0, 0x24C1,
    0x24C2, 0x24C3, 0x24C4, 0x24C5, 0x24C6, 0x24C7, 0x24C8, 0x24C9,
    0x24CA, 0x24CB, 0x24CC, 0x24CD, 0x24CE, 0x24CF, 0x2C00, 0x2C01,
    0x2C02, 0x2C03, 0x2C04, 0x2C05, 0x2C06, 0x2C07, 0x2C08, 0x2C09,
    0x2C0A, 0x2C0B, 0x2C0C, 0x2C0D, 0x2C0E, 0x2C0F, 0x2C10, 0x2C11,
    0x2C12, 0x2C13, 0x2C14, 0x2C15, 0x2C16, 0x2C17, 0x2C18, 0x2C19,
    0x2C1A, 0x2C1B, 0x2C1C, 0x2C1D, 0x2C1E, 0x2C1F, 0x2C20, 0x2C21,
    0x2C22, 0x2C23, 0x2C24, 0x2C25, 0x2C26, 0x2C27, 0x2C28, 0x2C29,
    0x2C2A, 0x2C2B, 0x2C2C, 0x2C2D, 0x2C2E, 0x2C2F, 0x2C60, 0x023A,
    0x023E, 0x2C67, 0x2C69, 0x2C6B, 0x2C72, 0x2C75, 0x2C80, 0x2C82,
    0x2C84, 0x2C86, 0x2C88, 0x2C8A, 0x2C8C, 0x2C8E, 0x2C90, 0x2C92,
    0x2C94, 0x2C96, 0x2C98, 0x2C9A, 0x2C9C, 0x2C9E, 0x2CA0, 0x2CA2,
    0x2CA4, 0x2CA6, 0x2CA8, 0x2CAA, 0x2CAC, 0x2CAE, 0x2CB0, 0x2CB2,
    0x2CB4, 0x2CB6, 0x2CB8, 0x2CBA, 0x2CBC, 0x2CBE, 0x2CC0, 0x2CC2,
    0x2CC4, 0x2CC6, 0x2CC8, 0x2CCA, 0x2CCC, 0x2CCE, 0x2CD0, 0x2CD2,
    0x2CD4, 0x2CD6, 0x2CD8, 0x2CDA, 0x2CDC, 0x2CDE, 0x2CE0, 0x2CE2,
    0x2CEB, 0x2CED, 0x2CF2, 0x10A0, 0x10A1, 0x10A2, 0x10A3, 0x10A4,
    0x10A5, 0x10A6, 0x10A7, 0x10A8, 0x10A9, 0x10AA, 0x10AB, 0x10AC,
    0x10AD, 0x10AE, 0x10AF, 0x10B0, 0x10B1, 0x10B2, 0x10B3, 0x10B4,
    0x10B5, 0x10B6, 0x10B7, 0x10B8, 0x10B9, 0x10BA, 0x10BB, 0x10BC,
    0x10BD, 0x10BE, 0x10BF, 0x10C0, 0x10C1, 0x10C2, 0x10C3, 0x10C4,
    0x10C5, 0x10C7, 0x10CD, 0xA640, 0xA642, 0xA644, 0xA646, 0xA648,
    0xA64A, 0xA64C, 0xA64E, 0xA650, 0xA652, 0xA654, 0xA656, 0xA658,
    0xA65A, 0xA65C, 0xA65E, 0xA660, 0xA662, 0xA664, 0xA666, 0xA668,
    0xA66A, 0xA66C, 0xA680, 0xA682, 0xA684, 0xA686, 0xA688, 0xA68A,
    0xA68C, 0xA68E, 0xA690, 0xA692, 0xA694, 0xA696, 0xA698, 0xA69A,
    0xA722, 0xA724, 0xA726, 0xA728, 0xA72A, 0xA72C, 0xA72E, 0xA732,
    0xA734, 0xA736, 0xA738, 0xA73A, 0xA73C, 0xA73E, 0xA740, 0xA742,
    0xA744, 0xA746, 0xA748, 0xA74A, 0xA74C, 0xA74E, 0xA750, 0xA752,
    0xA754, 0xA756, 0xA758, 0xA75A, 0xA75C, 0xA75E, 0xA760, 0xA762,
    0xA764, 0xA766, 0xA768, 0xA76A, 0xA76C, 0xA76E, 0xA779, 0xA77B,
    0xA77E, 0xA780, 0xA782, 0xA784, 0xA786, 0xA78B, 0xA790, 0xA792,
    0xA7C4, 0xA796, 0xA798, 0xA79A, 0xA79C, 0xA79E, 0xA7A0, 0xA7A2,
    0xA7A4, 0xA7A6, 0xA7A8, 0xA7B4, 0xA7B6, 0xA7B8, 0xA7BA, 0xA7BC,
    0xA7BE, 0xA7C0, 0xA7C2, 0xA7C7, 0xA7C9, 0xA7D0, 0xA7D6, 0xA7D8,
    0xA7F5, 0xA7B3, 0x13A0, 0x13A1, 0x13A2, 0x13A3, 0x13A4, 0x13A5,
    0x13A6, 0x13A7, 0x13A8, 0x13A9, 0x13AA, 0x13AB, 0x13AC, 0x13AD,
    0x13AE, 0x13AF, 0x13B0, 0x13B1, 0x13B2, 0x13B3, 0x13B4, 0x13B5,
    0x13B6, 0x13B7, 0x13B8, 0x13B9, 0x13BA, 0x13BB, 0x13BC, 0x13BD,
    0x13BE, 0x13BF, 0x13C0, 0x13C1, 0x13C2, 0x13C3, 0x13C4, 0x13C5,
    0x13C6, 0x13C7, 0x13C8, 0x13C9, 0x13CA, 0x13CB, 0x13CC, 0x13CD,
    0x13CE, 0x13CF, 0x13D0, 0x13D1, 0x13D2, 0x13D3, 0x13D4, 0x13D5,
    0x13D6, 0x13D7, 0x13D8, 0x13D9, 0x13DA, 0x13DB, 0x13DC, 0x13DD,
    0x13DE, 0x13DF, 0x13E0, 0x13E1, 0x13E2, 0x13E3, 0x13E4, 0x13E5,
    0x13E6, 0x13E7, 0x13E8, 0x13E9, 0x13EA, 0x13EB, 0x13EC, 0x13ED,
    0x13EE, 0x13EF, 0x0046, 0x0066, 0x0046, 0x0069, 0x0046, 0x006C,
    0x0046, 0x0066, 0x0069, 0x0046, 0x0066, 0x006C, 0x0053, 0x0074,
    0x0053, 0x0074, 0x0544, 0x0576, 0x0544, 0x0565, 0x0544, 0x056B,
    0x054E, 0x0576, 0x0544, 0x056D, 0xFF21, 0xFF22, 0xFF23, 0xFF24,
    0xFF25, 0xFF26, 0xFF27, 0xFF28, 0xFF29, 0xFF2A, 0xFF2B, 0xFF2C,
    0xFF2D, 0xFF2E, 0xFF2F, 0xFF30, 0xFF31, 0xFF32, 0xFF33, 0xFF34,
    0xFF35, 0xFF36, 0xFF37, 0xFF38, 0xFF39, 0xFF3A, 0x10400, 0x10401,
    0x10402, 0x10403, 0x10404, 0x10405, 0x10406, 0x10407, 0x10408, 0x10409,
    0x1040A, 0x1040B, 0x1040C, 0x1040D, 0x1040E, 0x1040F, 0x10410, 0x10411,
    0x10412, 0x10413, 0x10414, 0x10415, 0x10416, 0x10417, 0x10418, 0x10419,
    0x1041A, 0x1041B, 0x1041C, 0x1041D, 0x1041E, 0x1041F, 0x10420, 0x10421,
    0x10422, 0x10423, 0x10424, 0x10425, 0x10426, 0x10427, 0x104B0, 0x104B1,
    0x104B2, 0x104B3, 0x104B4, 0x104B5, 0x104B6, 0x104B7, 0x104B8, 0x104B9,
    0x104BA, 0x104BB, 0x104BC, 0x104BD, 0x104BE, 0x104BF, 0x104C0, 0x104C1,
    0x104C2, 0x104C3, 0x104C4, 0x104C5, 0x104C6, 0x104C7, 0x104C8, 0x104C9,
    0x104CA, 0x104CB, 0x104CC, 0x104CD, 0x104CE, 0x104CF, 0x104D0, 0x104D1,
    0x104D2, 0x104D3, 0x10570, 0x10571, 0x10572, 0x10573, 0x10574, 0x10575,
    0x10576, 0x10577, 0x10578, 0x10579, 0x1057A, 0x1057C, 0x1057D, 0x1057E,
    0x1057F, 0x10580, 0x10581, 0x10582, 0x10583, 0x10584, 0x10585, 0x10586,
    0x10587, 0x10588, 0x10589, 0x1058A, 0x1058C, 0x1058D, 0x1058E, 0x1058F,
    0x10590, 0x10591, 0x10592, 0x10594, 0x10595, 0x10C80, 0x10C81, 0x10C82,
    0x10C83, 0x10C84, 0x10C85, 0x10C86, 0x10C87, 0x10C88, 0x10C89, 0x10C8A,
    0x10C8B, 0x10C8C, 0x10C8D, 0x10C8E, 0x10C8F, 0x10C90, 0x10C91, 0x10C92,
    0x10C93, 0x10C94, 0x10C95, 0x10C96, 0x10C97, 0x10C98, 0x10C99, 0x10C9A,
    0x10C9B, 0x10C9C, 0x10C9D, 0x10C9E, 0x10C9F, 0x10CA0, 0x10CA1, 0x10CA2,
    0x10CA3, 0x10CA4, 0x10CA5, 0x10CA6, 0x10CA7, 0x10CA8, 0x10CA9, 0x10CAA,
    0x10CAB, 0x10CAC, 0x10CAD, 0x10CAE, 0x10CAF, 0x10CB0, 0x10CB1, 0x10CB2,
    0x118A0, 0x118A1, 0x118A2, 0x118A3, 0x118A4, 0x118A5, 0x118A6, 0x118A7,
    0x118A8, 0x118A9, 0x118AA, 0x118AB, 0x118AC, 0x118AD, 0x118AE, 0x118AF,
    0x118B0, 0x118B1, 0x118B2, 0x118B3, 0x118B4, 0x118B5, 0x118B6, 0x118B7,
    0x118B8, 0x118B9, 0x118BA, 0x118BB, 0x118BC, 0x118BD, 0x118BE, 0x118BF,
    0x16E40, 0x16E41, 0x16E42, 0x16E43, 0x16E44, 0x16E45, 0x16E46, 0x16E47,
    0x16E48, 0x16E49, 0x16E4A, 0x16E4B, 0x16E4C, 0x16E4D, 0x16E4E, 0x16E4F,
    0x16E50, 0x16E51, 0x16E52, 0x16E53, 0x16E54, 0x16E55, 0x16E56, 0x16E57,
    0x16E58, 0x16E59, 0x16E5A, 0x16E5B, 0x16E5C, 0x16E5D, 0x16E5E, 0x16E5F,
    0x1E900, 0x1E901, 0x1E902, 0x1E903, 0x1E904, 0x1E905, 0x1E906, 0x1E907,
    0x1E908, 0x1E909, 0x1E90A, 0x1E90B, 0x1E90C, 0x1E90D, 0x1E90E, 0x1E90F,
    0x1E910, 0x1E911, 0x1E912, 0x1E913, 0x1E914, 0x1E915, 0x1E916, 0x1E917,
    0x1E918, 0x1E919, 0x1E91A, 0x1E91B, 0x1E91C, 0x1E91D, 0x1E91E, 0x1E91F,
    0x1E920, 0x1E921,
};

static const unicode_full_case_entry unicode_full_title_table[] = {
    {0x0061, 0, 1},
    {0x0062, 1, 1},
    {0x0063, 2, 1},
    {0x0064, 3, 1},
    {0x0065, 4, 1},
    {0x0066, 5, 1},
    {0x0067, 6, 1},
    {0x0068, 7, 1},
    {0x0069, 8, 1},
    {0x006A, 9, 1},
    {0x006B, 10, 1},
    {0x006C, 11, 1},
    {0x006D, 12, 1},
    {0x006E, 13, 1},
    {0x006F, 14, 1},
    {0x0070, 15, 1},
    {0x0071, 16, 1},
    {0x0072, 17, 1},
    {0x0073, 18, 1},
    {0x0074, 19, 1},
    {0x0075, 20, 1},
    {0x0076, 21, 1},
    {0x0077, 22, 1},
    {0x0078, 23, 1},
    {0x0079, 24, 1},
    {0x007A, 25, 1},
    {0x00B5, 26, 1},
    {0x00DF, 27, 2},
    {0x00E0, 29, 1},
    {0x00E1, 30, 1},
    {0x00E2, 31, 1},
    {0x00E3, 32, 1},
    {0x00E4, 33, 1},
    {0x00E5, 34, 1},
    {0x00E6, 35, 1},
    {0x00E7, 36, 1},
    {0x00E8, 37, 1},
    {0x00E9, 38, 1},
    {0x00EA, 39, 1},
    {0x00EB, 40, 1},
    {0x00EC, 41, 1},
    {0x00ED, 42, 1},
    {0x00EE, 43, 1},
    {0x00EF, 44, 1},
    {0x00F0, 45, 1},
    {0x00F1, 46, 1},
    {0x00F2, 47, 1},
    {0x00F3, 48, 1},
    {0x00F4, 49, 1},
    {0x00F5, 50, 1},
    {0x00F6, 51, 1},
    {0x00F8, 52, 1},
    {0x00F9, 53, 1},
    {0x00FA, 54, 1},
    {0x00FB, 55, 1},
    {0x00FC, 56, 1},
    {0x00FD, 57, 1},
    {0x00FE, 58, 1},
    {0x00FF, 59, 1},
    {0x0101, 60, 1},
    {0x0103, 61, 1},
    {0x0105, 62, 1},
    {0x0107, 63, 1},
    {0x0109, 64, 1},
    {0x010B, 65, 1},
    {0x010D, 66, 1},
    {0x010F, 67, 1},
    {0x0111, 68, 1},
    {0x0113, 69, 1},
    {0x0115, 70, 1},
    {0x0117, 71, 1},
    {0x0119, 72, 1},
    {0x011B, 73, 1},
    {0x011D, 74, 1},
    {0x011F, 75, 1},
    {0x0121, 76, 1},
    {0x0123, 77, 1},
    {0x0125, 78, 1},
    {0x0127, 79, 1},
    {0x0129, 80, 1},
    {0x012B, 81, 1},
    {0x012D, 82, 1},
    {0x012F, 83, 1},
    {0x0130, 84, 1},
    {0x0131, 85, 1},
    {0x0133, 86, 1},
    {0x0135, 87, 1},
    {0x0137, 88, 1},
    {0x013A, 89, 1},
    {0x013C, 90, 1},
    {0x013E, 91, 1},
    {0x0140, 92, 1},
    {0x0142, 93, 1},
    {0x0144, 94, 1},
    {0x0146, 95, 1},
    {0x0148, 96, 1},
    {0x0149, 97, 2},
    {0x014B, 99, 1},
    {0x014D, 100, 1},
    {0x014F, 101, 1},
    {0x0151, 102, 1},
    {0x0153, 103, 1},
    {0x0155, 104, 1},
    {0x0157, 105, 1},
    {0x0159, 106, 1},
    {0x015B, 107, 1},
    {0x015D, 108, 1},
    {0x015F, 109, 1},
    {0x0161, 110, 1},
    {0x0163, 111, 1},
    {0x0165, 112, 1},
    {0x0167, 113, 1},
    {0x0169, 114, 1},
    {0x016B, 115, 1},
    {0x016D, 116, 1},
    {0x016F, 117, 1},
    {0x0171, 118, 1},
    {0x0173, 119, 1},
    {0x0175, 120, 1},
    {0x0177, 121, 1},
    {0x017A, 122, 1},
    {0x017C, 123, 1},
    {0x017E, 124, 1},
    {0x017F, 125, 1},
    {0x0180, 126, 1},
    {0x0183, 127, 1},
    {0x0185, 128, 1},
    {0x0188, 129, 1},
    {0x018C, 130, 1},
    {0x0192, 131, 1},
    {0x0195, 132, 1},
    {0x0199, 133, 1},
    {0x019A, 134, 1},
    {0x019E, 135, 1},
    {0x01A1, 136, 1},
    {0x01A3, 137, 1},
    {0x01A5, 138, 1},
    {0x01A8, 139, 1},
    {0x01AD, 140, 1},
    {0x01B0, 141, 1},
    {0x01B4, 142, 1},
    {0x01B6, 143, 1},
    {0x01B9, 144, 1},
    {0x01BD, 145, 1},
    {0x01BF, 146, 1},
    {0x01C4, 147, 1},
    {0x01C5, 148, 1},
    {0x01C6, 149, 1},
    {0x01C7, 150, 1},
    {0x01C8, 151, 1},
    {0x01C9, 152, 1},
    {0x01CA, 153, 1},
    {0x01CB, 154, 1},
    {0x01CC, 155, 1},
    {0x01CE, 156, 1},
    {0x01D0, 157, 1},
    {0x01D2, 158, 1},
    {0x01D4, 159, 1},
    {0x01D6, 160, 1},
    {0x01D8, 161, 1},
    {0x01DA, 162, 1},
    {0x01DC, 163, 1},
    {0x01DD, 164, 1},
    {0x01DF, 165, 1},
    {0x01E1, 166, 1},
    {0x01E3, 167, 1},
    {0x01E5, 168, 1},
    {0x01E7, 169, 1},
    {0x01E9, 170, 1},
    {0x01EB, 171, 1},
    {0x01ED, 172, 1},
    {0x01EF, 173, 1},
    {0x01F0, 174, 2},
    {0x01F1, 176, 1},
    {0x01F2, 177, 1},
    {0x01F3, 178, 1},
    {0x01F5, 179, 1},
    {0x01F9, 180, 1},
    {0x01FB, 181, 1},
    {0x01FD, 182, 1},
    {0x01FF, 183, 1},
    {0x0201, 184, 1},
    {0x0203, 185, 1},
    {0x0205, 186, 1},
    {0x0207, 187, 1},
    {0x0209, 188, 1},
    {0x020B, 189, 1},
    {0x020D, 190, 1},
    {0x020F, 191, 1},
    {0x0211, 192, 1},
    {0x0213, 193, 1},
    {0x0215, 194, 1},
    {0x0217, 195, 1},
    {0x0219, 196, 1},
    {0x021B, 197, 1},
    {0x021D, 198, 1},
    {0x021F, 199, 1},
    {0x0223, 200, 1},
    {0x0225, 201, 1},
    {0x0227, 202, 1},
    {0x0229, 203, 1},
    {0x022B, 204, 1},
    {0x022D, 205, 1},
    {0x022F, 206, 1},
    {0x0231, 207, 1},
    {0x0233, 208, 1},
    {0x023C, 209, 1},
    {0x023F, 210, 1},
    {0x0240, 211, 1},
    {0x0242, 212, 1},
    {0x0247, 213, 1},
    {0x0249, 214, 1},
    {0x024B, 215, 1},
    {0x024D, 216, 1},
    {0x024F, 217, 1},
    {0x0250, 218, 1},
    {0x0251, 219, 1},
    {0x0252, 220, 1},
    {0x0253, 221, 1},
    {0x0254, 222, 1},
    {0x0256, 223, 1},
    {0x0257, 224, 1},
    {0x0259, 225, 1},
    {0x025B, 226, 1},
    {0x025C, 227, 1},
    {0x0260, 228, 1},
    {0x0261, 229, 1},
    {0x0263, 230, 1},
    {0x0265, 231, 1},
    {0x0266, 232, 1},
    {0x0268, 233, 1},
    {0x0269, 234, 1},
    {0x026A, 235, 1},
    {0x026B, 236, 1},
    {0x026C, 237, 1},
    {0x026F, 238, 1},
    {0x0271, 239, 1},
    {0x0272, 240, 1},
    {0x0275, 241, 1},
    {0x027D, 242, 1},
    {0x0280, 243, 1},
    {0x0282, 244, 1},
    {0x0283, 245, 1},
    {0x0287, 246, 1},
    {0x0288, 247, 1},
    {0x0289, 248, 1},
    {0x028A, 249, 1},
    {0x028B, 250, 1},
    {0x028C, 251, 1},
    {0x0292, 252, 1},
    {0x029D, 253, 1},
    {0x029E, 254, 1},
    {0x0345, 255, 1},
    {0x0371, 256, 1},
    {0x0373, 257, 1},
    {0x0377, 258, 1},
    {0x037B, 259, 1},
    {0x037C, 260, 1},
    {0x037D, 261, 1},
    {0x0390, 262, 3},
    {0x03AC, 265, 1},
    {0x03AD, 266, 1},
    {0x03AE, 267, 1},
    {0x03AF, 268, 1},
    {0x03B0, 269, 3},
    {0x03B1, 272, 1},
    {0x03B2, 273, 1},
    {0x03B3, 274, 1},
    {0x03B4, 275, 1},
    {0x03B5, 276, 1},
    {0x03B6, 277, 1},
    {0x03B7, 278, 1},
    {0x03B8, 279, 1},
    {0x03B9, 280, 1},
    {0x03BA, 281, 1},
    {0x03BB, 282, 1},
    {0x03BC, 283, 1},
    {0x03BD, 284, 1},
    {0x03BE, 285, 1},
    {0x03BF, 286, 1},
    {0x03C0, 287, 1},
    {0x03C1, 288, 1},
    {0x03C2, 289, 1},
    {0x03C3, 290, 1},
    {0x03C4, 291, 1},
    {0x03C5, 292, 1},
    {0x03C6, 293, 1},
    {0x03C7, 294, 1},
    {0x03C8, 295, 1},
    {0x03C9, 296, 1},
    {0x03CA, 297, 1},
    {0x03CB, 298, 1},
    {0x03CC, 299, 1},
    {0x03CD, 300, 1},
    {0x03CE, 301, 1},
    {0x03D0, 302, 1},
    {0x03D1, 303, 1},
    {0x03D5, 304, 1},
    {0x03D6, 305, 1},
    {0x03D7, 306, 1},
    {0x03D9, 307, 1},
    {0x03DB, 308, 1},
    {0x03DD, 309, 1},
    {0x03DF, 310, 1},
    {0x03E1, 311, 1},
    {0x03E3, 312, 1},
    {0x03E5, 313, 1},
    {0x03E7, 314, 1},
    {0x03E9, 315, 1},
    {0x03EB, 316, 1},
    {0x03ED, 317, 1},
    {0x03EF, 318, 1},
    {0x03F0, 319, 1},
    {0x03F1, 320, 1},
    {0x03F2, 321, 1},
    {0x03F3, 322, 1},
    {0x03F5, 323, 1},
    {0x03F8, 324, 1},
    {0x03FB, 325, 1},
    {0x0430, 326, 1},
    {0x0431, 327, 1},
    {0x0432, 328, 1},
    {0x0433, 329, 1},
    {0x0434, 330, 1},
    {0x0435, 331, 1},
    {0x0436, 332, 1},
    {0x0437, 333, 1},
    {0x0438, 334, 1},
    {0x0439, 335, 1},
    {0x043A, 336, 1},
    {0x043B, 337, 1},
    {0x043C, 338, 1},
    {0x043D, 339, 1},
    {0x043E, 340, 1},
    {0x043F, 341, 1},
    {0x0440, 342, 1},
    {0x0441, 343, 1},
    {0x0442, 344, 1},
    {0x0443, 345, 1},
    {0x0444, 346, 1},
    {0x0445, 347, 1},
    {0x0446, 348, 1},
    {0x0447, 349, 1},
    {0x0448, 350, 1},
    {0x0449, 351, 1},
    {0x044A, 352, 1},
    {0x044B, 353, 1},
    {0x044C, 354, 1},
    {0x044D, 355, 1},
    {0x044E, 356, 1},
    {0x044F, 357, 1},
    {0x0450, 358, 1},
    {0x0451, 359, 1},
    {0x0452, 360, 1},
    {0x0453, 361, 1},
    {0x0454, 362, 1},
    {0x0455, 363, 1},
    {0x0456, 364, 1},
    {0x0457, 365, 1},
    {0x0458, 366, 1},
    {0x0459, 367, 1},
    {0x045A, 368, 1},
    {0x045B, 369, 1},
    {0x045C, 370, 1},
    {0x045D, 371, 1},
    {0x045E, 372, 1},
    {0x045F, 373, 1},
    {0x0461, 374, 1},
    {0x0463, 375, 1},
    {0x0465, 376, 1},
    {0x0467, 377, 1},
    {0x0469, 378, 1},
    {0x046B, 379, 1},
    {0x046D, 380, 1},
    {0x046F, 381, 1},
    {0x0471, 382, 1},
    {0x0473, 383, 1},
    {0x0475, 384, 1},
    {0x0477, 385, 1},
    {0x0479, 386, 1},
    {0x047B, 387, 1},
    {0x047D, 388, 1},
    {0x047F, 389, 1},
    {0x0481, 390, 1},
    {0x048B, 391, 1},
    {0x048D, 392, 1},
    {0x048F, 393, 1},
    {0x0491, 394, 1},
    {0x0493, 395, 1},
    {0x0495, 396, 1},
    {0x0497, 397, 1},
    {0x0499, 398, 1},
    {0x049B, 399, 1},
    {0x049D, 400, 1},
    {0x049F, 401, 1},
    {0x04A1, 402, 1},
    {0x04A3, 403, 1},
    {0x04A5, 404, 1},
    {0x04A7, 405, 1},
    {0x04A9, 406, 1},
    {0x04AB, 407, 1},
    {0x04AD, 408, 1},
    {0x04AF, 409, 1},
    {0x04B1, 410, 1},
    {0x04B3, 411, 1},
    {0x04B5, 412, 1},
    {0x04B7, 413, 1},
    {0x04B9, 414, 1},
    {0x04BB, 415, 1},
    {0x04BD, 416, 1},
    {0x04BF, 417, 1},
    {0x04C2, 418, 1},
    {0x04C4, 419, 1},
    {0x04C6, 420, 1},
    {0x04C8, 421, 1},
    {0x04CA, 422, 1},
    {0x04CC, 423, 1},
    {0x04CE, 424, 1},
    {0x04CF, 425, 1},
    {0x04D1, 426, 1},
    {0x04D3, 427, 1},
    {0x04D5, 428, 1},
    {0x04D7, 429, 1},
    {0x04D9, 430, 1},
    {0x04DB, 431, 1},
    {0x04DD, 432, 1},
    {0x04DF, 433, 1},
    {0x04E1, 434, 1},
    {0x04E3, 435, 1},
    {0x04E5, 436, 1},
    {0x04E7, 437, 1},
    {0x04E9, 438, 1},
    {0x04EB, 439, 1},
    {0x04ED, 440, 1},
    {0x04EF, 441, 1},
    {0x04F1, 442, 1},
    {0x04F3, 443, 1},
    {0x04F5, 444, 1},
    {0x04F7, 445, 1},
    {0x04F9, 446, 1},
    {0x04FB, 447, 1},
    {0x04FD, 448, 1},
    {0x04FF, 449, 1},
    {0x0501, 450, 1},
    {0x0503, 451, 1},
    {0x0505, 452, 1},
    {0x0507, 453, 1},
    {0x0509, 454, 1},
    {0x050B, 455, 1},
    {0x050D, 456, 1},
    {0x050F, 457, 1},
    {0x0511, 458, 1},
    {0x0513, 459, 1},
    {0x0515, 460, 1},
    {0x0517, 461, 1},
    {0x0519, 462, 1},
    {0x051B, 463, 1},
    {0x051D, 464, 1},
    {0x051F, 465, 1},
    {0x0521, 466, 1},
    {0x0523, 467, 1},
    {0x0525, 468, 1},
    {0x0527, 469, 1},
    {0x0529, 470, 1},
    {0x052B, 471, 1},
    {0x052D, 472, 1},
    {0x052F, 473, 1},
    {0x0561, 474, 1},
    {0x0562, 475, 1},
    {0x0563, 476, 1},
    {0x0564, 477, 1},
    {0x0565, 478, 1},
    {0x0566, 479, 1},
    {0x0567, 480, 1},
    {0x0568, 481, 1},
    {0x0569, 482, 1},
    {0x056A, 483, 1},
    {0x056B, 484, 1},
    {0x056C, 485, 1},
    {0x056D, 486, 1},
    {0x056E, 487, 1},
    {0x056F, 488, 1},
    {0x0570, 489, 1},
    {0x0571, 490, 1},
    {0x0572, 491, 1},
    {0x0573, 492, 1},
    {0x0574, 493, 1},
    {0x0575, 494, 1},
    {0x0576, 495, 1},
    {0x0577, 496, 1},
    {0x0578, 497, 1},
    {0x0579, 498, 1},
    {0x057A, 499, 1},
    {0x057B, 500, 1},
    {0x057C, 501, 1},
    {0x057D, 502, 1},
    {0x057E, 503, 1},
    {0x057F, 504, 1},
    {0x0580, 505, 1},
    {0x0581, 506, 1},
    {0x0582, 507, 1},
    {0x0583, 508, 1},
    {0x0584, 509, 1},
    {0x0585, 510, 1},
    {0x0586, 511, 1},
    {0x0587, 512, 2},
    {0x10D0, 514, 1},
    {0x10D1, 515, 1},
    {0x10D2, 516, 1},
    {0x10D3, 517, 1},
    {0x10D4, 518, 1},
    {0x10D5, 519, 1},
    {0x10D6, 520, 1},
    {0x10D7, 521, 1},
    {0x10D8, 522, 1},
    {0x10D9, 523, 1},
    {0x10DA, 524, 1},
    {0x10DB, 525, 1},
    {0x10DC, 526, 1},
    {0x10DD, 527, 1},
    {0x10DE, 528, 1},
    {0x10DF, 529, 1},
    {0x10E0, 530, 1},
    {0x10E1, 531, 1},
    {0x10E2, 532, 1},
    {0x10E3, 533, 1},
    {0x10E4, 534, 1},
    {0x10E5, 535, 1},
    {0x10E6, 536, 1},
    {0x10E7, 537, 1},
    {0x10E8, 538, 1},
    {0x10E9, 539, 1},
    {0x10EA, 540, 1},
    {0x10EB, 541, 1},
    {0x10EC, 542, 1},
    {0x10ED, 543, 1},
    {0x10EE, 544, 1},
    {0x10EF, 545, 1},
    {0x10F0, 546, 1},
    {0x10F1, 547, 1},
    {0x10F2, 548, 1},
    {0x10F3, 549, 1},
    {0x10F4, 550, 1},
    {0x10F5, 551, 1},
    {0x10F6, 552, 1},
    {0x10F7, 553, 1},
    {0x10F8, 554, 1},
    {0x10F9, 555, 1},
    {0x10FA, 556, 1},
    {0x10FD, 557, 1},
    {0x10FE, 558, 1},
    {0x10FF, 559, 1},
    {0x13F8, 560, 1},
    {0x13F9, 561, 1},
    {0x13FA, 562, 1},
    {0x13FB, 563, 1},
    {0x13FC, 564, 1},
    {0x13FD, 565, 1},
    {0x1C80, 566, 1},
    {0x1C81, 567, 1},
    {0x1C82, 568, 1},
    {0x1C83, 569, 1},
    {0x1C84, 570, 1},
    {0x1C85, 571, 1},
    {0x1C86, 572, 1},
    {0x1C87, 573, 1},
    {0x1C88, 574, 1},
    {0x1D79, 575, 1},
    {0x1D7D, 576, 1},
    {0x1D8E, 577, 1},
    {0x1E01, 578, 1},
    {0x1E03, 579, 1},
    {0x1E05, 580, 1},
    {0x1E07, 581, 1},
    {0x1E09, 582, 1},
    {0x1E0B, 583, 1},
    {0x1E0D, 584, 1},
    {0x1E0F, 585, 1},
    {0x1E11, 586, 1},
    {0x1E13, 587, 1},
    {0x1E15, 588, 1},
    {0x1E17, 589, 1},
    {0x1E19, 590, 1},
    {0x1E1B, 591, 1},
    {0x1E1D, 592, 1},
    {0x1E1F, 593, 1},
    {0x1E21, 594, 1},
    {0x1E23, 595, 1},
    {0x1E25, 596, 1},
    {0x1E27, 597, 1},
    {0x1E29, 598, 1},
    {0x1E2B, 599, 1},
    {0x1E2D, 600, 1},
    {0x1E2F, 601, 1},
    {0x1E31, 602, 1},
    {0x1E33, 603, 1},
    {0x1E35, 604, 1},
    {0x1E37, 605, 1},
    {0x1E39, 606, 1},
    {0x1E3B, 607, 1},
    {0x1E3D, 608, 1},
    {0x1E3F, 609, 1},
    {0x1E41, 610, 1},
    {0x1E43, 611, 1},
    {0x1E45, 612, 1},
    {0x1E47, 613, 1},
    {0x1E49, 614, 1},
    {0x1E4B, 615, 1},
    {0x1E4D, 616, 1},
    {0x1E4F, 617, 1},
    {0x1E51, 618, 1},
    {0x1E53, 619, 1},
    {0x1E55, 620, 1},
    {0x1E57, 621, 1},
    {0x1E59, 622, 1},
    {0x1E5B, 623, 1},
    {0x1E5D, 624, 1},
    {0x1E5F, 625, 1},
    {0x1E61, 626, 1},
    {0x1E63, 627, 1},
    {0x1E65, 628, 1},
    {0x1E67, 629, 1},
    {0x1E69, 630, 1},
    {0x1E6B, 631, 1},
    {0x1E6D, 632, 1},
    {0x1E6F, 633, 1},
    {0x1E71, 634, 1},
    {0x1E73, 635, 1},
    {0x1E75, 636, 1},
    {0x1E77, 637, 1},
    {0x1E79, 638, 1},
    {0x1E7B, 639, 1},
    {0x1E7D, 640, 1},
    {0x1E7F, 641, 1},
    {0x1E81, 642, 1},
    {0x1E83, 643, 1},
    {0x1E85, 644, 1},
    {0x1E87, 645, 1},
    {0x1E89, 646, 1},
    {0x1E8B, 647, 1},
    {0x1E8D, 648, 1},
    {0x1E8F, 649, 1},
    {0x1E91, 650, 1},
    {0x1E93, 651, 1},
    {0x1E95, 652, 1},
    {0x1E96, 653, 2},
    {0x1E97, 655, 2},
    {0x1E98, 657, 2},
    {0x1E99, 659, 2},
    {0x1E9A, 661, 2},
    {0x1E9B, 663, 1},
    {0x1EA1, 664, 1},
    {0x1EA3, 665, 1},
    {0x1EA5, 666, 1},
    {0x1EA7, 667, 1},
    {0x1EA9, 668, 1},
    {0x1EAB, 669, 1},
    {0x1EAD, 670, 1},
    {0x1EAF, 671, 1},
    {0x1EB1, 672, 1},
    {0x1EB3, 673, 1},
    {0x1EB5, 674, 1},
    {0x1EB7, 675, 1},
    {0x1EB9, 676, 1},
    {0x1EBB, 677, 1},
    {0x1EBD, 678, 1},
    {0x1EBF, 679, 1},
    {0x1EC1, 680, 1},
    {0x1EC3, 681, 1},
    {0x1EC5, 682, 1},
    {0x1EC7, 683, 1},
    {0x1EC9, 684, 1},
    {0x1ECB, 685, 1},
    {0x1ECD, 686, 1},
    {0x1ECF, 687, 1},
    {0x1ED1, 688, 1},
    {0x1ED3, 689, 1},
    {0x1ED5, 690, 1},
    {0x1ED7, 691, 1},
    {0x1ED9, 692, 1},
    {0x1EDB, 693, 1},
    {0x1EDD, 694, 1},
    {0x1EDF, 695, 1},
    {0x1EE1, 696, 1},
    {0x1EE3, 697, 1},
    {0x1EE5, 698, 1},
    {0x1EE7, 699, 1},
    {0x1EE9, 700, 1},
    {0x1EEB, 701, 1},
    {0x1EED, 702, 1},
    {0x1EEF, 703, 1},
    {0x1EF1, 704, 1},
    {0x1EF3, 705, 1},
    {0x1EF5, 706, 1},
    {0x1EF7, 707, 1},
    {0x1EF9, 708, 1},
    {0x1EFB, 709, 1},
    {0x1EFD, 710, 1},
    {0x1EFF, 711, 1},
    {0x1F00, 712, 1},
    {0x1F01, 713, 1},
    {0x1F02, 714, 1},
    {0x1F03, 715, 1},
    {0x1F04, 716, 1},
    {0x1F05, 717, 1},
    {0x1F06, 718, 1},
    {0x1F07, 719, 1},
    {0x1F10, 720, 1},
    {0x1F11, 721, 1},
    {0x1F12, 722, 1},
    {0x1F13, 723, 1},
    {0x1F14, 724, 1},
    {0x1F15, 725, 1},
    {0x1F20, 726, 1},
    {0x1F21, 727, 1},
    {0x1F22, 728, 1},
    {0x1F23, 729, 1},
    {0x1F24, 730, 1},
    {0x1F25, 731, 1},
    {0x1F26, 732, 1},
    {0x1F27, 733, 1},
    {0x1F30, 734, 1},
    {0x1F31, 735, 1},
    {0x1F32, 736, 1},
    {0x1F33, 737, 1},
    {0x1F34, 738, 1},
    {0x1F35, 739, 1},
    {0x1F36, 740, 1},
    {0x1F37, 741, 1},
    {0x1F40, 742, 1},
    {0x1F41, 743, 1},
    {0x1F42, 744, 1},
    {0x1F43, 745, 1},
    {0x1F44, 746, 1},
    {0x1F45, 747, 1},
    {0x1F50, 748, 2},
    {0x1F51, 750, 1},
    {0x1F52, 751, 3},
    {0x1F53, 754, 1},
    {0x1F54, 755, 3},
    {0x1F55, 758, 1},
    {0x1F56, 759, 3},
    {0x1F57, 762, 1},
    {0x1F60, 763, 1},
    {0x1F61, 764, 1},
    {0x1F62, 765, 1},
    {0x1F63, 766, 1},
    {0x1F64, 767, 1},
    {0x1F65, 768, 1},
    {0x1F66, 769, 1},
    {0x1F67, 770, 1},
    {0x1F70, 771, 1},
    {0x1F71, 772, 1},
    {0x1F72, 773, 1},
    {0x1F73, 774, 1},
    {0x1F74, 775, 1},
    {0x1F75, 776, 1},
    {0x1F76, 777, 1},
    {0x1F77, 778, 1},
    {0x1F78, 779, 1},
    {0x1F79, 780, 1},
    {0x1F7A, 781, 1},
    {0x1F7B, 782, 1},
    {0x1F7C, 783, 1},
    {0x1F7D, 784, 1},
    {0x1F80, 785, 1},
    {0x1F81, 786, 1},
    {0x1F82, 787, 1},
    {0x1F83, 788, 1},
    {0x1F84, 789, 1},
    {0x1F85, 790, 1},
    {0x1F86, 791, 1},
    {0x1F87, 792, 1},
    {0x1F88, 793, 1},
    {0x1F89, 794, 1},
    {0x1F8A, 795, 1},
    {0x1F8B, 796, 1},
    {0x1F8C, 797, 1},
    {0x1F8D, 798, 1},
    {0x1F8E, 799, 1},
    {0x1F8F, 800, 1},
    {0x1F90, 801, 1},
    {0x1F91, 802, 1},
    {0x1F92, 803, 1},
    {0x1F93, 804, 1},
    {0x1F94, 805, 1},
    {0x1F95, 806, 1},
    {0x1F96, 807, 1},
    {0x1F97, 808, 1},
    {0x1F98, 809, 1},
    {0x1F99, 810, 1},
    {0x1F9A, 811, 1},
    {0x1F9B, 812, 1},
    {0x1F9C, 813, 1},
    {0x1F9D, 814, 1},
    {0x1F9E, 815, 1},
    {0x1F9F, 816, 1},
    {0x1FA0, 817, 1},
    {0x1FA1, 818, 1},
    {0x1FA2, 819, 1},
    {0x1FA3, 820, 1},
    {0x1FA4, 821, 1},
    {0x1FA5, 822, 1},
    {0x1FA6, 823, 1},
    {0x1FA7, 824, 1},
    {0x1FA8, 825, 1},
    {0x1FA9, 826, 1},
    {0x1FAA, 827, 1},
    {0x1FAB, 828, 1},
    {0x1FAC, 829, 1},
    {0x1FAD, 830, 1},
    {0x1FAE, 831, 1},
    {0x1FAF, 832, 1},
    {0x1FB0, 833, 1},
    {0x1FB1, 834, 1},
    {0x1FB2, 835, 2},
    {0x1FB3, 837, 1},
    {0x1FB4, 838, 2},
    {0x1FB6, 840, 2},
    {0x1FB7, 842, 3},
    {0x1FBC, 845, 1},
    {0x1FBE, 846, 1},
    {0x1FC2, 847, 2},
    {0x1FC3, 849, 1},
    {0x1FC4, 850, 2},
    {0x1FC6, 852, 2},
    {0x1FC7, 854, 3},
    {0x1FCC, 857, 1},
    {0x1FD0, 858, 1},
    {0x1FD1, 859, 1},
    {0x1FD2, 860, 3},
    {0x1FD3, 863, 3},
    {0x1FD6, 866, 2},
    {0x1FD7, 868, 3},
    {0x1FE0, 871, 1},
    {0x1FE1, 872, 1},
    {0x1FE2, 873, 3},
    {0x1FE3, 876, 3},
    {0x1FE4, 879, 2},
    {0x1FE5, 881, 1},
    {0x1FE6, 882, 2},
    {0x1FE7, 884, 3},
    {0x1FF2, 887, 2},
    {0x1FF3, 889, 1},
    {0x1FF4, 890, 2},
    {0x1FF6, 892, 2},
    {0x1FF7, 894, 3},
    {0x1FFC, 897, 1},
    {0x214E, 898, 1},
    {0x2170, 899, 1},
    {0x2171, 900, 1},
    {0x2172, 901, 1},
    {0x2173, 902, 1},
    {0x2174, 903, 1},
    {0x2175, 904, 1},
    {0x2176, 905, 1},
    {0x2177, 906, 1},
    {0x2178, 907, 1},
    {0x2179, 908, 1},
    {0x217A, 909, 1},
    {0x217B, 910, 1},
    {0x217C, 911, 1},
    {0x217D, 912, 1},
    {0x217E, 913, 1},
    {0x217F, 914, 1},
    {0x2184, 915, 1},
    {0x24D0, 916, 1},
    {0x24D1, 917, 1},
    {0x24D2, 918, 1},
    {0x24D3, 919, 1},
    {0x24D4, 920, 1},
    {0x24D5, 921, 1},
    {0x24D6, 922, 1},
    {0x24D7, 923, 1},
    {0x24D8, 924, 1},
    {0x24D9, 925, 1},
    {0x24DA, 926, 1},
    {0x24DB, 927, 1},
    {0x24DC, 928, 1},
    {0x24DD, 929, 1},
    {0x24DE, 930, 1},
    {0x24DF, 931, 1},
    {0x24E0, 932, 1},
    {0x24E1, 933, 1},
    {0x24E2, 934, 1},
    {0x24E3, 935, 1},
    {0x24E4, 936, 1},
    {0x24E5, 937, 1},
    {0x24E6, 938, 1},
    {0x24E7, 939, 1},
    {0x24E8, 940, 1},
    {0x24E9, 941, 1},
    {0x2C30, 942, 1},
    {0x2C31, 943, 1},
    {0x2C32, 944, 1},
    {0x2C33, 945, 1},
    {0x2C34, 946, 1},
    {0x2C35, 947, 1},
    {0x2C36, 948, 1},
    {0x2C37, 949, 1},
    {0x2C38, 950, 1},
    {0x2C39, 951, 1},
    {0x2C3A, 952, 1},
    {0x2C3B, 953, 1},
    {0x2C3C, 954, 1},
    {0x2C3D, 955, 1},
    {0x2C3E, 956, 1},
    {0x2C3F, 957, 1},
    {0x2C40, 958, 1},
    {0x2C41, 959, 1},
    {0x2C42, 960, 1},
    {0x2C43, 961, 1},
    {0x2C44, 962, 1},
    {0x2C45, 963, 1},
    {0x2C46, 964, 1},
    {0x2C47, 965, 1},
    {0x2C48, 966, 1},
    {0x2C49, 967, 1},
    {0x2C4A, 968, 1},
    {0x2C4B, 969, 1},
    {0x2C4C, 970, 1},
    {0x2C4D, 971, 1},
    {0x2C4E, 972, 1},
    {0x2C4F, 973, 1},
    {0x2C50, 974, 1},
    {0x2C51, 975, 1},
    {0x2C52, 976, 1},
    {0x2C53, 977, 1},
    {0x2C54, 978, 1},
    {0x2C55, 979, 1},
    {0x2C56, 980, 1},
    {0x2C57, 981, 1},
    {0x2C58, 982, 1},
    {0x2C59, 983, 1},
    {0x2C5A, 984, 1},
    {0x2C5B, 985, 1},
    {0x2C5C, 986, 1},
    {0x2C5D, 987, 1},
    {0x2C5E, 988, 1},
    {0x2C5F, 989, 1},
    {0x2C61, 990, 1},
    {0x2C65, 991, 1},
    {0x2C66, 992, 1},
    {0x2C68, 993, 1},
    {0x2C6A, 994, 1},
    {0x2C6C, 995, 1},
    {0x2C73, 996, 1},
    {0x2C76, 997, 1},
    {0x2C81, 998, 1},
    {0x2C83, 999, 1},
    {0x2C85, 1000, 1},
    {0x2C87, 1001, 1},
    {0x2C89, 1002, 1},
    {0x2C8B, 1003, 1},
    {0x2C8D, 1004, 1},
    {0x2C8F, 1005, 1},
    {0x2C91, 1006, 1},
    {0x2C93, 1007, 1},
    {0x2C95, 1008, 1},
    {0x2C97, 1009, 1},
    {0x2C99, 1010, 1},
    {0x2C9B, 1011, 1},
    {0x2C9D, 1012, 1},
    {0x2C9F, 1013, 1},
    {0x2CA1, 1014, 1},
    {0x2CA3, 1015, 1},
    {0x2CA5, 1016, 1},
    {0x2CA7, 1017, 1},
    {0x2CA9, 1018, 1},
    {0x2CAB, 1019, 1},
    {0x2CAD, 1020, 1},
    {0x2CAF, 1021, 1},
    {0x2CB1, 1022, 1},
    {0x2CB3, 1023, 1},
    {0x2CB5, 1024, 1},
    {0x2CB7, 1025, 1},
    {0x2CB9, 1026, 1},
    {0x2CBB, 1027, 1},
    {0x2CBD, 1028, 1},
    {0x2CBF, 1029, 1},
    {0x2CC1, 1030, 1},
    {0x2CC3, 1031, 1},
    {0x2CC5, 1032, 1},
    {0x2CC7, 1033, 1},
    {0x2CC9, 1034, 1},
    {0x2CCB, 1035, 1},
    {0x2CCD, 1036, 1},
    {0x2CCF, 1037, 1},
    {0x2CD1, 1038, 1},
    {0x2CD3, 1039, 1},
    {0x2CD5, 1040, 1},
    {0x2CD7, 1041, 1},
    {0x2CD9, 1042, 1},
    {0x2CDB, 1043, 1},
    {0x2CDD, 1044, 1},
    {0x2CDF, 1045, 1},
    {0x2CE1, 1046, 1},
    {0x2CE3, 1047, 1},
    {0x2CEC, 1048, 1},
    {0x2CEE, 1049, 1},
    {0x2CF3, 1050, 1},
    {0x2D00, 1051, 1},
    {0x2D01, 1052, 1},
    {0x2D02, 1053, 1},
    {0x2D03, 1054, 1},
    {0x2D04, 1055, 1},
    {0x2D05, 1056, 1},
    {0x2D06, 1057, 1},
    {0x2D07, 1058, 1},
    {0x2D08, 1059, 1},
    {0x2D09, 1060, 1},
    {0x2D0A, 1061, 1},
    {0x2D0B, 1062, 1},
    {0x2D0C, 1063, 1},
    {0x2D0D, 1064, 1},
    {0x2D0E, 1065, 1},
    {0x2D0F, 1066, 1},
    {0x2D10, 1067, 1},
    {0x2D11, 1068, 1},
    {0x2D12, 1069, 1},
    {0x2D13, 1070, 1},
    {0x2D14, 1071, 1},
    {0x2D15, 1072, 1},
    {0x2D16, 1073, 1},
    {0x2D17, 1074, 1},
    {0x2D18, 1075, 1},
    {0x2D19, 1076, 1},
    {0x2D1A, 1077, 1},
    {0x2D1B, 1078, 1},
    {0x2D1C, 1079, 1},
    {0x2D1D, 1080, 1},
    {0x2D1E, 1081, 1},
    {0x2D1F, 1082, 1},
    {0x2D20, 1083, 1},
    {0x2D21, 1084, 1},
    {0x2D22, 1085, 1},
    {0x2D23, 1086, 1},
    {0x2D24, 1087, 1},
    {0x2D25, 1088, 1},
    {0x2D27, 1089, 1},
    {0x2D2D, 1090, 1},
    {0xA641, 1091, 1},
    {0xA643, 1092, 1},
    {0xA645, 1093, 1},
    {0xA647, 1094, 1},
    {0xA649, 1095, 1},
    {0xA64B, 1096, 1},
    {0xA64D, 1097, 1},
    {0xA64F, 1098, 1},
    {0xA651, 1099, 1},
    {0xA653, 1100, 1},
    {0xA655, 1101, 1},
    {0xA657, 1102, 1},
    {0xA659, 1103, 1},
    {0xA65B, 1104, 1},
    {0xA65D, 1105, 1},
    {0xA65F, 1106, 1},
    {0xA661, 1107, 1},
    {0xA663, 1108, 1},
    {0xA665, 1109, 1},
    {0xA667, 1110, 1},
    {0xA669, 1111, 1},
    {0xA66B, 1112, 1},
    {0xA66D, 1113, 1},
    {0xA681, 1114, 1},
    {0xA683, 1115, 1},
    {0xA685, 1116, 1},
    {0xA687, 1117, 1},
    {0xA689, 1118, 1},
    {0xA68B, 1119, 1},
    {0xA68D, 1120, 1},
    {0xA68F, 1121, 1},
    {0xA691, 1122, 1},
    {0xA693, 1123, 1},
    {0xA695, 1124, 1},
    {0xA697, 1125, 1},
    {0xA699, 1126, 1},
    {0xA69B, 1127, 1},
    {0xA723, 1128, 1},
    {0xA725, 1129, 1},
    {0xA727, 1130, 1},
    {0xA729, 1131, 1},
    {0xA72B, 1132, 1},
    {0xA72D, 1133, 1},
    {0xA72F, 1134, 1},
    {0xA733, 1135, 1},
    {0xA735, 1136, 1},
    {0xA737, 1137, 1},
    {0xA739, 1138, 1},
    {0xA73B, 1139, 1},
    {0xA73D, 1140, 1},
    {0xA73F, 1141, 1},
    {0xA741, 1142, 1},
    {0xA743, 1143, 1},
    {0xA745, 1144, 1},
    {0xA747, 1145, 1},
    {0xA749, 1146, 1},
    {0xA74B, 1147, 1},
    {0xA74D, 1148, 1},
    {0xA74F, 1149, 1},
    {0xA751, 1150, 1},
    {0xA753, 1151, 1},
    {0xA755, 1152, 1},
    {0xA757, 1153, 1},
    {0xA759, 1154, 1},
    {0xA75B, 1155, 1},
    {0xA75D, 1156, 1},
    {0xA75F, 1157, 1},
    {0xA761, 1158, 1},
    {0xA763, 1159, 1},
    {0xA765, 1160, 1},
    {0xA767, 1161, 1},
    {0xA769, 1162, 1},
    {0xA76B, 1163, 1},
    {0xA76D, 1164, 1},
    {0xA76F, 1165, 1},
    {0xA77A, 1166, 1},
    {0xA77C, 1167, 1},
    {0xA77F, 1168, 1},
    {0xA781, 1169, 1},
    {0xA783, 1170, 1},
    {0xA785, 1171, 1},
    {0xA787, 1172, 1},
    {0xA78C, 1173, 1},
    {0xA791, 1174, 1},
    {0xA793, 1175, 1},
    {0xA794, 1176, 1},
    {0xA797, 1177, 1},
    {0xA799, 1178, 1},
    {0xA79B, 1179, 1},
    {0xA79D, 1180, 1},
    {0xA79F, 1181, 1},
    {0xA7A1, 1182, 1},
    {0xA7A3, 1183, 1},
    {0xA7A5, 1184, 1},
    {0xA7A7, 1185, 1},
    {0xA7A9, 1186, 1},
    {0xA7B5, 1187, 1},
    {0xA7B7, 1188, 1},
    {0xA7B9, 1189, 1},
    {0xA7BB, 1190, 1},
    {0xA7BD, 1191, 1},
    {0xA7BF, 1192, 1},
    {0xA7C1, 1193, 1},
    {0xA7C3, 1194, 1},
    {0xA7C8, 1195, 1},
    {0xA7CA, 1196, 1},
    {0xA7D1, 1197, 1},
    {0xA7D7, 1198, 1},
    {0xA7D9, 1199, 1},
    {0xA7F6, 1200, 1},
    {0xAB53, 1201, 1},
    {0xAB70, 1202, 1},
    {0xAB71, 1203, 1},
    {0xAB72, 1204, 1},
    {0xAB73, 1205, 1},
    {0xAB74, 1206, 1},
    {0xAB75, 1207, 1},
    {0xAB76, 1208, 1},
    {0xAB77, 1209, 1},
    {0xAB78, 1210, 1},
    {0xAB79, 1211, 1},
    {0xAB7A, 1212, 1},
    {0xAB7B, 1213, 1},
    {0xAB7C, 1214, 1},
    {0xAB7D, 1215, 1},
    {0xAB7E, 1216, 1},
    {0xAB7F, 1217, 1},
    {0xAB80, 1218, 1},
    {0xAB81, 1219, 1},
    {0xAB82, 1220, 1},
    {0xAB83, 1221, 1},
    {0xAB84, 1222, 1},
    {0xAB85, 1223, 1},
    {0xAB86, 1224, 1},
    {0xAB87, 1225, 1},
    {0xAB88, 1226, 1},
    {0xAB89, 1227, 1},
    {0xAB8A, 1228, 1},
    {0xAB8B, 1229, 1},
    {0xAB8C, 1230, 1},
    {0xAB8D, 1231, 1},
    {0xAB8E, 1232, 1},
    {0xAB8F, 1233, 1},
    {0xAB90, 1234, 1},
    {0xAB91, 1235, 1},
    {0xAB92, 1236, 1},
    {0xAB93, 1237, 1},
    {0xAB94, 1238, 1},
    {0xAB95, 1239, 1},
    {0xAB96, 1240, 1},
    {0xAB97, 1241, 1},
    {0xAB98, 1242, 1},
    {0xAB99, 1243, 1},
    {0xAB9A, 1244, 1},
    {0xAB9B, 1245, 1},
    {0xAB9C, 1246, 1},
    {0xAB9D, 1247, 1},
    {0xAB9E, 1248, 1},
    {0xAB9F, 1249, 1},
    {0xABA0, 1250, 1},
    {0xABA1, 1251, 1},
    {0xABA2, 1252, 1},
    {0xABA3, 1253, 1},
    {0xABA4, 1254, 1},
    {0xABA5, 1255, 1},
    {0xABA6, 1256, 1},
    {0xABA7, 1257, 1},
    {0xABA8, 1258, 1},
    {0xABA9, 1259, 1},
    {0xABAA, 1260, 1},
    {0xABAB, 1261, 1},
    {0xABAC, 1262, 1},
    {0xABAD, 1263, 1},
    {0xABAE, 1264, 1},
    {0xABAF, 1265, 1},
    {0xABB0, 1266, 1},
    {0xABB1, 1267, 1},
    {0xABB2, 1268, 1},
    {0xABB3, 1269, 1},
    {0xABB4, 1270, 1},
    {0xABB5, 1271, 1},
    {0xABB6, 1272, 1},
    {0xABB7, 1273, 1},
    {0xABB8, 1274, 1},
    {0xABB9, 1275, 1},
    {0xABBA, 1276, 1},
    {0xABBB, 1277, 1},
    {0xABBC, 1278, 1},
    {0xABBD, 1279, 1},
    {0xABBE, 1280, 1},
    {0xABBF, 1281, 1},
    {0xFB00, 1282, 2},
    {0xFB01, 1284, 2},
    {0xFB02, 1286, 2},
    {0xFB03, 1288, 3},
    {0xFB04, 1291, 3},
    {0xFB05, 1294, 2},
    {0xFB06, 1296, 2},
    {0xFB13, 1298, 2},
    {0xFB14, 1300, 2},
    {0xFB15, 1302, 2},
    {0xFB16, 1304, 2},
    {0xFB17, 1306, 2},
    {0xFF41, 1308, 1},
    {0xFF42, 1309, 1},
    {0xFF43, 1310, 1},
    {0xFF44, 1311, 1},
    {0xFF45, 1312, 1},
    {0xFF46, 1313, 1},
    {0xFF47, 1314, 1},
    {0xFF48, 1315, 1},
    {0xFF49, 1316, 1},
    {0xFF4A, 1317, 1},
    {0xFF4B, 1318, 1},
    {0xFF4C, 1319, 1},
    {0xFF4D, 1320, 1},
    {0xFF4E, 1321, 1},
    {0xFF4F, 1322, 1},
    {0xFF50, 1323, 1},
    {0xFF51, 1324, 1},
    {0xFF52, 1325, 1},
    {0xFF53, 1326, 1},
    {0xFF54, 1327, 1},
    {0xFF55, 1328, 1},
    {0xFF56, 1329, 1},
    {0xFF57, 1330, 1},
    {0xFF58, 1331, 1},
    {0xFF59, 1332, 1},
    {0xFF5A, 1333, 1},
    {0x10428, 1334, 1},
    {0x10429, 1335, 1},
    {0x1042A, 1336, 1},
    {0x1042B, 1337, 1},
    {0x1042C, 1338, 1},
    {0x1042D, 1339, 1},
    {0x1042E, 1340, 1},
    {0x1042F, 1341, 1},
    {0x10430, 1342, 1},
    {0x10431, 1343, 1},
    {0x10432, 1344, 1},
    {0x10433, 1345, 1},
    {0x10434, 1346, 1},
    {0x10435, 1347, 1},
    {0x10436, 1348, 1},
    {0x10437, 1349, 1},
    {0x10438, 1350, 1},
    {0x10439, 1351, 1},
    {0x1043A, 1352, 1},
    {0x1043B, 1353, 1},
    {0x1043C, 1354, 1},
    {0x1043D, 1355, 1},
    {0x1043E, 1356, 1},
    {0x1043F, 1357, 1},
    {0x10440, 1358, 1},
    {0x10441, 1359, 1},
    {0x10442, 1360, 1},
    {0x10443, 1361, 1},
    {0x10444, 1362, 1},
    {0x10445, 1363, 1},
    {0x10446, 1364, 1},
    {0x10447, 1365, 1},
    {0x10448, 1366, 1},
    {0x10449, 1367, 1},
    {0x1044A, 1368, 1},
    {0x1044B, 1369, 1},
    {0x1044C, 1370, 1},
    {0x1044D, 1371, 1},
    {0x1044E, 1372, 1},
    {0x1044F, 1373, 1},
    {0x104D8, 1374, 1},
    {0x104D9, 1375, 1},
    {0x104DA, 1376, 1},
    {0x104DB, 1377, 1},
    {0x104DC, 1378, 1},
    {0x104DD, 1379, 1},
    {0x104DE, 1380, 1},
    {0x104DF, 1381, 1},
    {0x104E0, 1382, 1},
    {0x104E1, 1383, 1},
    {0x104E2, 1384, 1},
    {0x104E3, 1385, 1},
    {0x104E4, 1386, 1},
    {0x104E5, 1387, 1},
    {0x104E6, 1388, 1},
    {0x104E7, 1389, 1},
    {0x104E8, 1390, 1},
    {0x104E9, 1391, 1},
    {0x104EA, 1392, 1},
    {0x104EB, 1393, 1},
    {0x104EC, 1394, 1},
    {0x104ED, 1395, 1},
    {0x104EE, 1396, 1},
    {0x104EF, 1397, 1},
    {0x104F0, 1398, 1},
    {0x104F1, 1399, 1},
    {0x104F2, 1400, 1},
    {0x104F3, 1401, 1},
    {0x104F4, 1402, 1},
    {0x104F5, 1403, 1},
    {0x104F6, 1404, 1},
    {0x104F7, 1405, 1},
    {0x104F8, 1406, 1},
    {0x104F9, 1407, 1},
    {0x104FA, 1408, 1},
    {0x104FB, 1409, 1},
    {0x10597, 1410, 1},
    {0x10598, 1411, 1},
    {0x10599, 1412, 1},
    {0x1059A, 1413, 1},
    {0x1059B, 1414, 1},
    {0x1059C, 1415, 1},
    {0x1059D, 1416, 1},
    {0x1059E, 1417, 1},
    {0x1059F, 1418, 1},
    {0x105A0, 1419, 1},
    {0x105A1, 1420, 1},
    {0x105A3, 1421, 1},
    {0x105A4, 1422, 1},
    {0x105A5, 1423, 1},
    {0x105A6, 1424, 1},
    {0x105A7, 1425, 1},
    {0x105A8, 1426, 1},
    {0x105A9, 1427, 1},
    {0x105AA, 1428, 1},
    {0x105AB, 1429, 1},
    {0x105AC, 1430, 1},
    {0x105AD, 1431, 1},
    {0x105AE, 1432, 1},
    {0x105AF, 1433, 1},
    {0x105B0, 1434, 1},
    {0x105B1, 1435, 1},
    {0x105B3, 1436, 1},
    {0x105B4, 1437, 1},
    {0x105B5, 1438, 1},
    {0x105B6, 1439, 1},
    {0x105B7, 1440, 1},
    {0x105B8, 1441, 1},
    {0x105B9, 1442, 1},
    {0x105BB, 1443, 1},
    {0x105BC, 1444, 1},
    {0x10CC0, 1445, 1},
    {0x10CC1, 1446, 1},
    {0x10CC2, 1447, 1},
    {0x10CC3, 1448, 1},
    {0x10CC4, 1449, 1},
    {0x10CC5, 1450, 1},
    {0x10CC6, 1451, 1},
    {0x10CC7, 1452, 1},
    {0x10CC8, 1453, 1},
    {0x10CC9, 1454, 1},
    {0x10CCA, 1455, 1},
    {0x10CCB, 1456, 1},
    {0x10CCC, 1457, 1},
    {0x10CCD, 1458, 1},
    {0x10CCE, 1459, 1},
    {0x10CCF, 1460, 1},
    {0x10CD0, 1461, 1},
    {0x10CD1, 1462, 1},
    {0x10CD2, 1463, 1},
    {0x10CD3, 1464, 1},
    {0x10CD4, 1465, 1},
    {0x10CD5, 1466, 1},
    {0x10CD6, 1467, 1},
    {0x10CD7, 1468, 1},
    {0x10CD8, 1469, 1},
    {0x10CD9, 1470, 1},
    {0x10CDA, 1471, 1},
    {0x10CDB, 1472, 1},
    {0x10CDC, 1473, 1},
    {0x10CDD, 1474, 1},
    {0x10CDE, 1475, 1},
    {0x10CDF, 1476, 1},
    {0x10CE0, 1477, 1},
    {0x10CE1, 1478, 1},
    {0x10CE2, 1479, 1},
    {0x10CE3, 1480, 1},
    {0x10CE4, 1481, 1},
    {0x10CE5, 1482, 1},
    {0x10CE6, 1483, 1},
    {0x10CE7, 1484, 1},
    {0x10CE8, 1485, 1},
    {0x10CE9, 1486, 1},
    {0x10CEA, 1487, 1},
    {0x10CEB, 1488, 1},
    {0x10CEC, 1489, 1},
    {0x10CED, 1490, 1},
    {0x10CEE, 1491, 1},
    {0x10CEF, 1492, 1},
    {0x10CF0, 1493, 1},
    {0x10CF1, 1494, 1},
    {0x10CF2, 1495, 1},
    {0x118C0, 1496, 1},
    {0x118C1, 1497, 1},
    {0x118C2, 1498, 1},
    {0x118C3, 1499, 1},
    {0x118C4, 1500, 1},
    {0x118C5, 1501, 1},
    {0x118C6, 1502, 1},
    {0x118C7, 1503, 1},
    {0x118C8, 1504, 1},
    {0x118C9, 1505, 1},
    {0x118CA, 1506, 1},
    {0x118CB, 1507, 1},
    {0x118CC, 1508, 1},
    {0x118CD, 1509, 1},
    {0x118CE, 1510, 1},
    {0x118CF, 1511, 1},
    {0x118D0, 1512, 1},
    {0x118D1, 1513, 1},
    {0x118D2, 1514, 1},
    {0x118D3, 1515, 1},
    {0x118D4, 1516, 1},
    {0x118D5, 1517, 1},
    {0x118D6, 1518, 1},
    {0x118D7, 1519, 1},
    {0x118D8, 1520, 1},
    {0x118D9, 1521, 1},
    {0x118DA, 1522, 1},
    {0x118DB, 1523, 1},
    {0x118DC, 1524, 1},
    {0x118DD, 1525, 1},
    {0x118DE, 1526, 1},
    {0x118DF, 1527, 1},
    {0x16E60, 1528, 1},
    {0x16E61, 1529, 1},
    {0x16E62, 1530, 1},
    {0x16E63, 1531, 1},
    {0x16E64, 1532, 1},
    {0x16E65, 1533, 1},
    {0x16E66, 1534, 1},
    {0x16E67, 1535, 1},
    {0x16E68, 1536, 1},
    {0x16E69, 1537, 1},
    {0x16E6A, 1538, 1},
    {0x16E6B, 1539, 1},
    {0x16E6C, 1540, 1},
    {0x16E6D, 1541, 1},
    {0x16E6E, 1542, 1},
    {0x16E6F, 1543, 1},
    {0x16E70, 1544, 1},
    {0x16E71, 1545, 1},
    {0x16E72, 1546, 1},
    {0x16E73, 1547, 1},
    {0x16E74, 1548, 1},
    {0x16E75, 1549, 1},
    {0x16E76, 1550, 1},
    {0x16E77, 1551, 1},
    {0x16E78, 1552, 1},
    {0x16E79, 1553, 1},
    {0x16E7A, 1554, 1},
    {0x16E7B, 1555, 1},
    {0x16E7C, 1556, 1},
    {0x16E7D, 1557, 1},
    {0x16E7E, 1558, 1},
    {0x16E7F, 1559, 1},
    {0x1E922, 1560, 1},
    {0x1E923, 1561, 1},
    {0x1E924, 1562, 1},
    {0x1E925, 1563, 1},
    {0x1E926, 1564, 1},
    {0x1E927, 1565, 1},
    {0x1E928, 1566, 1},
    {0x1E929, 1567, 1},
    {0x1E92A, 1568, 1},
    {0x1E92B, 1569, 1},
    {0x1E92C, 1570, 1},
    {0x1E92D, 1571, 1},
    {0x1E92E, 1572, 1},
    {0x1E92F, 1573, 1},
    {0x1E930, 1574, 1},
    {0x1E931, 1575, 1},
    {0x1E932, 1576, 1},
    {0x1E933, 1577, 1},
    {0x1E934, 1578, 1},
    {0x1E935, 1579, 1},
    {0x1E936, 1580, 1},
    {0x1E937, 1581, 1},
    {0x1E938, 1582, 1},
    {0x1E939, 1583, 1},
    {0x1E93A, 1584, 1},
    {0x1E93B, 1585, 1},
    {0x1E93C, 1586, 1},
    {0x1E93D, 1587, 1},
    {0x1E93E, 1588, 1},
    {0x1E93F, 1589, 1},
    {0x1E940, 1590, 1},
    {0x1E941, 1591, 1},
    {0x1E942, 1592, 1},
    {0x1E943, 1593, 1},
};

#define UNICODE_FULL_UPPER_COUNT 1526
#define UNICODE_FULL_UPPER_DATA_COUNT 1644
static const uint32_t unicode_full_upper_data[] = {
    0x0041, 0x0042, 0x0043, 0x0044, 0x0045, 0x0046, 0x0047, 0x0048,
    0x0049, 0x004A, 0x004B, 0x004C, 0x004D, 0x004E, 0x004F, 0x0050,
    0x0051, 0x0052, 0x0053, 0x0054, 0x0055, 0x0056, 0x0057, 0x0058,
    0x0059, 0x005A, 0x039C, 0x0053, 0x0053, 0x00C0, 0x00C1, 0x00C2,
    0x00C3, 0x00C4, 0x00C5, 0x00C6, 0x00C7, 0x00C8, 0x00C9, 0x00CA,
    0x00CB, 0x00CC, 0x00CD, 0x00CE, 0x00CF, 0x00D0, 0x00D1, 0x00D2,
    0x00D3, 0x00D4, 0x00D5, 0x00D6, 0x00D8, 0x00D9, 0x00DA, 0x00DB,
    0x00DC, 0x00DD, 0x00DE, 0x0178, 0x0100, 0x0102, 0x0104, 0x0106,
    0x0108, 0x010A, 0x010C, 0x010E, 0x0110, 0x0112, 0x0114, 0x0116,
    0x0118, 0x011A, 0x011C, 0x011E, 0x0120, 0x0122, 0x0124, 0x0126,
    0x0128, 0x012A, 0x012C, 0x012E, 0x0130, 0x0049, 0x0132, 0x0134,
    0x0136, 0x0139, 0x013B, 0x013D, 0x013F, 0x0141, 0x0143, 0x0145,
    0x0147, 0x02BC, 0x004E, 0x014A, 0x014C, 0x014E, 0x0150, 0x0152,
    0x0154, 0x0156, 0x0158, 0x015A, 0x015C, 0x015E, 0x0160, 0x0162,
    0x0164, 0x0166, 0x0168, 0x016A, 0x016C, 0x016E, 0x0170, 0x0172,
    0x0174, 0x0176, 0x0179, 0x017B, 0x017D, 0x0053, 0x0243, 0x0182,
    0x0184, 0x0187, 0x018B, 0x0191, 0x01F6, 0x0198, 0x023D, 0x0220,
    0x01A0, 0x01A2, 0x01A4, 0x01A7, 0x01AC, 0x01AF, 0x01B3, 0x01B5,
    0x01B8, 0x01BC, 0x01F7, 0x01C4, 0x01C4, 0x01C7, 0x01C7, 0x01CA,
    0x01CA, 0x01CD, 0x01CF, 0x01D1, 0x01D3, 0x01D5, 0x01D7, 0x01D9,
    0x01DB, 0x018E, 0x01DE, 0x01E0, 0x01E2, 0x01E4, 0x01E6, 0x01E8,
    0x01EA, 0x01EC, 0x01EE, 0x004A, 0x030C, 0x01F1, 0x01F1, 0x01F4,
    0x01F8, 0x01FA, 0x01FC, 0x01FE, 0x0200, 0x0202, 0x0204, 0x0206,
    0x0208, 0x020A, 0x020C, 0x020E, 0x0210, 0x0212, 0x0214, 0x0216,
    0x0218, 0x021A, 0x021C, 0x021E, 0x0222, 0x0224, 0x0226, 0x0228,
    0x022A, 0x022C, 0x022E, 0x0230, 0x0232, 0x023B, 0x2C7E, 0x2C7F,
    0x0241, 0x0246, 0x0248, 0x024A, 0x024C, 0x024E, 0x2C6F, 0x2C6D,
    0x2C70, 0x0181, 0x0186, 0x0189, 0x018A, 0x018F, 0x0190, 0xA7AB,
    0x0193, 0xA7AC, 0x0194, 0xA78D, 0xA7AA, 0x0197, 0x0196, 0xA7AE,
    0x2C62, 0xA7AD, 0x019C, 0x2C6E, 0x019D, 0x019F, 0x2C64, 0x01A6,
    0xA7C5, 0x01A9, 0xA7B1, 0x01AE, 0x0244, 0x01B1, 0x01B2, 0x0245,
    0x01B7, 0xA7B2, 0xA7B0, 0x0399, 0x0370, 0x0372, 0x0376, 0x03FD,
    0x03FE, 0x03FF, 0x0399, 0x0308, 0x0301, 0x0386, 0x0388, 0x0389,
    0x038A, 0x03A5, 0x0308, 0x0301, 0x0391, 0x0392, 0x0393, 0x0394,
    0x0395, 0x0396, 0x0397, 0x0398, 0x0399, 0x039A, 0x039B, 0x039C,
    0x039D, 0x039E, 0x039F, 0x03A0, 0x03A1, 0x03A3, 0x03A3, 0x03A4,
    0x03A5, 0x03A6, 0x03A7, 0x03A8, 0x03A9, 0x03AA, 0x03AB, 0x038C,
    0x038E, 0x038F, 0x0392, 0x0398, 0x03A6, 0x03A0, 0x03CF, 0x03D8,
    0x03DA, 0x03DC, 0x03DE, 0x03E0, 0x03E2, 0x03E4, 0x03E6, 0x03E8,
    0x03EA, 0x03EC, 0x03EE, 0x039A, 0x03A1, 0x03F9, 0x037F, 0x0395,
    0x03F7, 0x03FA, 0x0410, 0x0411, 0x0412, 0x0413, 0x0414, 0x0415,
    0x0416, 0x0417, 0x0418, 0x0419, 0x041A, 0x041B, 0x041C, 0x041D,
    0x041E, 0x041F, 0x0420, 0x0421, 0x0422, 0x0423, 0x0424, 0x0425,
    0x0426, 0x0427, 0x0428, 0x0429, 0x042A, 0x042B, 0x042C, 0x042D,
    0x042E, 0x042F, 0x0400, 0x0401, 0x0402, 0x0403, 0x0404, 0x0405,
    0x0406, 0x0407, 0x0408, 0x0409, 0x040A, 0x040B, 0x040C, 0x040D,
    0x040E, 0x040F, 0x0460, 0x0462, 0x0464, 0x0466, 0x0468, 0x046A,
    0x046C, 0x046E, 0x0470, 0x0472, 0x0474, 0x0476, 0x0478, 0x047A,
    0x047C, 0x047E, 0x0480, 0x048A, 0x048C, 0x048E, 0x0490, 0x0492,
    0x0494, 0x0496, 0x0498, 0x049A, 0x049C, 0x049E, 0x04A0, 0x04A2,
    0x04A4, 0x04A6, 0x04A8, 0x04AA, 0x04AC, 0x04AE, 0x04B0, 0x04B2,
    0x04B4, 0x04B6, 0x04B8, 0x04BA, 0x04BC, 0x04BE, 0x04C1, 0x04C3,
    0x04C5, 0x04C7, 0x04C9, 0x04CB, 0x04CD, 0x04C0, 0x04D0, 0x04D2,
    0x04D4, 0x04D6, 0x04D8, 0x04DA, 0x04DC, 0x04DE, 0x04E0, 0x04E2,
    0x04E4, 0x04E6, 0x04E8, 0x04EA, 0x04EC, 0x04EE, 0x04F0, 0x04F2,
    0x04F4, 0x04F6, 0x04F8, 0x04FA, 0x04FC, 0x04FE, 0x0500, 0x0502,
    0x0504, 0x0506, 0x0508, 0x050A, 0x050C, 0x050E, 0x0510, 0x0512,
    0x0514, 0x0516, 0x0518, 0x051A, 0x051C, 0x051E, 0x0520, 0x0522,
    0x0524, 0x0526, 0x0528, 0x052A, 0x052C, 0x052E, 0x0531, 0x0532,
    0x0533, 0x0534, 0x0535, 0x0536, 0x0537, 0x0538, 0x0539, 0x053A,
    0x053B, 0x053C, 0x053D, 0x053E, 0x053F, 0x0540, 0x0541, 0x0542,
    0x0543, 0x0544, 0x0545, 0x0546, 0x0547, 0x0548, 0x0549, 0x054A,
    0x054B, 0x054C, 0x054D, 0x054E, 0x054F, 0x0550, 0x0551, 0x0552,
    0x0553, 0x0554, 0x0555, 0x0556, 0x0535, 0x0552, 0x1C90, 0x1C91,
    0x1C92, 0x1C93, 0x1C94, 0x1C95, 0x1C96, 0x1C97, 0x1C98, 0x1C99,
    0x1C9A, 0x1C9B, 0x1C9C, 0x1C9D, 0x1C9E, 0x1C9F, 0x1CA0, 0x1CA1,
    0x1CA2, 0x1CA3, 0x1CA4, 0x1CA5, 0x1CA6, 0x1CA7, 0x1CA8, 0x1CA9,
    0x1CAA, 0x1CAB, 0x1CAC, 0x1CAD, 0x1CAE, 0x1CAF, 0x1CB0, 0x1CB1,
    0x1CB2, 0x1CB3, 0x1CB4, 0x1CB5, 0x1CB6, 0x1CB7, 0x1CB8, 0x1CB9,
    0x1CBA, 0x1CBD, 0x1CBE, 0x1CBF, 0x13F0, 0x13F1, 0x13F2, 0x13F3,
    0x13F4, 0x13F5, 0x0412, 0x0414, 0x041E, 0x0421, 0x0422, 0x0422,
    0x042A, 0x0462, 0xA64A, 0xA77D, 0x2C63, 0xA7C6, 0x1E00, 0x1E02,
    0x1E04, 0x1E06, 0x1E08, 0x1E0A, 0x1E0C, 0x1E0E, 0x1E10, 0x1E12,
    0x1E14, 0x1E16, 0x1E18, 0x1E1A, 0x1E1C, 0x1E1E, 0x1E20, 0x1E22,
    0x1E24, 0x1E26, 0x1E28, 0x1E2A, 0x1E2C, 0x1E2E, 0x1E30, 0x1E32,
    0x1E34, 0x1E36, 0x1E38, 0x1E3A, 0x1E3C, 0x1E3E, 0x1E40, 0x1E42,
    0x1E44, 0x1E46, 0x1E48, 0x1E4A, 0x1E4C, 0x1E4E, 0x1E50, 0x1E52,
    0x1E54, 0x1E56, 0x1E58, 0x1E5A, 0x1E5C, 0x1E5E, 0x1E60, 0x1E62,
    0x1E64, 0x1E66, 0x1E68, 0x1E6A, 0x1E6C, 0x1E6E, 0x1E70, 0x1E72,
    0x1E74, 0x1E76, 0x1E78, 0x1E7A, 0x1E7C, 0x1E7E, 0x1E80, 0x1E82,
    0x1E84, 0x1E86, 0x1E88, 0x1E8A, 0x1E8C, 0x1E8E, 0x1E90, 0x1E92,
    0x1E94, 0x0048, 0x0331, 0x0054, 0x0308, 0x0057, 0x030A, 0x0059,
    0x030A, 0x0041, 0x02BE, 0x1E60, 0x1EA0, 0x1EA2, 0x1EA4, 0x1EA6,
    0x1EA8, 0x1EAA, 0x1EAC, 0x1EAE, 0x1EB0, 0x1EB2, 0x1EB4, 0x1EB6,
    0x1EB8, 0x1EBA, 0x1EBC, 0x1EBE, 0x1EC0, 0x1EC2, 0x1EC4, 0x1EC6,
    0x1EC8, 0x1ECA, 0x1ECC, 0x1ECE, 0x1ED0, 0x1ED2, 0x1ED4, 0x1ED6,
    0x1ED8, 0x1EDA, 0x1EDC, 0x1EDE, 0x1EE0, 0x1EE2, 0x1EE4, 0x1EE6,
    0x1EE8, 0x1EEA, 0x1EEC, 0x1EEE, 0x1EF0, 0x1EF2, 0x1EF4, 0x1EF6,
    0x1EF8, 0x1EFA, 0x1EFC, 0x1EFE, 0x1F08, 0x1F09, 0x1F0A, 0x1F0B,
    0x1F0C, 0x1F0D, 0x1F0E, 0x1F0F, 0x1F18, 0x1F19, 0x1F1A, 0x1F1B,
    0x1F1C, 0x1F1D, 0x1F28, 0x1F29, 0x1F2A, 0x1F2B, 0x1F2C, 0x1F2D,
    0x1F2E, 0x1F2F, 0x1F38, 0x1F39, 0x1F3A, 0x1F3B, 0x1F3C, 0x1F3D,
    0x1F3E, 0x1F3F, 0x1F48, 0x1F49, 0x1F4A, 0x1F4B, 0x1F4C, 0x1F4D,
    0x03A5, 0x0313, 0x1F59, 0x03A5, 0x0313, 0x0300, 0x1F5B, 0x03A5,
    0x0313, 0x0301, 0x1F5D, 0x03A5, 0x0313, 0x0342, 0x1F5F, 0x1F68,
    0x1F69, 0x1F6A, 0x1F6B, 0x1F6C, 0x1F6D, 0x1F6E, 0x1F6F, 0x1FBA,
    0x1FBB, 0x1FC8, 0x1FC9, 0x1FCA, 0x1FCB, 0x1FDA, 0x1FDB, 0x1FF8,
    0x1FF9, 0x1FEA, 0x1FEB, 0x1FFA, 0x1FFB, 0x1F08, 0x0399, 0x1F09,
    0x0399, 0x1F0A, 0x0399, 0x1F0B, 0x0399, 0x1F0C, 0x0399, 0x1F0D,
    0x0399, 0x1F0E, 0x0399, 0x1F0F, 0x0399, 0x1F08, 0x0399, 0x1F09,
    0x0399, 0x1F0A, 0x0399, 0x1F0B, 0x0399, 0x1F0C, 0x0399, 0x1F0D,
    0x0399, 0x1F0E, 0x0399, 0x1F0F, 0x0399, 0x1F28, 0x0399, 0x1F29,
    0x0399, 0x1F2A, 0x0399, 0x1F2B, 0x0399, 0x1F2C, 0x0399, 0x1F2D,
    0x0399, 0x1F2E, 0x0399, 0x1F2F, 0x0399, 0x1F28, 0x0399, 0x1F29,
    0x0399, 0x1F2A, 0x0399, 0x1F2B, 0x0399, 0x1F2C, 0x0399, 0x1F2D,
    0x0399, 0x1F2E, 0x0399, 0x1F2F, 0x0399, 0x1F68, 0x0399, 0x1F69,
    0x0399, 0x1F6A, 0x0399, 0x1F6B, 0x0399, 0x1F6C, 0x0399, 0x1F6D,
    0x0399, 0x1F6E, 0x0399, 0x1F6F, 0x0399, 0x1F68, 0x0399, 0x1F69,
    0x0399, 0x1F6A, 0x0399, 0x1F6B, 0x0399, 0x1F6C, 0x0399, 0x1F6D,
    0x0399, 0x1F6E, 0x0399, 0x1F6F, 0x0399, 0x1FB8, 0x1FB9, 0x1FBA,
    0x0399, 0x0391, 0x0399, 0x0386, 0x0399, 0x0391, 0x0342, 0x0391,
    0x0342, 0x0399, 0x0391, 0x0399, 0x0399, 0x1FCA, 0x0399, 0x0397,
    0x0399, 0x0389, 0x0399, 0x0397, 0x0342, 0x0397, 0x0342, 0x0399,
    0x0397, 0x0399, 0x1FD8, 0x1FD9, 0x0399, 0x0308, 0x0300, 0x0399,
    0x0308, 0x0301, 0x0399, 0x0342, 0x0399, 0x0308, 0x0342, 0x1FE8,
    0x1FE9, 0x03A5, 0x0308, 0x0300, 0x03A5, 0x0308, 0x0301, 0x03A1,
    0x0313, 0x1FEC, 0x03A5, 0x0342, 0x03A5, 0x0308, 0x0342, 0x1FFA,
    0x0399, 0x03A9, 0x0399, 0x038F, 0x0399, 0x03A9, 0x0342, 0x03A9,
    0x0342, 0x0399, 0x03A9, 0x0399, 0x2132, 0x2160, 0x2161, 0x2162,
    0x2163, 0x2164, 0x2165, 0x2166, 0x2167, 0x2168, 0x2169, 0x216A,
    0x216B, 0x216C, 0x216D, 0x216E, 0x216F, 0x2183, 0x24B6, 0x24B7,
    0x24B8, 0x24B9, 0x24BA, 0x24BB, 0x24BC, 0x24BD, 0x24BE, 0x24BF,
    0x24C0, 0x24C1, 0x24C2, 0x24C3, 0x24C4, 0x24C5, 0x24C6, 0x24C7,
    0x24C8, 0x24C9, 0x24CA, 0x24CB, 0x24CC, 0x24CD, 0x24CE, 0x24CF,
    0x2C00, 0x2C01, 0x2C02, 0x2C03, 0x2C04, 0x2C05, 0x2C06, 0x2C07,
    0x2C08, 0x2C09, 0x2C0A, 0x2C0B, 0x2C0C, 0x2C0D, 0x2C0E, 0x2C0F,
    0x2C10, 0x2C11, 0x2C12, 0x2C13, 0x2C14, 0x2C15, 0x2C16, 0x2C17,
    0x2C18, 0x2C19, 0x2C1A, 0x2C1B, 0x2C1C, 0x2C1D, 0x2C1E, 0x2C1F,
    0x2C20, 0x2C21, 0x2C22, 0x2C23, 0x2C24, 0x2C25, 0x2C26, 0x2C27,
    0x2C28, 0x2C29, 0x2C2A, 0x2C2B, 0x2C2C, 0x2C2D, 0x2C2E, 0x2C2F,
    0x2C60, 0x023A, 0x023E, 0x2C67, 0x2C69, 0x2C6B, 0x2C72, 0x2C75,
    0x2C80, 0x2C82, 0x2C84, 0x2C86, 0x2C88, 0x2C8A, 0x2C8C, 0x2C8E,
    0x2C90, 0x2C92, 0x2C94, 0x2C96, 0x2C98, 0x2C9A, 0x2C9C, 0x2C9E,
    0x2CA0, 0x2CA2, 0x2CA4, 0x2CA6, 0x2CA8, 0x2CAA, 0x2CAC, 0x2CAE,
    0x2CB0, 0x2CB2, 0x2CB4, 0x2CB6, 0x2CB8, 0x2CBA, 0x2CBC, 0x2CBE,
    0x2CC0, 0x2CC2, 0x2CC4, 0x2CC6, 0x2CC8, 0x2CCA, 0x2CCC, 0x2CCE,
    0x2CD0, 0x2CD2, 0x2CD4, 0x2CD6, 0x2CD8, 0x2CDA, 0x2CDC, 0x2CDE,
    0x2CE0, 0x2CE2, 0x2CEB, 0x2CED, 0x2CF2, 0x10A0, 0x10A1, 0x10A2,
    0x10A3, 0x10A4, 0x10A5, 0x10A6, 0x10A7, 0x10A8, 0x10A9, 0x10AA,
    0x10AB, 0x10AC, 0x10AD, 0x10AE, 0x10AF, 0x10B0, 0x10B1, 0x10B2,
    0x10B3, 0x10B4, 0x10B5, 0x10B6, 0x10B7, 0x10B8, 0x10B9, 0x10BA,
    0x10BB, 0x10BC, 0x10BD, 0x10BE, 0x10BF, 0x10C0, 0x10C1, 0x10C2,
    0x10C3, 0x10C4, 0x10C5, 0x10C7, 0x10CD, 0xA640, 0xA642, 0xA644,
    0xA646, 0xA648, 0xA64A, 0xA64C, 0xA64E, 0xA650, 0xA652, 0xA654,
    0xA656, 0xA658, 0xA65A, 0xA65C, 0xA65E, 0xA660, 0xA662, 0xA664,
    0xA666, 0xA668, 0xA66A, 0xA66C, 0xA680, 0xA682, 0xA684, 0xA686,
    0xA688, 0xA68A, 0xA68C, 0xA68E, 0xA690, 0xA692, 0xA694, 0xA696,
    0xA698, 0xA69A, 0xA722, 0xA724, 0xA726, 0xA728, 0xA72A, 0xA72C,
    0xA72E, 0xA732, 0xA734, 0xA736, 0xA738, 0xA73A, 0xA73C, 0xA73E,
    0xA740, 0xA742, 0xA744, 0xA746, 0xA748, 0xA74A, 0xA74C, 0xA74E,
    0xA750, 0xA752, 0xA754, 0xA756, 0xA758, 0xA75A, 0xA75C, 0xA75E,
    0xA760, 0xA762, 0xA764, 0xA766, 0xA768, 0xA76A, 0xA76C, 0xA76E,
    0xA779, 0xA77B, 0xA77E, 0xA780, 0xA782, 0xA784, 0xA786, 0xA78B,
    0xA790, 0xA792, 0xA7C4, 0xA796, 0xA798, 0xA79A, 0xA79C, 0xA79E,
    0xA7A0, 0xA7A2, 0xA7A4, 0xA7A6, 0xA7A8, 0xA7B4, 0xA7B6, 0xA7B8,
    0xA7BA, 0xA7BC, 0xA7BE, 0xA7C0, 0xA7C2, 0xA7C7, 0xA7C9, 0xA7D0,
    0xA7D6, 0xA7D8, 0xA7F5, 0xA7B3, 0x13A0, 0x13A1, 0x13A2, 0x13A3,
    0x13A4, 0x13A5, 0x13A6, 0x13A7, 0x13A8, 0x13A9, 0x13AA, 0x13AB,
    0x13AC, 0x13AD, 0x13AE, 0x13AF, 0x13B0, 0x13B1, 0x13B2, 0x13B3,
    0x13B4, 0x13B5, 0x13B6, 0x13B7, 0x13B8, 0x13B9, 0x13BA, 0x13BB,
    0x13BC, 0x13BD, 0x13BE, 0x13BF, 0x13C0, 0x13C1, 0x13C2, 0x13C3,
    0x13C4, 0x13C5, 0x13C6, 0x13C7, 0x13C8, 0x13C9, 0x13CA, 0x13CB,
    0x13CC, 0x13CD, 0x13CE, 0x13CF, 0x13D0, 0x13D1, 0x13D2, 0x13D3,
    0x13D4, 0x13D5, 0x13D6, 0x13D7, 0x13D8, 0x13D9, 0x13DA, 0x13DB,
    0x13DC, 0x13DD, 0x13DE, 0x13DF, 0x13E0, 0x13E1, 0x13E2, 0x13E3,
    0x13E4, 0x13E5, 0x13E6, 0x13E7, 0x13E8, 0x13E9, 0x13EA, 0x13EB,
    0x13EC, 0x13ED, 0x13EE, 0x13EF, 0x0046, 0x0046, 0x0046, 0x0049,
    0x0046, 0x004C, 0x0046, 0x0046, 0x0049, 0x0046, 0x0046, 0x004C,
    0x0053, 0x0054, 0x0053, 0x0054, 0x0544, 0x0546, 0x0544, 0x0535,
    0x0544, 0x053B, 0x054E, 0x0546, 0x0544, 0x053D, 0xFF21, 0xFF22,
    0xFF23, 0xFF24, 0xFF25, 0xFF26, 0xFF27, 0xFF28, 0xFF29, 0xFF2A,
    0xFF2B, 0xFF2C, 0xFF2D, 0xFF2E, 0xFF2F, 0xFF30, 0xFF31, 0xFF32,
    0xFF33, 0xFF34, 0xFF35, 0xFF36, 0xFF37, 0xFF38, 0xFF39, 0xFF3A,
    0x10400, 0x10401, 0x10402, 0x10403, 0x10404, 0x10405, 0x10406, 0x10407,
    0x10408, 0x10409, 0x1040A, 0x1040B, 0x1040C, 0x1040D, 0x1040E, 0x1040F,
    0x10410, 0x10411, 0x10412, 0x10413, 0x10414, 0x10415, 0x10416, 0x10417,
    0x10418, 0x10419, 0x1041A, 0x1041B, 0x1041C, 0x1041D, 0x1041E, 0x1041F,
    0x10420, 0x10421, 0x10422, 0x10423, 0x10424, 0x10425, 0x10426, 0x10427,
    0x104B0, 0x104B1, 0x104B2, 0x104B3, 0x104B4, 0x104B5, 0x104B6, 0x104B7,
    0x104B8, 0x104B9, 0x104BA, 0x104BB, 0x104BC, 0x104BD, 0x104BE, 0x104BF,
    0x104C0, 0x104C1, 0x104C2, 0x104C3, 0x104C4, 0x104C5, 0x104C6, 0x104C7,
    0x104C8, 0x104C9, 0x104CA, 0x104CB, 0x104CC, 0x104CD, 0x104CE, 0x104CF,
    0x104D0, 0x104D1, 0x104D2, 0x104D3, 0x10570, 0x10571, 0x10572, 0x10573,
    0x10574, 0x10575, 0x10576, 0x10577, 0x10578, 0x10579, 0x1057A, 0x1057C,
    0x1057D, 0x1057E, 0x1057F, 0x10580, 0x10581, 0x10582, 0x10583, 0x10584,
    0x10585, 0x10586, 0x10587, 0x10588, 0x10589, 0x1058A, 0x1058C, 0x1058D,
    0x1058E, 0x1058F, 0x10590, 0x10591, 0x10592, 0x10594, 0x10595, 0x10C80,
    0x10C81, 0x10C82, 0x10C83, 0x10C84, 0x10C85, 0x10C86, 0x10C87, 0x10C88,
    0x10C89, 0x10C8A, 0x10C8B, 0x10C8C, 0x10C8D, 0x10C8E, 0x10C8F, 0x10C90,
    0x10C91, 0x10C92, 0x10C93, 0x10C94, 0x10C95, 0x10C96, 0x10C97, 0x10C98,
    0x10C99, 0x10C9A, 0x10C9B, 0x10C9C, 0x10C9D, 0x10C9E, 0x10C9F, 0x10CA0,
    0x10CA1, 0x10CA2, 0x10CA3, 0x10CA4, 0x10CA5, 0x10CA6, 0x10CA7, 0x10CA8,
    0x10CA9, 0x10CAA, 0x10CAB, 0x10CAC, 0x10CAD, 0x10CAE, 0x10CAF, 0x10CB0,
    0x10CB1, 0x10CB2, 0x118A0, 0x118A1, 0x118A2, 0x118A3, 0x118A4, 0x118A5,
    0x118A6, 0x118A7, 0x118A8, 0x118A9, 0x118AA, 0x118AB, 0x118AC, 0x118AD,
    0x118AE, 0x118AF, 0x118B0, 0x118B1, 0x118B2, 0x118B3, 0x118B4, 0x118B5,
    0x118B6, 0x118B7, 0x118B8, 0x118B9, 0x118BA, 0x118BB, 0x118BC, 0x118BD,
    0x118BE, 0x118BF, 0x16E40, 0x16E41, 0x16E42, 0x16E43, 0x16E44, 0x16E45,
    0x16E46, 0x16E47, 0x16E48, 0x16E49, 0x16E4A, 0x16E4B, 0x16E4C, 0x16E4D,
    0x16E4E, 0x16E4F, 0x16E50, 0x16E51, 0x16E52, 0x16E53, 0x16E54, 0x16E55,
    0x16E56, 0x16E57, 0x16E58, 0x16E59, 0x16E5A, 0x16E5B, 0x16E5C, 0x16E5D,
    0x16E5E, 0x16E5F, 0x1E900, 0x1E901, 0x1E902, 0x1E903, 0x1E904, 0x1E905,
    0x1E906, 0x1E907, 0x1E908, 0x1E909, 0x1E90A, 0x1E90B, 0x1E90C, 0x1E90D,
    0x1E90E, 0x1E90F, 0x1E910, 0x1E911, 0x1E912, 0x1E913, 0x1E914, 0x1E915,
    0x1E916, 0x1E917, 0x1E918, 0x1E919, 0x1E91A, 0x1E91B, 0x1E91C, 0x1E91D,
    0x1E91E, 0x1E91F, 0x1E920, 0x1E921,
};

static const unicode_full_case_entry unicode_full_upper_table[] = {
    {0x0061, 0, 1},
    {0x0062, 1, 1},
    {0x0063, 2, 1},
    {0x0064, 3, 1},
    {0x0065, 4, 1},
    {0x0066, 5, 1},
    {0x0067, 6, 1},
    {0x0068, 7, 1},
    {0x0069, 8, 1},
    {0x006A, 9, 1},
    {0x006B, 10, 1},
    {0x006C, 11, 1},
    {0x006D, 12, 1},
    {0x006E, 13, 1},
    {0x006F, 14, 1},
    {0x0070, 15, 1},
    {0x0071, 16, 1},
    {0x0072, 17, 1},
    {0x0073, 18, 1},
    {0x0074, 19, 1},
    {0x0075, 20, 1},
    {0x0076, 21, 1},
    {0x0077, 22, 1},
    {0x0078, 23, 1},
    {0x0079, 24, 1},
    {0x007A, 25, 1},
    {0x00B5, 26, 1},
    {0x00DF, 27, 2},
    {0x00E0, 29, 1},
    {0x00E1, 30, 1},
    {0x00E2, 31, 1},
    {0x00E3, 32, 1},
    {0x00E4, 33, 1},
    {0x00E5, 34, 1},
    {0x00E6, 35, 1},
    {0x00E7, 36, 1},
    {0x00E8, 37, 1},
    {0x00E9, 38, 1},
    {0x00EA, 39, 1},
    {0x00EB, 40, 1},
    {0x00EC, 41, 1},
    {0x00ED, 42, 1},
    {0x00EE, 43, 1},
    {0x00EF, 44, 1},
    {0x00F0, 45, 1},
    {0x00F1, 46, 1},
    {0x00F2, 47, 1},
    {0x00F3, 48, 1},
    {0x00F4, 49, 1},
    {0x00F5, 50, 1},
    {0x00F6, 51, 1},
    {0x00F8, 52, 1},
    {0x00F9, 53, 1},
    {0x00FA, 54, 1},
    {0x00FB, 55, 1},
    {0x00FC, 56, 1},
    {0x00FD, 57, 1},
    {0x00FE, 58, 1},
    {0x00FF, 59, 1},
    {0x0101, 60, 1},
    {0x0103, 61, 1},
    {0x0105, 62, 1},
    {0x0107, 63, 1},
    {0x0109, 64, 1},
    {0x010B, 65, 1},
    {0x010D, 66, 1},
    {0x010F, 67, 1},
    {0x0111, 68, 1},
    {0x0113, 69, 1},
    {0x0115, 70, 1},
    {0x0117, 71, 1},
    {0x0119, 72, 1},
    {0x011B, 73, 1},
    {0x011D, 74, 1},
    {0x011F, 75, 1},
    {0x0121, 76, 1},
    {0x0123, 77, 1},
    {0x0125, 78, 1},
    {0x0127, 79, 1},
    {0x0129, 80, 1},
    {0x012B, 81, 1},
    {0x012D, 82, 1},
    {0x012F, 83, 1},
    {0x0130, 84, 1},
    {0x0131, 85, 1},
    {0x0133, 86, 1},
    {0x0135, 87, 1},
    {0x0137, 88, 1},
    {0x013A, 89, 1},
    {0x013C, 90, 1},
    {0x013E, 91, 1},
    {0x0140, 92, 1},
    {0x0142, 93, 1},
    {0x0144, 94, 1},
    {0x0146, 95, 1},
    {0x0148, 96, 1},
    {0x0149, 97, 2},
    {0x014B, 99, 1},
    {0x014D, 100, 1},
    {0x014F, 101, 1},
    {0x0151, 102, 1},
    {0x0153, 103, 1},
    {0x0155, 104, 1},
    {0x0157, 105, 1},
    {0x0159, 106, 1},
    {0x015B, 107, 1},
    {0x015D, 108, 1},
    {0x015F, 109, 1},
    {0x0161, 110, 1},
    {0x0163, 111, 1},
    {0x0165, 112, 1},
    {0x0167, 113, 1},
    {0x0169, 114, 1},
    {0x016B, 115, 1},
    {0x016D, 116, 1},
    {0x016F, 117, 1},
    {0x0171, 118, 1},
    {0x0173, 119, 1},
    {0x0175, 120, 1},
    {0x0177, 121, 1},
    {0x017A, 122, 1},
    {0x017C, 123, 1},
    {0x017E, 124, 1},
    {0x017F, 125, 1},
    {0x0180, 126, 1},
    {0x0183, 127, 1},
    {0x0185, 128, 1},
    {0x0188, 129, 1},
    {0x018C, 130, 1},
    {0x0192, 131, 1},
    {0x0195, 132, 1},
    {0x0199, 133, 1},
    {0x019A, 134, 1},
    {0x019E, 135, 1},
    {0x01A1, 136, 1},
    {0x01A3, 137, 1},
    {0x01A5, 138, 1},
    {0x01A8, 139, 1},
    {0x01AD, 140, 1},
    {0x01B0, 141, 1},
    {0x01B4, 142, 1},
    {0x01B6, 143, 1},
    {0x01B9, 144, 1},
    {0x01BD, 145, 1},
    {0x01BF, 146, 1},
    {0x01C5, 147, 1},
    {0x01C6, 148, 1},
    {0x01C8, 149, 1},
    {0x01C9, 150, 1},
    {0x01CB, 151, 1},
    {0x01CC, 152, 1},
    {0x01CE, 153, 1},
    {0x01D0, 154, 1},
    {0x01D2, 155, 1},
    {0x01D4, 156, 1},
    {0x01D6, 157, 1},
    {0x01D8, 158, 1},
    {0x01DA, 159, 1},
    {0x01DC, 160, 1},
    {0x01DD, 161, 1},
    {0x01DF, 162, 1},
    {0x01E1, 163, 1},
    {0x01E3, 164, 1},
    {0x01E5, 165, 1},
    {0x01E7, 166, 1},
    {0x01E9, 167, 1},
    {0x01EB, 168, 1},
    {0x01ED, 169, 1},
    {0x01EF, 170, 1},
    {0x01F0, 171, 2},
    {0x01F2, 173, 1},
    {0x01F3, 174, 1},
    {0x01F5, 175, 1},
    {0x01F9, 176, 1},
    {0x01FB, 177, 1},
    {0x01FD, 178, 1},
    {0x01FF, 179, 1},
    {0x0201, 180, 1},
    {0x0203, 181, 1},
    {0x0205, 182, 1},
    {0x0207, 183, 1},
    {0x0209, 184, 1},
    {0x020B, 185, 1},
    {0x020D, 186, 1},
    {0x020F, 187, 1},
    {0x0211, 188, 1},
    {0x0213, 189, 1},
    {0x0215, 190, 1},
    {0x0217, 191, 1},
    {0x0219, 192, 1},
    {0x021B, 193, 1},
    {0x021D, 194, 1},
    {0x021F, 195, 1},
    {0x0223, 196, 1},
    {0x0225, 197, 1},
    {0x0227, 198, 1},
    {0x0229, 199, 1},
    {0x022B, 200, 1},
    {0x022D, 201, 1},
    {0x022F, 202, 1},
    {0x0231, 203, 1},
    {0x0233, 204, 1},
    {0x023C, 205, 1},
    {0x023F, 206, 1},
    {0x0240, 207, 1},
    {0x0242, 208, 1},
    {0x0247, 209, 1},
    {0x0249, 210, 1},
    {0x024B, 211, 1},
    {0x024D, 212, 1},
    {0x024F, 213, 1},
    {0x0250, 214, 1},
    {0x0251, 215, 1},
    {0x0252, 216, 1},
    {0x0253, 217, 1},
    {0x0254, 218, 1},
    {0x0256, 219, 1},
    {0x0257, 220, 1},
    {0x0259, 221, 1},
    {0x025B, 222, 1},
    {0x025C, 223, 1},
    {0x0260, 224, 1},
    {0x0261, 225, 1},
    {0x0263, 226, 1},
    {0x0265, 227, 1},
    {0x0266, 228, 1},
    {0x0268, 229, 1},
    {0x0269, 230, 1},
    {0x026A, 231, 1},
    {0x026B, 232, 1},
    {0x026C, 233, 1},
    {0x026F, 234, 1},
    {0x0271, 235, 1},
    {0x0272, 236, 1},
    {0x0275, 237, 1},
    {0x027D, 238, 1},
    {0x0280, 239, 1},
    {0x0282, 240, 1},
    {0x0283, 241, 1},
    {0x0287, 242, 1},
    {0x0288, 243, 1},
    {0x0289, 244, 1},
    {0x028A, 245, 1},
    {0x028B, 246, 1},
    {0x028C, 247, 1},
    {0x0292, 248, 1},
    {0x029D, 249, 1},
    {0x029E, 250, 1},
    {0x0345, 251, 1},
    {0x0371, 252, 1},
    {0x0373, 253, 1},
    {0x0377, 254, 1},
    {0x037B, 255, 1},
    {0x037C, 256, 1},
    {0x037D, 257, 1},
    {0x0390, 258, 3},
    {0x03AC, 261, 1},
    {0x03AD, 262, 1},
    {0x03AE, 263, 1},
    {0x03AF, 264, 1},
    {0x03B0, 265, 3},
    {0x03B1, 268, 1},
    {0x03B2, 269, 1},
    {0x03B3, 270, 1},
    {0x03B4, 271, 1},
    {0x03B5, 272, 1},
    {0x03B6, 273, 1},
    {0x03B7, 274, 1},
    {0x03B8, 275, 1},
    {0x03B9, 276, 1},
    {0x03BA, 277, 1},
    {0x03BB, 278, 1},
    {0x03BC, 279, 1},
    {0x03BD, 280, 1},
    {0x03BE, 281, 1},
    {0x03BF, 282, 1},
    {0x03C0, 283, 1},
    {0x03C1, 284, 1},
    {0x03C2, 285, 1},
    {0x03C3, 286, 1},
    {0x03C4, 287, 1},
    {0x03C5, 288, 1},
    {0x03C6, 289, 1},
    {0x03C7, 290, 1},
    {0x03C8, 291, 1},
    {0x03C9, 292, 1},
    {0x03CA, 293, 1},
    {0x03CB, 294, 1},
    {0x03CC, 295, 1},
    {0x03CD, 296, 1},
    {0x03CE, 297, 1},
    {0x03D0, 298, 1},
    {0x03D1, 299, 1},
    {0x03D5, 300, 1},
    {0x03D6, 301, 1},
    {0x03D7, 302, 1},
    {0x03D9, 303, 1},
    {0x03DB, 304, 1},
    {0x03DD, 305, 1},
    {0x03DF, 306, 1},
    {0x03E1, 307, 1},
    {0x03E3, 308, 1},
    {0x03E5, 309, 1},
    {0x03E7, 310, 1},
    {0x03E9, 311, 1},
    {0x03EB, 312, 1},
    {0x03ED, 313, 1},
    {0x03EF, 314, 1},
    {0x03F0, 315, 1},
    {0x03F1, 316, 1},
    {0x03F2, 317, 1},
    {0x03F3, 318, 1},
    {0x03F5, 319, 1},
    {0x03F8, 320, 1},
    {0x03FB, 321, 1},
    {0x0430, 322, 1},
    {0x0431, 323, 1},
    {0x0432, 324, 1},
    {0x0433, 325, 1},
    {0x0434, 326, 1},
    {0x0435, 327, 1},
    {0x0436, 328, 1},
    {0x0437, 329, 1},
    {0x0438, 330, 1},
    {0x0439, 331, 1},
    {0x043A, 332, 1},
    {0x043B, 333, 1},
    {0x043C, 334, 1},
    {0x043D, 335, 1},
    {0x043E, 336, 1},
    {0x043F, 337, 1},
    {0x0440, 338, 1},
    {0x0441, 339, 1},
    {0x0442, 340, 1},
    {0x0443, 341, 1},
    {0x0444, 342, 1},
    {0x0445, 343, 1},
    {0x0446, 344, 1},
    {0x0447, 345, 1},
    {0x0448, 346, 1},
    {0x0449, 347, 1},
    {0x044A, 348, 1},
    {0x044B, 349, 1},
    {0x044C, 350, 1},
    {0x044D, 351, 1},
    {0x044E, 352, 1},
    {0x044F, 353, 1},
    {0x0450, 354, 1},
    {0x0451, 355, 1},
    {0x0452, 356, 1},
    {0x0453, 357, 1},
    {0x0454, 358, 1},
    {0x0455, 359, 1},
    {0x0456, 360, 1},
    {0x0457, 361, 1},
    {0x0458, 362, 1},
    {0x0459, 363, 1},
    {0x045A, 364, 1},
    {0x045B, 365, 1},
    {0x045C, 366, 1},
    {0x045D, 367, 1},
    {0x045E, 368, 1},
    {0x045F, 369, 1},
    {0x0461, 370, 1},
    {0x0463, 371, 1},
    {0x0465, 372, 1},
    {0x0467, 373, 1},
    {0x0469, 374, 1},
    {0x046B, 375, 1},
    {0x046D, 376, 1},
    {0x046F, 377, 1},
    {0x0471, 378, 1},
    {0x0473, 379, 1},
    {0x0475, 380, 1},
    {0x0477, 381, 1},
    {0x0479, 382, 1},
    {0x047B, 383, 1},
    {0x047D, 384, 1},
    {0x047F, 385, 1},
    {0x0481, 386, 1},
    {0x048B, 387, 1},
    {0x048D, 388, 1},
    {0x048F, 389, 1},
    {0x0491, 390, 1},
    {0x0493, 391, 1},
    {0x0495, 392, 1},
    {0x0497, 393, 1},
    {0x0499, 394, 1},
    {0x049B, 395, 1},
    {0x049D, 396, 1},
    {0x049F, 397, 1},
    {0x04A1, 398, 1},
    {0x04A3, 399, 1},
    {0x04A5, 400, 1},
    {0x04A7, 401, 1},
    {0x04A9, 402, 1},
    {0x04AB, 403, 1},
    {0x04AD, 404, 1},
    {0x04AF, 405, 1},
    {0x04B1, 406, 1},
    {0x04B3, 407, 1},
    {0x04B5, 408, 1},
    {0x04B7, 409, 1},
    {0x04B9, 410, 1},
    {0x04BB, 411, 1},
    {0x04BD, 412, 1},
    {0x04BF, 413, 1},
    {0x04C2, 414, 1},
    {0x04C4, 415, 1},
    {0x04C6, 416, 1},
    {0x04C8, 417, 1},
    {0x04CA, 418, 1},
    {0x04CC, 419, 1},
    {0x04CE, 420, 1},
    {0x04CF, 421, 1},
    {0x04D1, 422, 1},
    {0x04D3, 423, 1},
    {0x04D5, 424, 1},
    {0x04D7, 425, 1},
    {0x04D9, 426, 1},
    {0x04DB, 427, 1},
    {0x04DD, 428, 1},
    {0x04DF, 429, 1},
    {0x04E1, 430, 1},
    {0x04E3, 431, 1},
    {0x04E5, 432, 1},
    {0x04E7, 433, 1},
    {0x04E9, 434, 1},
    {0x04EB, 435, 1},
    {0x04ED, 436, 1},
    {0x04EF, 437, 1},
    {0x04F1, 438, 1},
    {0x04F3, 439, 1},
    {0x04F5, 440, 1},
    {0x04F7, 441, 1},
    {0x04F9, 442, 1},
    {0x04FB, 443, 1},
    {0x04FD, 444, 1},
    {0x04FF, 445, 1},
    {0x0501, 446, 1},
    {0x0503, 447, 1},
    {0x0505, 448, 1},
    {0x0507, 449, 1},
    {0x0509, 450, 1},
    {0x050B, 451, 1},
    {0x050D, 452, 1},
    {0x050F, 453, 1},
    {0x0511, 454, 1},
    {0x0513, 455, 1},
    {0x0515, 456, 1},
    {0x0517, 457, 1},
    {0x0519, 458, 1},
    {0x051B, 459, 1},
    {0x051D, 460, 1},
    {0x051F, 461, 1},
    {0x0521, 462, 1},
    {0x0523, 463, 1},
    {0x0525, 464, 1},
    {0x0527, 465, 1},
    {0x0529, 466, 1},
    {0x052B, 467, 1},
    {0x052D, 468, 1},
    {0x052F, 469, 1},
    {0x0561, 470, 1},
    {0x0562, 471, 1},
    {0x0563, 472, 1},
    {0x0564, 473, 1},
    {0x0565, 474, 1},
    {0x0566, 475, 1},
    {0x0567, 476, 1},
    {0x0568, 477, 1},
    {0x0569, 478, 1},
    {0x056A, 479, 1},
    {0x056B, 480, 1},
    {0x056C, 481, 1},
    {0x056D, 482, 1},
    {0x056E, 483, 1},
    {0x056F, 484, 1},
    {0x0570, 485, 1},
    {0x0571, 486, 1},
    {0x0572, 487, 1},
    {0x0573, 488, 1},
    {0x0574, 489, 1},
    {0x0575, 490, 1},
    {0x0576, 491, 1},
    {0x0577, 492, 1},
    {0x0578, 493, 1},
    {0x0579, 494, 1},
    {0x057A, 495, 1},
    {0x057B, 496, 1},
    {0x057C, 497, 1},
    {0x057D, 498, 1},
    {0x057E, 499, 1},
    {0x057F, 500, 1},
    {0x0580, 501, 1},
    {0x0581, 502, 1},
    {0x0582, 503, 1},
    {0x0583, 504, 1},
    {0x0584, 505, 1},
    {0x0585, 506, 1},
    {0x0586, 507, 1},
    {0x0587, 508, 2},
    {0x10D0, 510, 1},
    {0x10D1, 511, 1},
    {0x10D2, 512, 1},
    {0x10D3, 513, 1},
    {0x10D4, 514, 1},
    {0x10D5, 515, 1},
    {0x10D6, 516, 1},
    {0x10D7, 517, 1},
    {0x10D8, 518, 1},
    {0x10D9, 519, 1},
    {0x10DA, 520, 1},
    {0x10DB, 521, 1},
    {0x10DC, 522, 1},
    {0x10DD, 523, 1},
    {0x10DE, 524, 1},
    {0x10DF, 525, 1},
    {0x10E0, 526, 1},
    {0x10E1, 527, 1},
    {0x10E2, 528, 1},
    {0x10E3, 529, 1},
    {0x10E4, 530, 1},
    {0x10E5, 531, 1},
    {0x10E6, 532, 1},
    {0x10E7, 533, 1},
    {0x10E8, 534, 1},
    {0x10E9, 535, 1},
    {0x10EA, 536, 1},
    {0x10EB, 537, 1},
    {0x10EC, 538, 1},
    {0x10ED, 539, 1},
    {0x10EE, 540, 1},
    {0x10EF, 541, 1},
    {0x10F0, 542, 1},
    {0x10F1, 543, 1},
    {0x10F2, 544, 1},
    {0x10F3, 545, 1},
    {0x10F4, 546, 1},
    {0x10F5, 547, 1},
    {0x10F6, 548, 1},
    {0x10F7, 549, 1},
    {0x10F8, 550, 1},
    {0x10F9, 551, 1},
    {0x10FA, 552, 1},
    {0x10FD, 553, 1},
    {0x10FE, 554, 1},
    {0x10FF, 555, 1},
    {0x13F8, 556, 1},
    {0x13F9, 557, 1},
    {0x13FA, 558, 1},
    {0x13FB, 559, 1},
    {0x13FC, 560, 1},
    {0x13FD, 561, 1},
    {0x1C80, 562, 1},
    {0x1C81, 563, 1},
    {0x1C82, 564, 1},
    {0x1C83, 565, 1},
    {0x1C84, 566, 1},
    {0x1C85, 567, 1},
    {0x1C86, 568, 1},
    {0x1C87, 569, 1},
    {0x1C88, 570, 1},
    {0x1D79, 571, 1},
    {0x1D7D, 572, 1},
    {0x1D8E, 573, 1},
    {0x1E01, 574, 1},
    {0x1E03, 575, 1},
    {0x1E05, 576, 1},
    {0x1E07, 577, 1},
    {0x1E09, 578, 1},
    {0x1E0B, 579, 1},
    {0x1E0D, 580, 1},
    {0x1E0F, 581, 1},
    {0x1E11, 582, 1},
    {0x1E13, 583, 1},
    {0x1E15, 584, 1},
    {0x1E17, 585, 1},
    {0x1E19, 586, 1},
    {0x1E1B, 587, 1},
    {0x1E1D, 588, 1},
    {0x1E1F, 589, 1},
    {0x1E21, 590, 1},
    {0x1E23, 591, 1},
    {0x1E25, 592, 1},
    {0x1E27, 593, 1},
    {0x1E29, 594, 1},
    {0x1E2B, 595, 1},
    {0x1E2D, 596, 1},
    {0x1E2F, 597, 1},
    {0x1E31, 598, 1},
    {0x1E33, 599, 1},
    {0x1E35, 600, 1},
    {0x1E37, 601, 1},
    {0x1E39, 602, 1},
    {0x1E3B, 603, 1},
    {0x1E3D, 604, 1},
    {0x1E3F, 605, 1},
    {0x1E41, 606, 1},
    {0x1E43, 607, 1},
    {0x1E45, 608, 1},
    {0x1E47, 609, 1},
    {0x1E49, 610, 1},
    {0x1E4B, 611, 1},
    {0x1E4D, 612, 1},
    {0x1E4F, 613, 1},
    {0x1E51, 614, 1},
    {0x1E53, 615, 1},
    {0x1E55, 616, 1},
    {0x1E57, 617, 1},
    {0x1E59, 618, 1},
    {0x1E5B, 619, 1},
    {0x1E5D, 620, 1},
    {0x1E5F, 621, 1},
    {0x1E61, 622, 1},
    {0x1E63, 623, 1},
    {0x1E65, 624, 1},
    {0x1E67, 625, 1},
    {0x1E69, 626, 1},
    {0x1E6B, 627, 1},
    {0x1E6D, 628, 1},
    {0x1E6F, 629, 1},
    {0x1E71, 630, 1},
    {0x1E73, 631, 1},
    {0x1E75, 632, 1},
    {0x1E77, 633, 1},
    {0x1E79, 634, 1},
    {0x1E7B, 635, 1},
    {0x1E7D, 636, 1},
    {0x1E7F, 637, 1},
    {0x1E81, 638, 1},
    {0x1E83, 639, 1},
    {0x1E85, 640, 1},
    {0x1E87, 641, 1},
    {0x1E89, 642, 1},
    {0x1E8B, 643, 1},
    {0x1E8D, 644, 1},
    {0x1E8F, 645, 1},
    {0x1E91, 646, 1},
    {0x1E93, 647, 1},
    {0x1E95, 648, 1},
    {0x1E96, 649, 2},
    {0x1E97, 651, 2},
    {0x1E98, 653, 2},
    {0x1E99, 655, 2},
    {0x1E9A, 657, 2},
    {0x1E9B, 659, 1},
    {0x1EA1, 660, 1},
    {0x1EA3, 661, 1},
    {0x1EA5, 662, 1},
    {0x1EA7, 663, 1},
    {0x1EA9, 664, 1},
    {0x1EAB, 665, 1},
    {0x1EAD, 666, 1},
    {0x1EAF, 667, 1},
    {0x1EB1, 668, 1},
    {0x1EB3, 669, 1},
    {0x1EB5, 670, 1},
    {0x1EB7, 671, 1},
    {0x1EB9, 672, 1},
    {0x1EBB, 673, 1},
    {0x1EBD, 674, 1},
    {0x1EBF, 675, 1},
    {0x1EC1, 676, 1},
    {0x1EC3, 677, 1},
    {0x1EC5, 678, 1},
    {0x1EC7, 679, 1},
    {0x1EC9, 680, 1},
    {0x1ECB, 681, 1},
    {0x1ECD, 682, 1},
    {0x1ECF, 683, 1},
    {0x1ED1, 684, 1},
    {0x1ED3, 685, 1},
    {0x1ED5, 686, 1},
    {0x1ED7, 687, 1},
    {0x1ED9, 688, 1},
    {0x1EDB, 689, 1},
    {0x1EDD, 690, 1},
    {0x1EDF, 691, 1},
    {0x1EE1, 692, 1},
    {0x1EE3, 693, 1},
    {0x1EE5, 694, 1},
    {0x1EE7, 695, 1},
    {0x1EE9, 696, 1},
    {0x1EEB, 697, 1},
    {0x1EED, 698, 1},
    {0x1EEF, 699, 1},
    {0x1EF1, 700, 1},
    {0x1EF3, 701, 1},
    {0x1EF5, 702, 1},
    {0x1EF7, 703, 1},
    {0x1EF9, 704, 1},
    {0x1EFB, 705, 1},
    {0x1EFD, 706, 1},
    {0x1EFF, 707, 1},
    {0x1F00, 708, 1},
    {0x1F01, 709, 1},
    {0x1F02, 710, 1},
    {0x1F03, 711, 1},
    {0x1F04, 712, 1},
    {0x1F05, 713, 1},
    {0x1F06, 714, 1},
    {0x1F07, 715, 1},
    {0x1F10, 716, 1},
    {0x1F11, 717, 1},
    {0x1F12, 718, 1},
    {0x1F13, 719, 1},
    {0x1F14, 720, 1},
    {0x1F15, 721, 1},
    {0x1F20, 722, 1},
    {0x1F21, 723, 1},
    {0x1F22, 724, 1},
    {0x1F23, 725, 1},
    {0x1F24, 726, 1},
    {0x1F25, 727, 1},
    {0x1F26, 728, 1},
    {0x1F27, 729, 1},
    {0x1F30, 730, 1},
    {0x1F31, 731, 1},
    {0x1F32, 732, 1},
    {0x1F33, 733, 1},
    {0x1F34, 734, 1},
    {0x1F35, 735, 1},
    {0x1F36, 736, 1},
    {0x1F37, 737, 1},
    {0x1F40, 738, 1},
    {0x1F41, 739, 1},
    {0x1F42, 740, 1},
    {0x1F43, 741, 1},
    {0x1F44, 742, 1},
    {0x1F45, 743, 1},
    {0x1F50, 744, 2},
    {0x1F51, 746, 1},
    {0x1F52, 747, 3},
    {0x1F53, 750, 1},
    {0x1F54, 751, 3},
    {0x1F55, 754, 1},
    {0x1F56, 755, 3},
    {0x1F57, 758, 1},
    {0x1F60, 759, 1},
    {0x1F61, 760, 1},
    {0x1F62, 761, 1},
    {0x1F63, 762, 1},
    {0x1F64, 763, 1},
    {0x1F65, 764, 1},
    {0x1F66, 765, 1},
    {0x1F67, 766, 1},
    {0x1F70, 767, 1},
    {0x1F71, 768, 1},
    {0x1F72, 769, 1},
    {0x1F73, 770, 1},
    {0x1F74, 771, 1},
    {0x1F75, 772, 1},
    {0x1F76, 773, 1},
    {0x1F77, 774, 1},
    {0x1F78, 775, 1},
    {0x1F79, 776, 1},
    {0x1F7A, 777, 1},
    {0x1F7B, 778, 1},
    {0x1F7C, 779, 1},
    {0x1F7D, 780, 1},
    {0x1F80, 781, 2},
    {0x1F81, 783, 2},
    {0x1F82, 785, 2},
    {0x1F83, 787, 2},
    {0x1F84, 789, 2},
    {0x1F85, 791, 2},
    {0x1F86, 793, 2},
    {0x1F87, 795, 2},
    {0x1F88, 797, 2},
    {0x1F89, 799, 2},
    {0x1F8A, 801, 2},
    {0x1F8B, 803, 2},
    {0x1F8C, 805, 2},
    {0x1F8D, 807, 2},
    {0x1F8E, 809, 2},
    {0x1F8F, 811, 2},
    {0x1F90, 813, 2},
    {0x1F91, 815, 2},
    {0x1F92, 817, 2},
    {0x1F93, 819, 2},
    {0x1F94, 821, 2},
    {0x1F95, 823, 2},
    {0x1F96, 825, 2},
    {0x1F97, 827, 2},
    {0x1F98, 829, 2},
    {0x1F99, 831, 2},
    {0x1F9A, 833, 2},
    {0x1F9B, 835, 2},
    {0x1F9C, 837, 2},
    {0x1F9D, 839, 2},
    {0x1F9E, 841, 2},
    {0x1F9F, 843, 2},
    {0x1FA0, 845, 2},
    {0x1FA1, 847, 2},
    {0x1FA2, 849, 2},
    {0x1FA3, 851, 2},
    {0x1FA4, 853, 2},
    {0x1FA5, 855, 2},
    {0x1FA6, 857, 2},
    {0x1FA7, 859, 2},
    {0x1FA8, 861, 2},
    {0x1FA9, 863, 2},
    {0x1FAA, 865, 2},
    {0x1FAB, 867, 2},
    {0x1FAC, 869, 2},
    {0x1FAD, 871, 2},
    {0x1FAE, 873, 2},
    {0x1FAF, 875, 2},
    {0x1FB0, 877, 1},
    {0x1FB1, 878, 1},
    {0x1FB2, 879, 2},
    {0x1FB3, 881, 2},
    {0x1FB4, 883, 2},
    {0x1FB6, 885, 2},
    {0x1FB7, 887, 3},
    {0x1FBC, 890, 2},
    {0x1FBE, 892, 1},
    {0x1FC2, 893, 2},
    {0x1FC3, 895, 2},
    {0x1FC4, 897, 2},
    {0x1FC6, 899, 2},
    {0x1FC7, 901, 3},
    {0x1FCC, 904, 2},
    {0x1FD0, 906, 1},
    {0x1FD1, 907, 1},
    {0x1FD2, 908, 3},
    {0x1FD3, 911, 3},
    {0x1FD6, 914, 2},
    {0x1FD7, 916, 3},
    {0x1FE0, 919, 1},
    {0x1FE1, 920, 1},
    {0x1FE2, 921, 3},
    {0x1FE3, 924, 3},
    {0x1FE4, 927, 2},
    {0x1FE5, 929, 1},
    {0x1FE6, 930, 2},
    {0x1FE7, 932, 3},
    {0x1FF2, 935, 2},
    {0x1FF3, 937, 2},
    {0x1FF4, 939, 2},
    {0x1FF6, 941, 2},
    {0x1FF7, 943, 3},
    {0x1FFC, 946, 2},
    {0x214E, 948, 1},
    {0x2170, 949, 1},
    {0x2171, 950, 1},
    {0x2172, 951, 1},
    {0x2173, 952, 1},
    {0x2174, 953, 1},
    {0x2175, 954, 1},
    {0x2176, 955, 1},
    {0x2177, 956, 1},
    {0x2178, 957, 1},
    {0x2179, 958, 1},
    {0x217A, 959, 1},
    {0x217B, 960, 1},
    {0x217C, 961, 1},
    {0x217D, 962, 1},
    {0x217E, 963, 1},
    {0x217F, 964, 1},
    {0x2184, 965, 1},
    {0x24D0, 966, 1},
    {0x24D1, 967, 1},
    {0x24D2, 968, 1},
    {0x24D3, 969, 1},
    {0x24D4, 970, 1},
    {0x24D5, 971, 1},
    {0x24D6, 972, 1},
    {0x24D7, 973, 1},
    {0x24D8, 974, 1},
    {0x24D9, 975, 1},
    {0x24DA, 976, 1},
    {0x24DB, 977, 1},
    {0x24DC, 978, 1},
    {0x24DD, 979, 1},
    {0x24DE, 980, 1},
    {0x24DF, 981, 1},
    {0x24E0, 982, 1},
    {0x24E1, 983, 1},
    {0x24E2, 984, 1},
    {0x24E3, 985, 1},
    {0x24E4, 986, 1},
    {0x24E5, 987, 1},
    {0x24E6, 988, 1},
    {0x24E7, 989, 1},
    {0x24E8, 990, 1},
    {0x24E9, 991, 1},
    {0x2C30, 992, 1},
    {0x2C31, 993, 1},
    {0x2C32, 994, 1},
    {0x2C33, 995, 1},
    {0x2C34, 996, 1},
    {0x2C35, 997, 1},
    {0x2C36, 998, 1},
    {0x2C37, 999, 1},
    {0x2C38, 1000, 1},
    {0x2C39, 1001, 1},
    {0x2C3A, 1002, 1},
    {0x2C3B, 1003, 1},
    {0x2C3C, 1004, 1},
    {0x2C3D, 1005, 1},
    {0x2C3E, 1006, 1},
    {0x2C3F, 1007, 1},
    {0x2C40, 1008, 1},
    {0x2C41, 1009, 1},
    {0x2C42, 1010, 1},
    {0x2C43, 1011, 1},
    {0x2C44, 1012, 1},
    {0x2C45, 1013, 1},
    {0x2C46, 1014, 1},
    {0x2C47, 1015, 1},
    {0x2C48, 1016, 1},
    {0x2C49, 1017, 1},
    {0x2C4A, 1018, 1},
    {0x2C4B, 1019, 1},
    {0x2C4C, 1020, 1},
    {0x2C4D, 1021, 1},
    {0x2C4E, 1022, 1},
    {0x2C4F, 1023, 1},
    {0x2C50, 1024, 1},
    {0x2C51, 1025, 1},
    {0x2C52, 1026, 1},
    {0x2C53, 1027, 1},
    {0x2C54, 1028, 1},
    {0x2C55, 1029, 1},
    {0x2C56, 1030, 1},
    {0x2C57, 1031, 1},
    {0x2C58, 1032, 1},
    {0x2C59, 1033, 1},
    {0x2C5A, 1034, 1},
    {0x2C5B, 1035, 1},
    {0x2C5C, 1036, 1},
    {0x2C5D, 1037, 1},
    {0x2C5E, 1038, 1},
    {0x2C5F, 1039, 1},
    {0x2C61, 1040, 1},
    {0x2C65, 1041, 1},
    {0x2C66, 1042, 1},
    {0x2C68, 1043, 1},
    {0x2C6A, 1044, 1},
    {0x2C6C, 1045, 1},
    {0x2C73, 1046, 1},
    {0x2C76, 1047, 1},
    {0x2C81, 1048, 1},
    {0x2C83, 1049, 1},
    {0x2C85, 1050, 1},
    {0x2C87, 1051, 1},
    {0x2C89, 1052, 1},
    {0x2C8B, 1053, 1},
    {0x2C8D, 1054, 1},
    {0x2C8F, 1055, 1},
    {0x2C91, 1056, 1},
    {0x2C93, 1057, 1},
    {0x2C95, 1058, 1},
    {0x2C97, 1059, 1},
    {0x2C99, 1060, 1},
    {0x2C9B, 1061, 1},
    {0x2C9D, 1062, 1},
    {0x2C9F, 1063, 1},
    {0x2CA1, 1064, 1},
    {0x2CA3, 1065, 1},
    {0x2CA5, 1066, 1},
    {0x2CA7, 1067, 1},
    {0x2CA9, 1068, 1},
    {0x2CAB, 1069, 1},
    {0x2CAD, 1070, 1},
    {0x2CAF, 1071, 1},
    {0x2CB1, 1072, 1},
    {0x2CB3, 1073, 1},
    {0x2CB5, 1074, 1},
    {0x2CB7, 1075, 1},
    {0x2CB9, 1076, 1},
    {0x2CBB, 1077, 1},
    {0x2CBD, 1078, 1},
    {0x2CBF, 1079, 1},
    {0x2CC1, 1080, 1},
    {0x2CC3, 1081, 1},
    {0x2CC5, 1082, 1},
    {0x2CC7, 1083, 1},
    {0x2CC9, 1084, 1},
    {0x2CCB, 1085, 1},
    {0x2CCD, 1086, 1},
    {0x2CCF, 1087, 1},
    {0x2CD1, 1088, 1},
    {0x2CD3, 1089, 1},
    {0x2CD5, 1090, 1},
    {0x2CD7, 1091, 1},
    {0x2CD9, 1092, 1},
    {0x2CDB, 1093, 1},
    {0x2CDD, 1094, 1},
    {0x2CDF, 1095, 1},
    {0x2CE1, 1096, 1},
    {0x2CE3, 1097, 1},
    {0x2CEC, 1098, 1},
    {0x2CEE, 1099, 1},
    {0x2CF3, 1100, 1},
    {0x2D00, 1101, 1},
    {0x2D01, 1102, 1},
    {0x2D02, 1103, 1},
    {0x2D03, 1104, 1},
    {0x2D04, 1105, 1},
    {0x2D05, 1106, 1},
    {0x2D06, 1107, 1},
    {0x2D07, 1108, 1},
    {0x2D08, 1109, 1},
    {0x2D09, 1110, 1},
    {0x2D0A, 1111, 1},
    {0x2D0B, 1112, 1},
    {0x2D0C, 1113, 1},
    {0x2D0D, 1114, 1},
    {0x2D0E, 1115, 1},
    {0x2D0F, 1116, 1},
    {0x2D10, 1117, 1},
    {0x2D11, 1118, 1},
    {0x2D12, 1119, 1},
    {0x2D13, 1120, 1},
    {0x2D14, 1121, 1},
    {0x2D15, 1122, 1},
    {0x2D16, 1123, 1},
    {0x2D17, 1124, 1},
    {0x2D18, 1125, 1},
    {0x2D19, 1126, 1},
    {0x2D1A, 1127, 1},
    {0x2D1B, 1128, 1},
    {0x2D1C, 1129, 1},
    {0x2D1D, 1130, 1},
    {0x2D1E, 1131, 1},
    {0x2D1F, 1132, 1},
    {0x2D20, 1133, 1},
    {0x2D21, 1134, 1},
    {0x2D22, 1135, 1},
    {0x2D23, 1136, 1},
    {0x2D24, 1137, 1},
    {0x2D25, 1138, 1},
    {0x2D27, 1139, 1},
    {0x2D2D, 1140, 1},
    {0xA641, 1141, 1},
    {0xA643, 1142, 1},
    {0xA645, 1143, 1},
    {0xA647, 1144, 1},
    {0xA649, 1145, 1},
    {0xA64B, 1146, 1},
    {0xA64D, 1147, 1},
    {0xA64F, 1148, 1},
    {0xA651, 1149, 1},
    {0xA653, 1150, 1},
    {0xA655, 1151, 1},
    {0xA657, 1152, 1},
    {0xA659, 1153, 1},
    {0xA65B, 1154, 1},
    {0xA65D, 1155, 1},
    {0xA65F, 1156, 1},
    {0xA661, 1157, 1},
    {0xA663, 1158, 1},
    {0xA665, 1159, 1},
    {0xA667, 1160, 1},
    {0xA669, 1161, 1},
    {0xA66B, 1162, 1},
    {0xA66D, 1163, 1},
    {0xA681, 1164, 1},
    {0xA683, 1165, 1},
    {0xA685, 1166, 1},
    {0xA687, 1167, 1},
    {0xA689, 1168, 1},
    {0xA68B, 1169, 1},
    {0xA68D, 1170, 1},
    {0xA68F, 1171, 1},
    {0xA691, 1172, 1},
    {0xA693, 1173, 1},
    {0xA695, 1174, 1},
    {0xA697, 1175, 1},
    {0xA699, 1176, 1},
    {0xA69B, 1177, 1},
    {0xA723, 1178, 1},
    {0xA725, 1179, 1},
    {0xA727, 1180, 1},
    {0xA729, 1181, 1},
    {0xA72B, 1182, 1},
    {0xA72D, 1183, 1},
    {0xA72F, 1184, 1},
    {0xA733, 1185, 1},
    {0xA735, 1186, 1},
    {0xA737, 1187, 1},
    {0xA739, 1188, 1},
    {0xA73B, 1189, 1},
    {0xA73D, 1190, 1},
    {0xA73F, 1191, 1},
    {0xA741, 1192, 1},
    {0xA743, 1193, 1},
    {0xA745, 1194, 1},
    {0xA747, 1195, 1},
    {0xA749, 1196, 1},
    {0xA74B, 1197, 1},
    {0xA74D, 1198, 1},
    {0xA74F, 1199, 1},
    {0xA751, 1200, 1},
    {0xA753, 1201, 1},
    {0xA755, 1202, 1},
    {0xA757, 1203, 1},
    {0xA759, 1204, 1},
    {0xA75B, 1205, 1},
    {0xA75D, 1206, 1},
    {0xA75F, 1207, 1},
    {0xA761, 1208, 1},
    {0xA763, 1209, 1},
    {0xA765, 1210, 1},
    {0xA767, 1211, 1},
    {0xA769, 1212, 1},
    {0xA76B, 1213, 1},
    {0xA76D, 1214, 1},
    {0xA76F, 1215, 1},
    {0xA77A, 1216, 1},
    {0xA77C, 1217, 1},
    {0xA77F, 1218, 1},
    {0xA781, 1219, 1},
    {0xA783, 1220, 1},
    {0xA785, 1221, 1},
    {0xA787, 1222, 1},
    {0xA78C, 1223, 1},
    {0xA791, 1224, 1},
    {0xA793, 1225, 1},
    {0xA794, 1226, 1},
    {0xA797, 1227, 1},
    {0xA799, 1228, 1},
    {0xA79B, 1229, 1},
    {0xA79D, 1230, 1},
    {0xA79F, 1231, 1},
    {0xA7A1, 1232, 1},
    {0xA7A3, 1233, 1},
    {0xA7A5, 1234, 1},
    {0xA7A7, 1235, 1},
    {0xA7A9, 1236, 1},
    {0xA7B5, 1237, 1},
    {0xA7B7, 1238, 1},
    {0xA7B9, 1239, 1},
    {0xA7BB, 1240, 1},
    {0xA7BD, 1241, 1},
    {0xA7BF, 1242, 1},
    {0xA7C1, 1243, 1},
    {0xA7C3, 1244, 1},
    {0xA7C8, 1245, 1},
    {0xA7CA, 1246, 1},
    {0xA7D1, 1247, 1},
    {0xA7D7, 1248, 1},
    {0xA7D9, 1249, 1},
    {0xA7F6, 1250, 1},
    {0xAB53, 1251, 1},
    {0xAB70, 1252, 1},
    {0xAB71, 1253, 1},
    {0xAB72, 1254, 1},
    {0xAB73, 1255, 1},
    {0xAB74, 1256, 1},
    {0xAB75, 1257, 1},
    {0xAB76, 1258, 1},
    {0xAB77, 1259, 1},
    {0xAB78, 1260, 1},
    {0xAB79, 1261, 1},
    {0xAB7A, 1262, 1},
    {0xAB7B, 1263, 1},
    {0xAB7C, 1264, 1},
    {0xAB7D, 1265, 1},
    {0xAB7E, 1266, 1},
    {0xAB7F, 1267, 1},
    {0xAB80, 1268, 1},
    {0xAB81, 1269, 1},
    {0xAB82, 1270, 1},
    {0xAB83, 1271, 1},
    {0xAB84, 1272, 1},
    {0xAB85, 1273, 1},
    {0xAB86, 1274, 1},
    {0xAB87, 1275, 1},
    {0xAB88, 1276, 1},
    {0xAB89, 1277, 1},
    {0xAB8A, 1278, 1},
    {0xAB8B, 1279, 1},
    {0xAB8C, 1280, 1},
    {0xAB8D, 1281, 1},
    {0xAB8E, 1282, 1},
    {0xAB8F, 1283, 1},
    {0xAB90, 1284, 1},
    {0xAB91, 1285, 1},
    {0xAB92, 1286, 1},
    {0xAB93, 1287, 1},
    {0xAB94, 1288, 1},
    {0xAB95, 1289, 1},
    {0xAB96, 1290, 1},
    {0xAB97, 1291, 1},
    {0xAB98, 1292, 1},
    {0xAB99, 1293, 1},
    {0xAB9A, 1294, 1},
    {0xAB9B, 1295, 1},
    {0xAB9C, 1296, 1},
    {0xAB9D, 1297, 1},
    {0xAB9E, 1298, 1},
    {0xAB9F, 1299, 1},
    {0xABA0, 1300, 1},
    {0xABA1, 1301, 1},
    {0xABA2, 1302, 1},
    {0xABA3, 1303, 1},
    {0xABA4, 1304, 1},
    {0xABA5, 1305, 1},
    {0xABA6, 1306, 1},
    {0xABA7, 1307, 1},
    {0xABA8, 1308, 1},
    {0xABA9, 1309, 1},
    {0xABAA, 1310, 1},
    {0xABAB, 1311, 1},
    {0xABAC, 1312, 1},
    {0xABAD, 1313, 1},
    {0xABAE, 1314, 1},
    {0xABAF, 1315, 1},
    {0xABB0, 1316, 1},
    {0xABB1, 1317, 1},
    {0xABB2, 1318, 1},
    {0xABB3, 1319, 1},
    {0xABB4, 1320, 1},
    {0xABB5, 1321, 1},
    {0xABB6, 1322, 1},
    {0xABB7, 1323, 1},
    {0xABB8, 1324, 1},
    {0xABB9, 1325, 1},
    {0xABBA, 1326, 1},
    {0xABBB, 1327, 1},
    {0xABBC, 1328, 1},
    {0xABBD, 1329, 1},
    {0xABBE, 1330, 1},
    {0xABBF, 1331, 1},
    {0xFB00, 1332, 2},
    {0xFB01, 1334, 2},
    {0xFB02, 1336, 2},
    {0xFB03, 1338, 3},
    {0xFB04, 1341, 3},
    {0xFB05, 1344, 2},
    {0xFB06, 1346, 2},
    {0xFB13, 1348, 2},
    {0xFB14, 1350, 2},
    {0xFB15, 1352, 2},
    {0xFB16, 1354, 2},
    {0xFB17, 1356, 2},
    {0xFF41, 1358, 1},
    {0xFF42, 1359, 1},
    {0xFF43, 1360, 1},
    {0xFF44, 1361, 1},
    {0xFF45, 1362, 1},
    {0xFF46, 1363, 1},
    {0xFF47, 1364, 1},
    {0xFF48, 1365, 1},
    {0xFF49, 1366, 1},
    {0xFF4A, 1367, 1},
    {0xFF4B, 1368, 1},
    {0xFF4C, 1369, 1},
    {0xFF4D, 1370, 1},
    {0xFF4E, 1371, 1},
    {0xFF4F, 1372, 1},
    {0xFF50, 1373, 1},
    {0xFF51, 1374, 1},
    {0xFF52, 1375, 1},
    {0xFF53, 1376, 1},
    {0xFF54, 1377, 1},
    {0xFF55, 1378, 1},
    {0xFF56, 1379, 1},
    {0xFF57, 1380, 1},
    {0xFF58, 1381, 1},
    {0xFF59, 1382, 1},
    {0xFF5A, 1383, 1},
    {0x10428, 1384, 1},
    {0x10429, 1385, 1},
    {0x1042A, 1386, 1},
    {0x1042B, 1387, 1},
    {0x1042C, 1388, 1},
    {0x1042D, 1389, 1},
    {0x1042E, 1390, 1},
    {0x1042F, 1391, 1},
    {0x10430, 1392, 1},
    {0x10431, 1393, 1},
    {0x10432, 1394, 1},
    {0x10433, 1395, 1},
    {0x10434, 1396, 1},
    {0x10435, 1397, 1},
    {0x10436, 1398, 1},
    {0x10437, 1399, 1},
    {0x10438, 1400, 1},
    {0x10439, 1401, 1},
    {0x1043A, 1402, 1},
    {0x1043B, 1403, 1},
    {0x1043C, 1404, 1},
    {0x1043D, 1405, 1},
    {0x1043E, 1406, 1},
    {0x1043F, 1407, 1},
    {0x10440, 1408, 1},
    {0x10441, 1409, 1},
    {0x10442, 1410, 1},
    {0x10443, 1411, 1},
    {0x10444, 1412, 1},
    {0x10445, 1413, 1},
    {0x10446, 1414, 1},
    {0x10447, 1415, 1},
    {0x10448, 1416, 1},
    {0x10449, 1417, 1},
    {0x1044A, 1418, 1},
    {0x1044B, 1419, 1},
    {0x1044C, 1420, 1},
    {0x1044D, 1421, 1},
    {0x1044E, 1422, 1},
    {0x1044F, 1423, 1},
    {0x104D8, 1424, 1},
    {0x104D9, 1425, 1},
    {0x104DA, 1426, 1},
    {0x104DB, 1427, 1},
    {0x104DC, 1428, 1},
    {0x104DD, 1429, 1},
    {0x104DE, 1430, 1},
    {0x104DF, 1431, 1},
    {0x104E0, 1432, 1},
    {0x104E1, 1433, 1},
    {0x104E2, 1434, 1},
    {0x104E3, 1435, 1},
    {0x104E4, 1436, 1},
    {0x104E5, 1437, 1},
    {0x104E6, 1438, 1},
    {0x104E7, 1439, 1},
    {0x104E8, 1440, 1},
    {0x104E9, 1441, 1},
    {0x104EA, 1442, 1},
    {0x104EB, 1443, 1},
    {0x104EC, 1444, 1},
    {0x104ED, 1445, 1},
    {0x104EE, 1446, 1},
    {0x104EF, 1447, 1},
    {0x104F0, 1448, 1},
    {0x104F1, 1449, 1},
    {0x104F2, 1450, 1},
    {0x104F3, 1451, 1},
    {0x104F4, 1452, 1},
    {0x104F5, 1453, 1},
    {0x104F6, 1454, 1},
    {0x104F7, 1455, 1},
    {0x104F8, 1456, 1},
    {0x104F9, 1457, 1},
    {0x104FA, 1458, 1},
    {0x104FB, 1459, 1},
    {0x10597, 1460, 1},
    {0x10598, 1461, 1},
    {0x10599, 1462, 1},
    {0x1059A, 1463, 1},
    {0x1059B, 1464, 1},
    {0x1059C, 1465, 1},
    {0x1059D, 1466, 1},
    {0x1059E, 1467, 1},
    {0x1059F, 1468, 1},
    {0x105A0, 1469, 1},
    {0x105A1, 1470, 1},
    {0x105A3, 1471, 1},
    {0x105A4, 1472, 1},
    {0x105A5, 1473, 1},
    {0x105A6, 1474, 1},
    {0x105A7, 1475, 1},
    {0x105A8, 1476, 1},
    {0x105A9, 1477, 1},
    {0x105AA, 1478, 1},
    {0x105AB, 1479, 1},
    {0x105AC, 1480, 1},
    {0x105AD, 1481, 1},
    {0x105AE, 1482, 1},
    {0x105AF, 1483, 1},
    {0x105B0, 1484, 1},
    {0x105B1, 1485, 1},
    {0x105B3, 1486, 1},
    {0x105B4, 1487, 1},
    {0x105B5, 1488, 1},
    {0x105B6, 1489, 1},
    {0x105B7, 1490, 1},
    {0x105B8, 1491, 1},
    {0x105B9, 1492, 1},
    {0x105BB, 1493, 1},
    {0x105BC, 1494, 1},
    {0x10CC0, 1495, 1},
    {0x10CC1, 1496, 1},
    {0x10CC2, 1497, 1},
    {0x10CC3, 1498, 1},
    {0x10CC4, 1499, 1},
    {0x10CC5, 1500, 1},
    {0x10CC6, 1501, 1},
    {0x10CC7, 1502, 1},
    {0x10CC8, 1503, 1},
    {0x10CC9, 1504, 1},
    {0x10CCA, 1505, 1},
    {0x10CCB, 1506, 1},
    {0x10CCC, 1507, 1},
    {0x10CCD, 1508, 1},
    {0x10CCE, 1509, 1},
    {0x10CCF, 1510, 1},
    {0x10CD0, 1511, 1},
    {0x10CD1, 1512, 1},
    {0x10CD2, 1513, 1},
    {0x10CD3, 1514, 1},
    {0x10CD4, 1515, 1},
    {0x10CD5, 1516, 1},
    {0x10CD6, 1517, 1},
    {0x10CD7, 1518, 1},
    {0x10CD8, 1519, 1},
    {0x10CD9, 1520, 1},
    {0x10CDA, 1521, 1},
    {0x10CDB, 1522, 1},
    {0x10CDC, 1523, 1},
    {0x10CDD, 1524, 1},
    {0x10CDE, 1525, 1},
    {0x10CDF, 1526, 1},
    {0x10CE0, 1527, 1},
    {0x10CE1, 1528, 1},
    {0x10CE2, 1529, 1},
    {0x10CE3, 1530, 1},
    {0x10CE4, 1531, 1},
    {0x10CE5, 1532, 1},
    {0x10CE6, 1533, 1},
    {0x10CE7, 1534, 1},
    {0x10CE8, 1535, 1},
    {0x10CE9, 1536, 1},
    {0x10CEA, 1537, 1},
    {0x10CEB, 1538, 1},
    {0x10CEC, 1539, 1},
    {0x10CED, 1540, 1},
    {0x10CEE, 1541, 1},
    {0x10CEF, 1542, 1},
    {0x10CF0, 1543, 1},
    {0x10CF1, 1544, 1},
    {0x10CF2, 1545, 1},
    {0x118C0, 1546, 1},
    {0x118C1, 1547, 1},
    {0x118C2, 1548, 1},
    {0x118C3, 1549, 1},
    {0x118C4, 1550, 1},
    {0x118C5, 1551, 1},
    {0x118C6, 1552, 1},
    {0x118C7, 1553, 1},
    {0x118C8, 1554, 1},
    {0x118C9, 1555, 1},
    {0x118CA, 1556, 1},
    {0x118CB, 1557, 1},
    {0x118CC, 1558, 1},
    {0x118CD, 1559, 1},
    {0x118CE, 1560, 1},
    {0x118CF, 1561, 1},
    {0x118D0, 1562, 1},
    {0x118D1, 1563, 1},
    {0x118D2, 1564, 1},
    {0x118D3, 1565, 1},
    {0x118D4, 1566, 1},
    {0x118D5, 1567, 1},
    {0x118D6, 1568, 1},
    {0x118D7, 1569, 1},
    {0x118D8, 1570, 1},
    {0x118D9, 1571, 1},
    {0x118DA, 1572, 1},
    {0x118DB, 1573, 1},
    {0x118DC, 1574, 1},
    {0x118DD, 1575, 1},
    {0x118DE, 1576, 1},
    {0x118DF, 1577, 1},
    {0x16E60, 1578, 1},
    {0x16E61, 1579, 1},
    {0x16E62, 1580, 1},
    {0x16E63, 1581, 1},
    {0x16E64, 1582, 1},
    {0x16E65, 1583, 1},
    {0x16E66, 1584, 1},
    {0x16E67, 1585, 1},
    {0x16E68, 1586, 1},
    {0x16E69, 1587, 1},
    {0x16E6A, 1588, 1},
    {0x16E6B, 1589, 1},
    {0x16E6C, 1590, 1},
    {0x16E6D, 1591, 1},
    {0x16E6E, 1592, 1},
    {0x16E6F, 1593, 1},
    {0x16E70, 1594, 1},
    {0x16E71, 1595, 1},
    {0x16E72, 1596, 1},
    {0x16E73, 1597, 1},
    {0x16E74, 1598, 1},
    {0x16E75, 1599, 1},
    {0x16E76, 1600, 1},
    {0x16E77, 1601, 1},
    {0x16E78, 1602, 1},
    {0x16E79, 1603, 1},
    {0x16E7A, 1604, 1},
    {0x16E7B, 1605, 1},
    {0x16E7C, 1606, 1},
    {0x16E7D, 1607, 1},
    {0x16E7E, 1608, 1},
    {0x16E7F, 1609, 1},
    {0x1E922, 1610, 1},
    {0x1E923, 1611, 1},
    {0x1E924, 1612, 1},
    {0x1E925, 1613, 1},
    {0x1E926, 1614, 1},
    {0x1E927, 1615, 1},
    {0x1E928, 1616, 1},
    {0x1E929, 1617, 1},
    {0x1E92A, 1618, 1},
    {0x1E92B, 1619, 1},
    {0x1E92C, 1620, 1},
    {0x1E92D, 1621, 1},
    {0x1E92E, 1622, 1},
    {0x1E92F, 1623, 1},
    {0x1E930, 1624, 1},
    {0x1E931, 1625, 1},
    {0x1E932, 1626, 1},
    {0x1E933, 1627, 1},
    {0x1E934, 1628, 1},
    {0x1E935, 1629, 1},
    {0x1E936, 1630, 1},
    {0x1E937, 1631, 1},
    {0x1E938, 1632, 1},
    {0x1E939, 1633, 1},
    {0x1E93A, 1634, 1},
    {0x1E93B, 1635, 1},
    {0x1E93C, 1636, 1},
    {0x1E93D, 1637, 1},
    {0x1E93E, 1638, 1},
    {0x1E93F, 1639, 1},
    {0x1E940, 1640, 1},
    {0x1E941, 1641, 1},
    {0x1E942, 1642, 1},
    {0x1E943, 1643, 1},
};

#endif
